2026-05-24 15:36:35,066 [background-preinit] INFO  o.h.validator.internal.util.Version                - HV000001: Hibernate Validator 8.0.2.Final
2026-05-24 15:36:35,100 [main] INFO  c.e.s.java.server.JavaServerApplication            - Starting JavaServerApplication using Java 21.0.10 with PID 29896 (E:\Programming\project\teamX-student-management\java-server\target\classes started by hp in E:\Programming\project\teamX-student-management\java-server)
2026-05-24 15:36:35,101 [main] INFO  c.e.s.java.server.JavaServerApplication            - No active profile set, falling back to 1 default profile: "default"
2026-05-24 15:36:35,592 [main] INFO  o.s.d.r.c.RepositoryConfigurationDelegate          - Multiple Spring Data modules found, entering strict repository configuration mode
2026-05-24 15:36:35,592 [main] INFO  o.s.d.r.c.RepositoryConfigurationDelegate          - Bootstrapping Spring Data JPA repositories in DEFAULT mode.
2026-05-24 15:36:35,708 [main] INFO  o.s.d.r.c.RepositoryConfigurationDelegate          - Finished Spring Data repository scanning in 110 ms. Found 18 JPA repository interfaces.
2026-05-24 15:36:35,723 [main] INFO  o.s.d.r.c.RepositoryConfigurationDelegate          - Multiple Spring Data modules found, entering strict repository configuration mode
2026-05-24 15:36:35,724 [main] INFO  o.s.d.r.c.RepositoryConfigurationDelegate          - Bootstrapping Spring Data Redis repositories in DEFAULT mode.
2026-05-24 15:36:35,735 [main] INFO  o.s.d.r.c.RepositoryConfigurationExtensionSupport  - Spring Data Redis - Could not safely identify store assignment for repository candidate interface cn.edu.sdu.java.server.repositorys.CourseRepository; If you want this repository to be a Redis repository, consider annotating your entities with one of these annotations: org.springframework.data.redis.core.RedisHash (preferred), or consider extending one of the following types with your repository: org.springframework.data.keyvalue.repository.KeyValueRepository
2026-05-24 15:36:35,735 [main] INFO  o.s.d.r.c.RepositoryConfigurationExtensionSupport  - Spring Data Redis - Could not safely identify store assignment for repository candidate interface cn.edu.sdu.java.server.repositorys.DictionaryInfoRepository; If you want this repository to be a Redis repository, consider annotating your entities with one of these annotations: org.springframework.data.redis.core.RedisHash (preferred), or consider extending one of the following types with your repository: org.springframework.data.keyvalue.repository.KeyValueRepository
2026-05-24 15:36:35,735 [main] INFO  o.s.d.r.c.RepositoryConfigurationExtensionSupport  - Spring Data Redis - Could not safely identify store assignment for repository candidate interface cn.edu.sdu.java.server.repositorys.FamilyMemberRepository; If you want this repository to be a Redis repository, consider annotating your entities with one of these annotations: org.springframework.data.redis.core.RedisHash (preferred), or consider extending one of the following types with your repository: org.springframework.data.keyvalue.repository.KeyValueRepository
2026-05-24 15:36:35,735 [main] INFO  o.s.d.r.c.RepositoryConfigurationExtensionSupport  - Spring Data Redis - Could not safely identify store assignment for repository candidate interface cn.edu.sdu.java.server.repositorys.FeeRepository; If you want this repository to be a Redis repository, consider annotating your entities with one of these annotations: org.springframework.data.redis.core.RedisHash (preferred), or consider extending one of the following types with your repository: org.springframework.data.keyvalue.repository.KeyValueRepository
2026-05-24 15:36:35,735 [main] INFO  o.s.d.r.c.RepositoryConfigurationExtensionSupport  - Spring Data Redis - Could not safely identify store assignment for repository candidate interface cn.edu.sdu.java.server.repositorys.HomeworkRepository; If you want this repository to be a Redis repository, consider annotating your entities with one of these annotations: org.springframework.data.redis.core.RedisHash (preferred), or consider extending one of the following types with your repository: org.springframework.data.keyvalue.repository.KeyValueRepository
2026-05-24 15:36:35,735 [main] INFO  o.s.d.r.c.RepositoryConfigurationExtensionSupport  - Spring Data Redis - Could not safely identify store assignment for repository candidate interface cn.edu.sdu.java.server.repositorys.MenuInfoRepository; If you want this repository to be a Redis repository, consider annotating your entities with one of these annotations: org.springframework.data.redis.core.RedisHash (preferred), or consider extending one of the following types with your repository: org.springframework.data.keyvalue.repository.KeyValueRepository
2026-05-24 15:36:35,735 [main] INFO  o.s.d.r.c.RepositoryConfigurationExtensionSupport  - Spring Data Redis - Could not safely identify store assignment for repository candidate interface cn.edu.sdu.java.server.repositorys.ModifyLogRepository; If you want this repository to be a Redis repository, consider annotating your entities with one of these annotations: org.springframework.data.redis.core.RedisHash (preferred), or consider extending one of the following types with your repository: org.springframework.data.keyvalue.repository.KeyValueRepository
2026-05-24 15:36:35,736 [main] INFO  o.s.d.r.c.RepositoryConfigurationExtensionSupport  - Spring Data Redis - Could not safely identify store assignment for repository candidate interface cn.edu.sdu.java.server.repositorys.PersonRepository; If you want this repository to be a Redis repository, consider annotating your entities with one of these annotations: org.springframework.data.redis.core.RedisHash (preferred), or consider extending one of the following types with your repository: org.springframework.data.keyvalue.repository.KeyValueRepository
2026-05-24 15:36:35,736 [main] INFO  o.s.d.r.c.RepositoryConfigurationExtensionSupport  - Spring Data Redis - Could not safely identify store assignment for repository candidate interface cn.edu.sdu.java.server.repositorys.ScoreRepository; If you want this repository to be a Redis repository, consider annotating your entities with one of these annotations: org.springframework.data.redis.core.RedisHash (preferred), or consider extending one of the following types with your repository: org.springframework.data.keyvalue.repository.KeyValueRepository
2026-05-24 15:36:35,736 [main] INFO  o.s.d.r.c.RepositoryConfigurationExtensionSupport  - Spring Data Redis - Could not safely identify store assignment for repository candidate interface cn.edu.sdu.java.server.repositorys.StatisticsDayRepository; If you want this repository to be a Redis repository, consider annotating your entities with one of these annotations: org.springframework.data.redis.core.RedisHash (preferred), or consider extending one of the following types with your repository: org.springframework.data.keyvalue.repository.KeyValueRepository
2026-05-24 15:36:35,736 [main] INFO  o.s.d.r.c.RepositoryConfigurationExtensionSupport  - Spring Data Redis - Could not safely identify store assignment for repository candidate interface cn.edu.sdu.java.server.repositorys.StudentCourseRepository; If you want this repository to be a Redis repository, consider annotating your entities with one of these annotations: org.springframework.data.redis.core.RedisHash (preferred), or consider extending one of the following types with your repository: org.springframework.data.keyvalue.repository.KeyValueRepository
2026-05-24 15:36:35,736 [main] INFO  o.s.d.r.c.RepositoryConfigurationExtensionSupport  - Spring Data Redis - Could not safely identify store assignment for repository candidate interface cn.edu.sdu.java.server.repositorys.StudentLeaveRepository; If you want this repository to be a Redis repository, consider annotating your entities with one of these annotations: org.springframework.data.redis.core.RedisHash (preferred), or consider extending one of the following types with your repository: org.springframework.data.keyvalue.repository.KeyValueRepository
2026-05-24 15:36:35,736 [main] INFO  o.s.d.r.c.RepositoryConfigurationExtensionSupport  - Spring Data Redis - Could not safely identify store assignment for repository candidate interface cn.edu.sdu.java.server.repositorys.StudentRepository; If you want this repository to be a Redis repository, consider annotating your entities with one of these annotations: org.springframework.data.redis.core.RedisHash (preferred), or consider extending one of the following types with your repository: org.springframework.data.keyvalue.repository.KeyValueRepository
2026-05-24 15:36:35,737 [main] INFO  o.s.d.r.c.RepositoryConfigurationExtensionSupport  - Spring Data Redis - Could not safely identify store assignment for repository candidate interface cn.edu.sdu.java.server.repositorys.StudentStatisticsRepository; If you want this repository to be a Redis repository, consider annotating your entities with one of these annotations: org.springframework.data.redis.core.RedisHash (preferred), or consider extending one of the following types with your repository: org.springframework.data.keyvalue.repository.KeyValueRepository
2026-05-24 15:36:35,737 [main] INFO  o.s.d.r.c.RepositoryConfigurationExtensionSupport  - Spring Data Redis - Could not safely identify store assignment for repository candidate interface cn.edu.sdu.java.server.repositorys.SystemInfoRepository; If you want this repository to be a Redis repository, consider annotating your entities with one of these annotations: org.springframework.data.redis.core.RedisHash (preferred), or consider extending one of the following types with your repository: org.springframework.data.keyvalue.repository.KeyValueRepository
2026-05-24 15:36:35,737 [main] INFO  o.s.d.r.c.RepositoryConfigurationExtensionSupport  - Spring Data Redis - Could not safely identify store assignment for repository candidate interface cn.edu.sdu.java.server.repositorys.TeacherRepository; If you want this repository to be a Redis repository, consider annotating your entities with one of these annotations: org.springframework.data.redis.core.RedisHash (preferred), or consider extending one of the following types with your repository: org.springframework.data.keyvalue.repository.KeyValueRepository
2026-05-24 15:36:35,737 [main] INFO  o.s.d.r.c.RepositoryConfigurationExtensionSupport  - Spring Data Redis - Could not safely identify store assignment for repository candidate interface cn.edu.sdu.java.server.repositorys.UserRepository; If you want this repository to be a Redis repository, consider annotating your entities with one of these annotations: org.springframework.data.redis.core.RedisHash (preferred), or consider extending one of the following types with your repository: org.springframework.data.keyvalue.repository.KeyValueRepository
2026-05-24 15:36:35,737 [main] INFO  o.s.d.r.c.RepositoryConfigurationExtensionSupport  - Spring Data Redis - Could not safely identify store assignment for repository candidate interface cn.edu.sdu.java.server.repositorys.UserTypeRepository; If you want this repository to be a Redis repository, consider annotating your entities with one of these annotations: org.springframework.data.redis.core.RedisHash (preferred), or consider extending one of the following types with your repository: org.springframework.data.keyvalue.repository.KeyValueRepository
2026-05-24 15:36:35,737 [main] INFO  o.s.d.r.c.RepositoryConfigurationDelegate          - Finished Spring Data repository scanning in 6 ms. Found 0 Redis repository interfaces.
2026-05-24 15:36:36,094 [main] INFO  o.s.b.w.embedded.tomcat.TomcatWebServer            - Tomcat initialized with port 22224 (http)
2026-05-24 15:36:36,102 [main] INFO  o.apache.coyote.http11.Http11NioProtocol           - Initializing ProtocolHandler ["http-nio-22224"]
2026-05-24 15:36:36,103 [main] INFO  o.apache.catalina.core.StandardService             - Starting service [Tomcat]
2026-05-24 15:36:36,103 [main] INFO  org.apache.catalina.core.StandardEngine            - Starting Servlet engine: [Apache Tomcat/10.1.34]
2026-05-24 15:36:36,138 [main] INFO  o.a.c.c.C.[Tomcat].[localhost].[/]                 - Initializing Spring embedded WebApplicationContext
2026-05-24 15:36:36,138 [main] INFO  o.s.b.w.s.c.ServletWebServerApplicationContext     - Root WebApplicationContext: initialization completed in 1012 ms
2026-05-24 15:36:36,192 [main] INFO  com.zaxxer.hikari.HikariDataSource                 - HikariPool-1 - Starting...
2026-05-24 15:36:40,847 [main] INFO  com.zaxxer.hikari.pool.HikariPool                  - HikariPool-1 - Added connection com.mysql.cj.jdbc.ConnectionImpl@4d20616a
2026-05-24 15:36:40,848 [main] INFO  com.zaxxer.hikari.HikariDataSource                 - HikariPool-1 - Start completed.
2026-05-24 15:36:40,886 [main] INFO  o.hibernate.jpa.internal.util.LogHelper            - HHH000204: Processing PersistenceUnitInfo [name: default]
2026-05-24 15:36:40,952 [main] INFO  org.hibernate.Version                              - HHH000412: Hibernate ORM core version 6.6.5.Final
2026-05-24 15:36:40,976 [main] INFO  o.h.c.internal.RegionFactoryInitiator              - HHH000026: Second-level cache disabled
2026-05-24 15:36:41,161 [main] INFO  o.s.o.j.p.SpringPersistenceUnitInfo                - No LoadTimeWeaver setup: ignoring JPA class transformer
2026-05-24 15:36:41,298 [main] INFO  org.hibernate.orm.connections.pooling              - HHH10001005: Database info:
	Database JDBC URL [Connecting through datasource 'HikariDataSource (HikariPool-1)']
	Database driver: undefined/unknown
	Database version: 8.0.35
	Autocommit mode: undefined/unknown
	Isolation level: undefined/unknown
	Minimum pool size: undefined/unknown
	Maximum pool size: undefined/unknown
2026-05-24 15:36:42,138 [main] INFO  o.h.e.t.j.p.i.JtaPlatformInitiator                 - HHH000489: No JTA platform available (set 'hibernate.transaction.jta.platform' to enable JTA platform integration)
2026-05-24 15:36:42,141 [main] INFO  o.s.o.j.LocalContainerEntityManagerFactoryBean     - Initialized JPA EntityManagerFactory for persistence unit 'default'
2026-05-24 15:36:42,435 [main] INFO  o.s.d.j.r.query.QueryEnhancerFactory               - Hibernate is in classpath; If applicable, HQL parser will be used.
2026-05-24 15:36:42,996 [main] WARN  o.s.b.a.o.j.JpaBaseConfiguration$JpaWebConfiguration - spring.jpa.open-in-view is enabled by default. Therefore, database queries may be performed during view rendering. Explicitly configure spring.jpa.open-in-view to disable this warning
2026-05-24 15:36:43,291 [main] INFO  o.s.s.c.a.a.c.InitializeAuthenticationProviderBeanManagerConfigurer$InitializeAuthenticationProviderManagerConfigurer - Global AuthenticationManager configured with AuthenticationProvider bean with name authenticationProvider
2026-05-24 15:36:43,291 [main] WARN  o.s.s.c.a.a.c.InitializeUserDetailsBeanManagerConfigurer$InitializeUserDetailsManagerConfigurer - Global AuthenticationManager configured with an AuthenticationProvider bean. UserDetailsService beans will not be used by Spring Security for automatically configuring username/password login. Consider removing the AuthenticationProvider bean. Alternatively, consider using the UserDetailsService in a manually instantiated DaoAuthenticationProvider. If the current configuration is intentional, to turn off this warning, increase the logging level of 'org.springframework.security.config.annotation.authentication.configuration.InitializeUserDetailsBeanManagerConfigurer' to ERROR
2026-05-24 15:36:43,807 [main] INFO  o.s.b.a.w.s.WelcomePageHandlerMapping              - Adding welcome page: class path resource [public/index.html]
2026-05-24 15:36:44,348 [main] INFO  o.apache.coyote.http11.Http11NioProtocol           - Starting ProtocolHandler ["http-nio-22224"]
2026-05-24 15:36:44,359 [main] INFO  o.s.b.w.embedded.tomcat.TomcatWebServer            - Tomcat started on port 22224 (http) with context path '/'
2026-05-24 15:36:44,364 [main] INFO  c.e.s.java.server.JavaServerApplication            - Started JavaServerApplication in 9.629 seconds (process running for 10.155)
2026-05-24 15:36:44,365 [main] INFO  c.e.s.j.server.SystemApplicationListener           - org.springframework.boot.context.event.ApplicationReadyEvent[source=org.springframework.boot.SpringApplication@2a0d2f6e]
2026-05-24 15:36:44,365 [main] INFO  c.e.s.j.server.SystemApplicationListener           - SystemInitStart
2026-05-24 15:36:44,480 [main] INFO  c.e.s.j.server.SystemApplicationListener           - systemInitEnd
2026-05-24 15:36:51,154 [http-nio-22224-exec-3] INFO  o.a.c.c.C.[Tomcat].[localhost].[/]                 - Initializing Spring DispatcherServlet 'dispatcherServlet'
2026-05-24 15:36:51,155 [http-nio-22224-exec-3] INFO  o.s.web.servlet.DispatcherServlet                  - Initializing Servlet 'dispatcherServlet'
2026-05-24 15:36:51,155 [http-nio-22224-exec-3] INFO  o.s.web.servlet.DispatcherServlet                  - Completed initialization in 0 ms
2026-05-24 15:36:51,737 [http-nio-22224-exec-7] INFO  c.e.s.j.s.c.JwtAuthenticationFilter                - /api/base/getDataBaseUserName,2022030001,2026-05-24 15:36:51,0.049
2026-05-24 15:36:51,849 [http-nio-22224-exec-10] INFO  c.e.s.j.s.c.JwtAuthenticationFilter                - /api/base/getMenuList,2022030001,2026-05-24 15:36:51,0.107
2026-05-24 15:37:00,223 [http-nio-22224-exec-2] INFO  c.e.s.j.s.c.JwtAuthenticationFilter                - /api/homework/getCourseItemOptionList,2022030001,2026-05-24 15:37:00,0.062
2026-05-24 15:37:00,282 [http-nio-22224-exec-5] INFO  c.e.s.j.s.c.JwtAuthenticationFilter                - /api/homework/getHomeworkList,2022030001,2026-05-24 15:37:00,0.052
2026-05-24 15:37:25,872 [http-nio-22224-exec-7] INFO  c.e.s.j.s.c.JwtAuthenticationFilter                - /api/base/getDataBaseUserName,admin,2026-05-24 15:37:25,0.02
2026-05-24 15:37:25,988 [http-nio-22224-exec-10] INFO  c.e.s.j.s.c.JwtAuthenticationFilter                - /api/base/getMenuList,admin,2026-05-24 15:37:25,0.109
2026-05-24 15:37:32,033 [http-nio-22224-exec-2] INFO  c.e.s.j.s.c.JwtAuthenticationFilter                - /api/base/getMenuTreeNodeList,admin,2026-05-24 15:37:31,0.109
2026-05-24 15:41:42,668 [http-nio-22224-exec-9] INFO  c.e.s.j.s.c.JwtAuthenticationFilter                - /api/course/getCourseList,admin,2026-05-24 15:41:42,0.056
2026-05-24 16:04:26,633 [SpringApplicationShutdownHook] INFO  o.s.b.w.embedded.tomcat.GracefulShutdown           - Commencing graceful shutdown. Waiting for active requests to complete
2026-05-24 16:04:26,637 [tomcat-shutdown] INFO  o.s.b.w.embedded.tomcat.GracefulShutdown           - Graceful shutdown complete
2026-05-24 16:04:26,651 [SpringApplicationShutdownHook] INFO  o.s.o.j.LocalContainerEntityManagerFactoryBean     - Closing JPA EntityManagerFactory for persistence unit 'default'
2026-05-24 16:04:26,651 [SpringApplicationShutdownHook] INFO  com.zaxxer.hikari.HikariDataSource                 - HikariPool-1 - Shutdown initiated...
2026-05-24 16:04:26,656 [SpringApplicationShutdownHook] INFO  com.zaxxer.hikari.HikariDataSource                 - HikariPool-1 - Shutdown completed.
2026-05-24 22:41:13,361 [background-preinit] INFO  o.h.validator.internal.util.Version                - HV000001: Hibernate Validator 8.0.2.Final
2026-05-24 22:41:13,394 [main] INFO  c.e.s.java.server.JavaServerApplication            - Starting JavaServerApplication using Java 21.0.10 with PID 22712 (E:\Programming\project\teamX-student-management\java-server\target\classes started by hp in E:\Programming\project\teamX-student-management\java-server)
2026-05-24 22:41:13,394 [main] INFO  c.e.s.java.server.JavaServerApplication            - No active profile set, falling back to 1 default profile: "default"
2026-05-24 22:41:13,860 [main] INFO  o.s.d.r.c.RepositoryConfigurationDelegate          - Multiple Spring Data modules found, entering strict repository configuration mode
2026-05-24 22:41:13,860 [main] INFO  o.s.d.r.c.RepositoryConfigurationDelegate          - Bootstrapping Spring Data JPA repositories in DEFAULT mode.
2026-05-24 22:41:13,968 [main] INFO  o.s.d.r.c.RepositoryConfigurationDelegate          - Finished Spring Data repository scanning in 103 ms. Found 18 JPA repository interfaces.
2026-05-24 22:41:13,982 [main] INFO  o.s.d.r.c.RepositoryConfigurationDelegate          - Multiple Spring Data modules found, entering strict repository configuration mode
2026-05-24 22:41:13,983 [main] INFO  o.s.d.r.c.RepositoryConfigurationDelegate          - Bootstrapping Spring Data Redis repositories in DEFAULT mode.
2026-05-24 22:41:13,993 [main] INFO  o.s.d.r.c.RepositoryConfigurationExtensionSupport  - Spring Data Redis - Could not safely identify store assignment for repository candidate interface cn.edu.sdu.java.server.repositorys.CourseRepository; If you want this repository to be a Redis repository, consider annotating your entities with one of these annotations: org.springframework.data.redis.core.RedisHash (preferred), or consider extending one of the following types with your repository: org.springframework.data.keyvalue.repository.KeyValueRepository
2026-05-24 22:41:13,993 [main] INFO  o.s.d.r.c.RepositoryConfigurationExtensionSupport  - Spring Data Redis - Could not safely identify store assignment for repository candidate interface cn.edu.sdu.java.server.repositorys.DictionaryInfoRepository; If you want this repository to be a Redis repository, consider annotating your entities with one of these annotations: org.springframework.data.redis.core.RedisHash (preferred), or consider extending one of the following types with your repository: org.springframework.data.keyvalue.repository.KeyValueRepository
2026-05-24 22:41:13,993 [main] INFO  o.s.d.r.c.RepositoryConfigurationExtensionSupport  - Spring Data Redis - Could not safely identify store assignment for repository candidate interface cn.edu.sdu.java.server.repositorys.FamilyMemberRepository; If you want this repository to be a Redis repository, consider annotating your entities with one of these annotations: org.springframework.data.redis.core.RedisHash (preferred), or consider extending one of the following types with your repository: org.springframework.data.keyvalue.repository.KeyValueRepository
2026-05-24 22:41:13,993 [main] INFO  o.s.d.r.c.RepositoryConfigurationExtensionSupport  - Spring Data Redis - Could not safely identify store assignment for repository candidate interface cn.edu.sdu.java.server.repositorys.FeeRepository; If you want this repository to be a Redis repository, consider annotating your entities with one of these annotations: org.springframework.data.redis.core.RedisHash (preferred), or consider extending one of the following types with your repository: org.springframework.data.keyvalue.repository.KeyValueRepository
2026-05-24 22:41:13,993 [main] INFO  o.s.d.r.c.RepositoryConfigurationExtensionSupport  - Spring Data Redis - Could not safely identify store assignment for repository candidate interface cn.edu.sdu.java.server.repositorys.HomeworkRepository; If you want this repository to be a Redis repository, consider annotating your entities with one of these annotations: org.springframework.data.redis.core.RedisHash (preferred), or consider extending one of the following types with your repository: org.springframework.data.keyvalue.repository.KeyValueRepository
2026-05-24 22:41:13,993 [main] INFO  o.s.d.r.c.RepositoryConfigurationExtensionSupport  - Spring Data Redis - Could not safely identify store assignment for repository candidate interface cn.edu.sdu.java.server.repositorys.MenuInfoRepository; If you want this repository to be a Redis repository, consider annotating your entities with one of these annotations: org.springframework.data.redis.core.RedisHash (preferred), or consider extending one of the following types with your repository: org.springframework.data.keyvalue.repository.KeyValueRepository
2026-05-24 22:41:13,993 [main] INFO  o.s.d.r.c.RepositoryConfigurationExtensionSupport  - Spring Data Redis - Could not safely identify store assignment for repository candidate interface cn.edu.sdu.java.server.repositorys.ModifyLogRepository; If you want this repository to be a Redis repository, consider annotating your entities with one of these annotations: org.springframework.data.redis.core.RedisHash (preferred), or consider extending one of the following types with your repository: org.springframework.data.keyvalue.repository.KeyValueRepository
2026-05-24 22:41:13,994 [main] INFO  o.s.d.r.c.RepositoryConfigurationExtensionSupport  - Spring Data Redis - Could not safely identify store assignment for repository candidate interface cn.edu.sdu.java.server.repositorys.PersonRepository; If you want this repository to be a Redis repository, consider annotating your entities with one of these annotations: org.springframework.data.redis.core.RedisHash (preferred), or consider extending one of the following types with your repository: org.springframework.data.keyvalue.repository.KeyValueRepository
2026-05-24 22:41:13,994 [main] INFO  o.s.d.r.c.RepositoryConfigurationExtensionSupport  - Spring Data Redis - Could not safely identify store assignment for repository candidate interface cn.edu.sdu.java.server.repositorys.ScoreRepository; If you want this repository to be a Redis repository, consider annotating your entities with one of these annotations: org.springframework.data.redis.core.RedisHash (preferred), or consider extending one of the following types with your repository: org.springframework.data.keyvalue.repository.KeyValueRepository
2026-05-24 22:41:13,994 [main] INFO  o.s.d.r.c.RepositoryConfigurationExtensionSupport  - Spring Data Redis - Could not safely identify store assignment for repository candidate interface cn.edu.sdu.java.server.repositorys.StatisticsDayRepository; If you want this repository to be a Redis repository, consider annotating your entities with one of these annotations: org.springframework.data.redis.core.RedisHash (preferred), or consider extending one of the following types with your repository: org.springframework.data.keyvalue.repository.KeyValueRepository
2026-05-24 22:41:13,994 [main] INFO  o.s.d.r.c.RepositoryConfigurationExtensionSupport  - Spring Data Redis - Could not safely identify store assignment for repository candidate interface cn.edu.sdu.java.server.repositorys.StudentCourseRepository; If you want this repository to be a Redis repository, consider annotating your entities with one of these annotations: org.springframework.data.redis.core.RedisHash (preferred), or consider extending one of the following types with your repository: org.springframework.data.keyvalue.repository.KeyValueRepository
2026-05-24 22:41:13,994 [main] INFO  o.s.d.r.c.RepositoryConfigurationExtensionSupport  - Spring Data Redis - Could not safely identify store assignment for repository candidate interface cn.edu.sdu.java.server.repositorys.StudentLeaveRepository; If you want this repository to be a Redis repository, consider annotating your entities with one of these annotations: org.springframework.data.redis.core.RedisHash (preferred), or consider extending one of the following types with your repository: org.springframework.data.keyvalue.repository.KeyValueRepository
2026-05-24 22:41:13,994 [main] INFO  o.s.d.r.c.RepositoryConfigurationExtensionSupport  - Spring Data Redis - Could not safely identify store assignment for repository candidate interface cn.edu.sdu.java.server.repositorys.StudentRepository; If you want this repository to be a Redis repository, consider annotating your entities with one of these annotations: org.springframework.data.redis.core.RedisHash (preferred), or consider extending one of the following types with your repository: org.springframework.data.keyvalue.repository.KeyValueRepository
2026-05-24 22:41:13,994 [main] INFO  o.s.d.r.c.RepositoryConfigurationExtensionSupport  - Spring Data Redis - Could not safely identify store assignment for repository candidate interface cn.edu.sdu.java.server.repositorys.StudentStatisticsRepository; If you want this repository to be a Redis repository, consider annotating your entities with one of these annotations: org.springframework.data.redis.core.RedisHash (preferred), or consider extending one of the following types with your repository: org.springframework.data.keyvalue.repository.KeyValueRepository
2026-05-24 22:41:13,995 [main] INFO  o.s.d.r.c.RepositoryConfigurationExtensionSupport  - Spring Data Redis - Could not safely identify store assignment for repository candidate interface cn.edu.sdu.java.server.repositorys.SystemInfoRepository; If you want this repository to be a Redis repository, consider annotating your entities with one of these annotations: org.springframework.data.redis.core.RedisHash (preferred), or consider extending one of the following types with your repository: org.springframework.data.keyvalue.repository.KeyValueRepository
2026-05-24 22:41:13,995 [main] INFO  o.s.d.r.c.RepositoryConfigurationExtensionSupport  - Spring Data Redis - Could not safely identify store assignment for repository candidate interface cn.edu.sdu.java.server.repositorys.TeacherRepository; If you want this repository to be a Redis repository, consider annotating your entities with one of these annotations: org.springframework.data.redis.core.RedisHash (preferred), or consider extending one of the following types with your repository: org.springframework.data.keyvalue.repository.KeyValueRepository
2026-05-24 22:41:13,995 [main] INFO  o.s.d.r.c.RepositoryConfigurationExtensionSupport  - Spring Data Redis - Could not safely identify store assignment for repository candidate interface cn.edu.sdu.java.server.repositorys.UserRepository; If you want this repository to be a Redis repository, consider annotating your entities with one of these annotations: org.springframework.data.redis.core.RedisHash (preferred), or consider extending one of the following types with your repository: org.springframework.data.keyvalue.repository.KeyValueRepository
2026-05-24 22:41:13,995 [main] INFO  o.s.d.r.c.RepositoryConfigurationExtensionSupport  - Spring Data Redis - Could not safely identify store assignment for repository candidate interface cn.edu.sdu.java.server.repositorys.UserTypeRepository; If you want this repository to be a Redis repository, consider annotating your entities with one of these annotations: org.springframework.data.redis.core.RedisHash (preferred), or consider extending one of the following types with your repository: org.springframework.data.keyvalue.repository.KeyValueRepository
2026-05-24 22:41:13,995 [main] INFO  o.s.d.r.c.RepositoryConfigurationDelegate          - Finished Spring Data repository scanning in 4 ms. Found 0 Redis repository interfaces.
2026-05-24 22:41:14,311 [main] INFO  o.s.b.w.embedded.tomcat.TomcatWebServer            - Tomcat initialized with port 22224 (http)
2026-05-24 22:41:14,319 [main] INFO  o.apache.coyote.http11.Http11NioProtocol           - Initializing ProtocolHandler ["http-nio-22224"]
2026-05-24 22:41:14,320 [main] INFO  o.apache.catalina.core.StandardService             - Starting service [Tomcat]
2026-05-24 22:41:14,320 [main] INFO  org.apache.catalina.core.StandardEngine            - Starting Servlet engine: [Apache Tomcat/10.1.34]
2026-05-24 22:41:14,353 [main] INFO  o.a.c.c.C.[Tomcat].[localhost].[/]                 - Initializing Spring embedded WebApplicationContext
2026-05-24 22:41:14,353 [main] INFO  o.s.b.w.s.c.ServletWebServerApplicationContext     - Root WebApplicationContext: initialization completed in 934 ms
2026-05-24 22:41:14,403 [main] INFO  com.zaxxer.hikari.HikariDataSource                 - HikariPool-1 - Starting...
2026-05-24 22:41:19,038 [main] INFO  com.zaxxer.hikari.pool.HikariPool                  - HikariPool-1 - Added connection com.mysql.cj.jdbc.ConnectionImpl@5f935d49
2026-05-24 22:41:19,039 [main] INFO  com.zaxxer.hikari.HikariDataSource                 - HikariPool-1 - Start completed.
2026-05-24 22:41:19,083 [main] INFO  o.hibernate.jpa.internal.util.LogHelper            - HHH000204: Processing PersistenceUnitInfo [name: default]
2026-05-24 22:41:19,129 [main] INFO  org.hibernate.Version                              - HHH000412: Hibernate ORM core version 6.6.5.Final
2026-05-24 22:41:19,150 [main] INFO  o.h.c.internal.RegionFactoryInitiator              - HHH000026: Second-level cache disabled
2026-05-24 22:41:19,319 [main] INFO  o.s.o.j.p.SpringPersistenceUnitInfo                - No LoadTimeWeaver setup: ignoring JPA class transformer
2026-05-24 22:41:19,392 [main] INFO  org.hibernate.orm.connections.pooling              - HHH10001005: Database info:
	Database JDBC URL [Connecting through datasource 'HikariDataSource (HikariPool-1)']
	Database driver: undefined/unknown
	Database version: 8.0.35
	Autocommit mode: undefined/unknown
	Isolation level: undefined/unknown
	Minimum pool size: undefined/unknown
	Maximum pool size: undefined/unknown
2026-05-24 22:41:20,010 [main] INFO  o.h.e.t.j.p.i.JtaPlatformInitiator                 - HHH000489: No JTA platform available (set 'hibernate.transaction.jta.platform' to enable JTA platform integration)
2026-05-24 22:41:20,011 [main] INFO  o.s.o.j.LocalContainerEntityManagerFactoryBean     - Initialized JPA EntityManagerFactory for persistence unit 'default'
2026-05-24 22:41:20,169 [main] INFO  o.s.d.j.r.query.QueryEnhancerFactory               - Hibernate is in classpath; If applicable, HQL parser will be used.
2026-05-24 22:41:20,555 [main] WARN  o.s.b.a.o.j.JpaBaseConfiguration$JpaWebConfiguration - spring.jpa.open-in-view is enabled by default. Therefore, database queries may be performed during view rendering. Explicitly configure spring.jpa.open-in-view to disable this warning
2026-05-24 22:41:20,728 [main] INFO  o.s.s.c.a.a.c.InitializeAuthenticationProviderBeanManagerConfigurer$InitializeAuthenticationProviderManagerConfigurer - Global AuthenticationManager configured with AuthenticationProvider bean with name authenticationProvider
2026-05-24 22:41:20,728 [main] WARN  o.s.s.c.a.a.c.InitializeUserDetailsBeanManagerConfigurer$InitializeUserDetailsManagerConfigurer - Global AuthenticationManager configured with an AuthenticationProvider bean. UserDetailsService beans will not be used by Spring Security for automatically configuring username/password login. Consider removing the AuthenticationProvider bean. Alternatively, consider using the UserDetailsService in a manually instantiated DaoAuthenticationProvider. If the current configuration is intentional, to turn off this warning, increase the logging level of 'org.springframework.security.config.annotation.authentication.configuration.InitializeUserDetailsBeanManagerConfigurer' to ERROR
2026-05-24 22:41:21,182 [main] INFO  o.s.b.a.w.s.WelcomePageHandlerMapping              - Adding welcome page: class path resource [public/index.html]
2026-05-24 22:41:21,544 [main] INFO  o.apache.coyote.http11.Http11NioProtocol           - Starting ProtocolHandler ["http-nio-22224"]
2026-05-24 22:41:21,554 [main] INFO  o.s.b.w.embedded.tomcat.TomcatWebServer            - Tomcat started on port 22224 (http) with context path '/'
2026-05-24 22:41:21,558 [main] INFO  c.e.s.java.server.JavaServerApplication            - Started JavaServerApplication in 8.499 seconds (process running for 9.012)
2026-05-24 22:41:21,559 [main] INFO  c.e.s.j.server.SystemApplicationListener           - org.springframework.boot.context.event.ApplicationReadyEvent[source=org.springframework.boot.SpringApplication@98cc7c3]
2026-05-24 22:41:21,559 [main] INFO  c.e.s.j.server.SystemApplicationListener           - SystemInitStart
2026-05-24 22:41:21,665 [main] INFO  c.e.s.j.server.SystemApplicationListener           - systemInitEnd
2026-05-24 22:41:24,883 [http-nio-22224-exec-1] INFO  o.a.c.c.C.[Tomcat].[localhost].[/]                 - Initializing Spring DispatcherServlet 'dispatcherServlet'
2026-05-24 22:41:24,883 [http-nio-22224-exec-1] INFO  o.s.web.servlet.DispatcherServlet                  - Initializing Servlet 'dispatcherServlet'
2026-05-24 22:41:24,884 [http-nio-22224-exec-1] INFO  o.s.web.servlet.DispatcherServlet                  - Completed initialization in 1 ms
2026-05-24 22:41:25,333 [http-nio-22224-exec-6] INFO  c.e.s.j.s.c.JwtAuthenticationFilter                - /api/base/getDataBaseUserName,2022030001,2026-05-24 22:41:25,0.036
2026-05-24 22:41:25,421 [http-nio-22224-exec-8] INFO  c.e.s.j.s.c.JwtAuthenticationFilter                - /api/base/getMenuList,2022030001,2026-05-24 22:41:25,0.083
2026-05-24 22:41:28,997 [http-nio-22224-exec-2] INFO  c.e.s.j.s.c.JwtAuthenticationFilter                - /api/studentSelectCourse/getTeacherItemOptionList,2022030001,2026-05-24 22:41:28,0.026
2026-05-24 22:41:32,242 [http-nio-22224-exec-5] INFO  c.e.s.j.s.c.JwtAuthenticationFilter                - /api/studentSelectCourse/getTeacherItemOptionList,2022030001,2026-05-24 22:41:32,0.024
2026-05-24 22:43:25,989 [http-nio-22224-exec-6] INFO  c.e.s.j.s.c.JwtAuthenticationFilter                - /api/base/getDataBaseUserName,2022030001,2026-05-24 22:43:25,0.018
2026-05-24 22:43:26,062 [http-nio-22224-exec-8] INFO  c.e.s.j.s.c.JwtAuthenticationFilter                - /api/base/getMenuList,2022030001,2026-05-24 22:43:25,0.068
2026-05-24 22:43:29,425 [http-nio-22224-exec-2] INFO  c.e.s.j.s.c.JwtAuthenticationFilter                - /api/studentSelectCourse/getTeacherItemOptionList,2022030001,2026-05-24 22:43:29,0.027
2026-05-24 22:45:44,814 [http-nio-22224-exec-10] INFO  c.e.s.j.s.c.JwtAuthenticationFilter                - /api/base/getDataBaseUserName,2022030001,2026-05-24 22:45:44,0.019
2026-05-24 22:45:44,889 [http-nio-22224-exec-1] INFO  c.e.s.j.s.c.JwtAuthenticationFilter                - /api/base/getMenuList,2022030001,2026-05-24 22:45:44,0.071
2026-05-24 22:45:48,453 [http-nio-22224-exec-6] INFO  c.e.s.j.s.c.JwtAuthenticationFilter                - /api/studentSelectCourse/getTeacherItemOptionList,2022030001,2026-05-24 22:45:48,0.03
2026-05-24 22:49:12,615 [SpringApplicationShutdownHook] INFO  o.s.b.w.embedded.tomcat.GracefulShutdown           - Commencing graceful shutdown. Waiting for active requests to complete
2026-05-24 22:49:12,619 [tomcat-shutdown] INFO  o.s.b.w.embedded.tomcat.GracefulShutdown           - Graceful shutdown complete
2026-05-24 22:49:12,635 [SpringApplicationShutdownHook] INFO  o.s.o.j.LocalContainerEntityManagerFactoryBean     - Closing JPA EntityManagerFactory for persistence unit 'default'
2026-05-24 22:49:12,636 [SpringApplicationShutdownHook] INFO  com.zaxxer.hikari.HikariDataSource                 - HikariPool-1 - Shutdown initiated...
2026-05-24 22:49:12,639 [SpringApplicationShutdownHook] INFO  com.zaxxer.hikari.HikariDataSource                 - HikariPool-1 - Shutdown completed.
2026-05-24 22:49:16,782 [background-preinit] INFO  o.h.validator.internal.util.Version                - HV000001: Hibernate Validator 8.0.2.Final
2026-05-24 22:49:16,808 [main] INFO  c.e.s.java.server.JavaServerApplication            - Starting JavaServerApplication using Java 21.0.10 with PID 13096 (E:\Programming\project\teamX-student-management\java-server\target\classes started by hp in E:\Programming\project\teamX-student-management\java-server)
2026-05-24 22:49:16,808 [main] INFO  c.e.s.java.server.JavaServerApplication            - No active profile set, falling back to 1 default profile: "default"
2026-05-24 22:49:17,175 [main] INFO  o.s.d.r.c.RepositoryConfigurationDelegate          - Multiple Spring Data modules found, entering strict repository configuration mode
2026-05-24 22:49:17,176 [main] INFO  o.s.d.r.c.RepositoryConfigurationDelegate          - Bootstrapping Spring Data JPA repositories in DEFAULT mode.
2026-05-24 22:49:17,259 [main] INFO  o.s.d.r.c.RepositoryConfigurationDelegate          - Finished Spring Data repository scanning in 80 ms. Found 18 JPA repository interfaces.
2026-05-24 22:49:17,270 [main] INFO  o.s.d.r.c.RepositoryConfigurationDelegate          - Multiple Spring Data modules found, entering strict repository configuration mode
2026-05-24 22:49:17,270 [main] INFO  o.s.d.r.c.RepositoryConfigurationDelegate          - Bootstrapping Spring Data Redis repositories in DEFAULT mode.
2026-05-24 22:49:17,278 [main] INFO  o.s.d.r.c.RepositoryConfigurationExtensionSupport  - Spring Data Redis - Could not safely identify store assignment for repository candidate interface cn.edu.sdu.java.server.repositorys.CourseRepository; If you want this repository to be a Redis repository, consider annotating your entities with one of these annotations: org.springframework.data.redis.core.RedisHash (preferred), or consider extending one of the following types with your repository: org.springframework.data.keyvalue.repository.KeyValueRepository
2026-05-24 22:49:17,278 [main] INFO  o.s.d.r.c.RepositoryConfigurationExtensionSupport  - Spring Data Redis - Could not safely identify store assignment for repository candidate interface cn.edu.sdu.java.server.repositorys.DictionaryInfoRepository; If you want this repository to be a Redis repository, consider annotating your entities with one of these annotations: org.springframework.data.redis.core.RedisHash (preferred), or consider extending one of the following types with your repository: org.springframework.data.keyvalue.repository.KeyValueRepository
2026-05-24 22:49:17,278 [main] INFO  o.s.d.r.c.RepositoryConfigurationExtensionSupport  - Spring Data Redis - Could not safely identify store assignment for repository candidate interface cn.edu.sdu.java.server.repositorys.FamilyMemberRepository; If you want this repository to be a Redis repository, consider annotating your entities with one of these annotations: org.springframework.data.redis.core.RedisHash (preferred), or consider extending one of the following types with your repository: org.springframework.data.keyvalue.repository.KeyValueRepository
2026-05-24 22:49:17,278 [main] INFO  o.s.d.r.c.RepositoryConfigurationExtensionSupport  - Spring Data Redis - Could not safely identify store assignment for repository candidate interface cn.edu.sdu.java.server.repositorys.FeeRepository; If you want this repository to be a Redis repository, consider annotating your entities with one of these annotations: org.springframework.data.redis.core.RedisHash (preferred), or consider extending one of the following types with your repository: org.springframework.data.keyvalue.repository.KeyValueRepository
2026-05-24 22:49:17,278 [main] INFO  o.s.d.r.c.RepositoryConfigurationExtensionSupport  - Spring Data Redis - Could not safely identify store assignment for repository candidate interface cn.edu.sdu.java.server.repositorys.HomeworkRepository; If you want this repository to be a Redis repository, consider annotating your entities with one of these annotations: org.springframework.data.redis.core.RedisHash (preferred), or consider extending one of the following types with your repository: org.springframework.data.keyvalue.repository.KeyValueRepository
2026-05-24 22:49:17,278 [main] INFO  o.s.d.r.c.RepositoryConfigurationExtensionSupport  - Spring Data Redis - Could not safely identify store assignment for repository candidate interface cn.edu.sdu.java.server.repositorys.MenuInfoRepository; If you want this repository to be a Redis repository, consider annotating your entities with one of these annotations: org.springframework.data.redis.core.RedisHash (preferred), or consider extending one of the following types with your repository: org.springframework.data.keyvalue.repository.KeyValueRepository
2026-05-24 22:49:17,278 [main] INFO  o.s.d.r.c.RepositoryConfigurationExtensionSupport  - Spring Data Redis - Could not safely identify store assignment for repository candidate interface cn.edu.sdu.java.server.repositorys.ModifyLogRepository; If you want this repository to be a Redis repository, consider annotating your entities with one of these annotations: org.springframework.data.redis.core.RedisHash (preferred), or consider extending one of the following types with your repository: org.springframework.data.keyvalue.repository.KeyValueRepository
2026-05-24 22:49:17,279 [main] INFO  o.s.d.r.c.RepositoryConfigurationExtensionSupport  - Spring Data Redis - Could not safely identify store assignment for repository candidate interface cn.edu.sdu.java.server.repositorys.PersonRepository; If you want this repository to be a Redis repository, consider annotating your entities with one of these annotations: org.springframework.data.redis.core.RedisHash (preferred), or consider extending one of the following types with your repository: org.springframework.data.keyvalue.repository.KeyValueRepository
2026-05-24 22:49:17,279 [main] INFO  o.s.d.r.c.RepositoryConfigurationExtensionSupport  - Spring Data Redis - Could not safely identify store assignment for repository candidate interface cn.edu.sdu.java.server.repositorys.ScoreRepository; If you want this repository to be a Redis repository, consider annotating your entities with one of these annotations: org.springframework.data.redis.core.RedisHash (preferred), or consider extending one of the following types with your repository: org.springframework.data.keyvalue.repository.KeyValueRepository
2026-05-24 22:49:17,279 [main] INFO  o.s.d.r.c.RepositoryConfigurationExtensionSupport  - Spring Data Redis - Could not safely identify store assignment for repository candidate interface cn.edu.sdu.java.server.repositorys.StatisticsDayRepository; If you want this repository to be a Redis repository, consider annotating your entities with one of these annotations: org.springframework.data.redis.core.RedisHash (preferred), or consider extending one of the following types with your repository: org.springframework.data.keyvalue.repository.KeyValueRepository
2026-05-24 22:49:17,279 [main] INFO  o.s.d.r.c.RepositoryConfigurationExtensionSupport  - Spring Data Redis - Could not safely identify store assignment for repository candidate interface cn.edu.sdu.java.server.repositorys.StudentCourseRepository; If you want this repository to be a Redis repository, consider annotating your entities with one of these annotations: org.springframework.data.redis.core.RedisHash (preferred), or consider extending one of the following types with your repository: org.springframework.data.keyvalue.repository.KeyValueRepository
2026-05-24 22:49:17,279 [main] INFO  o.s.d.r.c.RepositoryConfigurationExtensionSupport  - Spring Data Redis - Could not safely identify store assignment for repository candidate interface cn.edu.sdu.java.server.repositorys.StudentLeaveRepository; If you want this repository to be a Redis repository, consider annotating your entities with one of these annotations: org.springframework.data.redis.core.RedisHash (preferred), or consider extending one of the following types with your repository: org.springframework.data.keyvalue.repository.KeyValueRepository
2026-05-24 22:49:17,279 [main] INFO  o.s.d.r.c.RepositoryConfigurationExtensionSupport  - Spring Data Redis - Could not safely identify store assignment for repository candidate interface cn.edu.sdu.java.server.repositorys.StudentRepository; If you want this repository to be a Redis repository, consider annotating your entities with one of these annotations: org.springframework.data.redis.core.RedisHash (preferred), or consider extending one of the following types with your repository: org.springframework.data.keyvalue.repository.KeyValueRepository
2026-05-24 22:49:17,280 [main] INFO  o.s.d.r.c.RepositoryConfigurationExtensionSupport  - Spring Data Redis - Could not safely identify store assignment for repository candidate interface cn.edu.sdu.java.server.repositorys.StudentStatisticsRepository; If you want this repository to be a Redis repository, consider annotating your entities with one of these annotations: org.springframework.data.redis.core.RedisHash (preferred), or consider extending one of the following types with your repository: org.springframework.data.keyvalue.repository.KeyValueRepository
2026-05-24 22:49:17,280 [main] INFO  o.s.d.r.c.RepositoryConfigurationExtensionSupport  - Spring Data Redis - Could not safely identify store assignment for repository candidate interface cn.edu.sdu.java.server.repositorys.SystemInfoRepository; If you want this repository to be a Redis repository, consider annotating your entities with one of these annotations: org.springframework.data.redis.core.RedisHash (preferred), or consider extending one of the following types with your repository: org.springframework.data.keyvalue.repository.KeyValueRepository
2026-05-24 22:49:17,280 [main] INFO  o.s.d.r.c.RepositoryConfigurationExtensionSupport  - Spring Data Redis - Could not safely identify store assignment for repository candidate interface cn.edu.sdu.java.server.repositorys.TeacherRepository; If you want this repository to be a Redis repository, consider annotating your entities with one of these annotations: org.springframework.data.redis.core.RedisHash (preferred), or consider extending one of the following types with your repository: org.springframework.data.keyvalue.repository.KeyValueRepository
2026-05-24 22:49:17,280 [main] INFO  o.s.d.r.c.RepositoryConfigurationExtensionSupport  - Spring Data Redis - Could not safely identify store assignment for repository candidate interface cn.edu.sdu.java.server.repositorys.UserRepository; If you want this repository to be a Redis repository, consider annotating your entities with one of these annotations: org.springframework.data.redis.core.RedisHash (preferred), or consider extending one of the following types with your repository: org.springframework.data.keyvalue.repository.KeyValueRepository
2026-05-24 22:49:17,280 [main] INFO  o.s.d.r.c.RepositoryConfigurationExtensionSupport  - Spring Data Redis - Could not safely identify store assignment for repository candidate interface cn.edu.sdu.java.server.repositorys.UserTypeRepository; If you want this repository to be a Redis repository, consider annotating your entities with one of these annotations: org.springframework.data.redis.core.RedisHash (preferred), or consider extending one of the following types with your repository: org.springframework.data.keyvalue.repository.KeyValueRepository
2026-05-24 22:49:17,280 [main] INFO  o.s.d.r.c.RepositoryConfigurationDelegate          - Finished Spring Data repository scanning in 5 ms. Found 0 Redis repository interfaces.
2026-05-24 22:49:17,550 [main] INFO  o.s.b.w.embedded.tomcat.TomcatWebServer            - Tomcat initialized with port 22224 (http)
2026-05-24 22:49:17,557 [main] INFO  o.apache.coyote.http11.Http11NioProtocol           - Initializing ProtocolHandler ["http-nio-22224"]
2026-05-24 22:49:17,558 [main] INFO  o.apache.catalina.core.StandardService             - Starting service [Tomcat]
2026-05-24 22:49:17,558 [main] INFO  org.apache.catalina.core.StandardEngine            - Starting Servlet engine: [Apache Tomcat/10.1.34]
2026-05-24 22:49:17,586 [main] INFO  o.a.c.c.C.[Tomcat].[localhost].[/]                 - Initializing Spring embedded WebApplicationContext
2026-05-24 22:49:17,586 [main] INFO  o.s.b.w.s.c.ServletWebServerApplicationContext     - Root WebApplicationContext: initialization completed in 757 ms
2026-05-24 22:49:17,629 [main] INFO  com.zaxxer.hikari.HikariDataSource                 - HikariPool-1 - Starting...
2026-05-24 22:49:22,246 [main] INFO  com.zaxxer.hikari.pool.HikariPool                  - HikariPool-1 - Added connection com.mysql.cj.jdbc.ConnectionImpl@71567f33
2026-05-24 22:49:22,248 [main] INFO  com.zaxxer.hikari.HikariDataSource                 - HikariPool-1 - Start completed.
2026-05-24 22:49:22,270 [main] INFO  o.hibernate.jpa.internal.util.LogHelper            - HHH000204: Processing PersistenceUnitInfo [name: default]
2026-05-24 22:49:22,295 [main] INFO  org.hibernate.Version                              - HHH000412: Hibernate ORM core version 6.6.5.Final
2026-05-24 22:49:22,309 [main] INFO  o.h.c.internal.RegionFactoryInitiator              - HHH000026: Second-level cache disabled
2026-05-24 22:49:22,416 [main] INFO  o.s.o.j.p.SpringPersistenceUnitInfo                - No LoadTimeWeaver setup: ignoring JPA class transformer
2026-05-24 22:49:22,479 [main] INFO  org.hibernate.orm.connections.pooling              - HHH10001005: Database info:
	Database JDBC URL [Connecting through datasource 'HikariDataSource (HikariPool-1)']
	Database driver: undefined/unknown
	Database version: 8.0.35
	Autocommit mode: undefined/unknown
	Isolation level: undefined/unknown
	Minimum pool size: undefined/unknown
	Maximum pool size: undefined/unknown
2026-05-24 22:49:23,170 [main] INFO  o.h.e.t.j.p.i.JtaPlatformInitiator                 - HHH000489: No JTA platform available (set 'hibernate.transaction.jta.platform' to enable JTA platform integration)
2026-05-24 22:49:23,172 [main] INFO  o.s.o.j.LocalContainerEntityManagerFactoryBean     - Initialized JPA EntityManagerFactory for persistence unit 'default'
2026-05-24 22:49:23,334 [main] INFO  o.s.d.j.r.query.QueryEnhancerFactory               - Hibernate is in classpath; If applicable, HQL parser will be used.
2026-05-24 22:49:23,727 [main] WARN  o.s.b.a.o.j.JpaBaseConfiguration$JpaWebConfiguration - spring.jpa.open-in-view is enabled by default. Therefore, database queries may be performed during view rendering. Explicitly configure spring.jpa.open-in-view to disable this warning
2026-05-24 22:49:23,877 [main] INFO  o.s.s.c.a.a.c.InitializeAuthenticationProviderBeanManagerConfigurer$InitializeAuthenticationProviderManagerConfigurer - Global AuthenticationManager configured with AuthenticationProvider bean with name authenticationProvider
2026-05-24 22:49:23,878 [main] WARN  o.s.s.c.a.a.c.InitializeUserDetailsBeanManagerConfigurer$InitializeUserDetailsManagerConfigurer - Global AuthenticationManager configured with an AuthenticationProvider bean. UserDetailsService beans will not be used by Spring Security for automatically configuring username/password login. Consider removing the AuthenticationProvider bean. Alternatively, consider using the UserDetailsService in a manually instantiated DaoAuthenticationProvider. If the current configuration is intentional, to turn off this warning, increase the logging level of 'org.springframework.security.config.annotation.authentication.configuration.InitializeUserDetailsBeanManagerConfigurer' to ERROR
2026-05-24 22:49:24,300 [main] INFO  o.s.b.a.w.s.WelcomePageHandlerMapping              - Adding welcome page: class path resource [public/index.html]
2026-05-24 22:49:24,587 [main] INFO  o.apache.coyote.http11.Http11NioProtocol           - Starting ProtocolHandler ["http-nio-22224"]
2026-05-24 22:49:24,596 [main] INFO  o.s.b.w.embedded.tomcat.TomcatWebServer            - Tomcat started on port 22224 (http) with context path '/'
2026-05-24 22:49:24,600 [main] INFO  c.e.s.java.server.JavaServerApplication            - Started JavaServerApplication in 8.083 seconds (process running for 8.403)
2026-05-24 22:49:24,601 [main] INFO  c.e.s.j.server.SystemApplicationListener           - org.springframework.boot.context.event.ApplicationReadyEvent[source=org.springframework.boot.SpringApplication@6dddd255]
2026-05-24 22:49:24,601 [main] INFO  c.e.s.j.server.SystemApplicationListener           - SystemInitStart
2026-05-24 22:49:24,698 [main] INFO  c.e.s.j.server.SystemApplicationListener           - systemInitEnd
2026-05-24 22:49:25,598 [http-nio-22224-exec-1] INFO  o.a.c.c.C.[Tomcat].[localhost].[/]                 - Initializing Spring DispatcherServlet 'dispatcherServlet'
2026-05-24 22:49:25,599 [http-nio-22224-exec-1] INFO  o.s.web.servlet.DispatcherServlet                  - Initializing Servlet 'dispatcherServlet'
2026-05-24 22:49:25,599 [http-nio-22224-exec-1] INFO  o.s.web.servlet.DispatcherServlet                  - Completed initialization in 0 ms
2026-05-24 22:49:26,215 [http-nio-22224-exec-3] INFO  c.e.s.j.s.c.JwtAuthenticationFilter                - /api/base/getDataBaseUserName,2022030001,2026-05-24 22:49:26,0.034
2026-05-24 22:49:26,304 [http-nio-22224-exec-2] INFO  c.e.s.j.s.c.JwtAuthenticationFilter                - /api/base/getMenuList,2022030001,2026-05-24 22:49:26,0.084
2026-05-24 22:49:29,210 [http-nio-22224-exec-4] INFO  c.e.s.j.s.c.JwtAuthenticationFilter                - /api/studentSelectCourse/getTeacherItemOptionList,2022030001,2026-05-24 22:49:29,0.026
2026-05-24 22:51:59,011 [http-nio-22224-exec-10] INFO  c.e.s.j.s.c.JwtAuthenticationFilter                - /api/base/getDataBaseUserName,2022030001,2026-05-24 22:51:58,0.019
2026-05-24 22:51:59,087 [http-nio-22224-exec-1] INFO  c.e.s.j.s.c.JwtAuthenticationFilter                - /api/base/getMenuList,2022030001,2026-05-24 22:51:59,0.071
2026-05-24 22:52:03,336 [http-nio-22224-exec-3] INFO  c.e.s.j.s.c.JwtAuthenticationFilter                - /api/studentSelectCourse/getTeacherItemOptionList,2022030001,2026-05-24 22:52:03,0.022
2026-05-24 22:53:55,389 [http-nio-22224-exec-8] INFO  c.e.s.j.s.c.JwtAuthenticationFilter                - /api/base/getDataBaseUserName,2022030001,2026-05-24 22:53:55,0.021
2026-05-24 22:53:55,479 [http-nio-22224-exec-9] INFO  c.e.s.j.s.c.JwtAuthenticationFilter                - /api/base/getMenuList,2022030001,2026-05-24 22:53:55,0.085
2026-05-24 22:53:59,227 [http-nio-22224-exec-10] INFO  c.e.s.j.s.c.JwtAuthenticationFilter                - /api/studentCourse/getTeacherItemOptionList,2022030001,2026-05-24 22:53:59,0.055
2026-05-24 22:53:59,285 [http-nio-22224-exec-1] INFO  c.e.s.j.s.c.JwtAuthenticationFilter                - /api/studentCourse/getCourseList,2022030001,2026-05-24 22:53:59,0.049
2026-05-24 22:56:46,299 [http-nio-22224-exec-8] INFO  c.e.s.j.s.c.JwtAuthenticationFilter                - /api/base/getDataBaseUserName,2022030001,2026-05-24 22:56:46,0.016
2026-05-24 22:56:46,504 [http-nio-22224-exec-9] INFO  c.e.s.j.s.c.JwtAuthenticationFilter                - /api/base/getMenuList,2022030001,2026-05-24 22:56:46,0.2
2026-05-24 22:56:49,489 [http-nio-22224-exec-10] INFO  c.e.s.j.s.c.JwtAuthenticationFilter                - /api/studentCourse/getTeacherItemOptionList,2022030001,2026-05-24 22:56:49,0.059
2026-05-24 22:56:49,542 [http-nio-22224-exec-1] INFO  c.e.s.j.s.c.JwtAuthenticationFilter                - /api/studentCourse/getCourseList,2022030001,2026-05-24 22:56:49,0.047
2026-05-24 23:00:12,939 [SpringApplicationShutdownHook] INFO  o.s.b.w.embedded.tomcat.GracefulShutdown           - Commencing graceful shutdown. Waiting for active requests to complete
2026-05-24 23:00:12,944 [tomcat-shutdown] INFO  o.s.b.w.embedded.tomcat.GracefulShutdown           - Graceful shutdown complete
2026-05-24 23:00:12,955 [SpringApplicationShutdownHook] INFO  o.s.o.j.LocalContainerEntityManagerFactoryBean     - Closing JPA EntityManagerFactory for persistence unit 'default'
2026-05-24 23:00:12,956 [SpringApplicationShutdownHook] INFO  com.zaxxer.hikari.HikariDataSource                 - HikariPool-1 - Shutdown initiated...
2026-05-24 23:00:12,959 [SpringApplicationShutdownHook] INFO  com.zaxxer.hikari.HikariDataSource                 - HikariPool-1 - Shutdown completed.
2026-05-24 23:00:17,126 [background-preinit] INFO  o.h.validator.internal.util.Version                - HV000001: Hibernate Validator 8.0.2.Final
2026-05-24 23:00:17,160 [main] INFO  c.e.s.java.server.JavaServerApplication            - Starting JavaServerApplication using Java 21.0.10 with PID 15460 (E:\Programming\project\teamX-student-management\java-server\target\classes started by hp in E:\Programming\project\teamX-student-management\java-server)
2026-05-24 23:00:17,160 [main] INFO  c.e.s.java.server.JavaServerApplication            - No active profile set, falling back to 1 default profile: "default"
2026-05-24 23:00:17,562 [main] INFO  o.s.d.r.c.RepositoryConfigurationDelegate          - Multiple Spring Data modules found, entering strict repository configuration mode
2026-05-24 23:00:17,563 [main] INFO  o.s.d.r.c.RepositoryConfigurationDelegate          - Bootstrapping Spring Data JPA repositories in DEFAULT mode.
2026-05-24 23:00:17,657 [main] INFO  o.s.d.r.c.RepositoryConfigurationDelegate          - Finished Spring Data repository scanning in 90 ms. Found 18 JPA repository interfaces.
2026-05-24 23:00:17,669 [main] INFO  o.s.d.r.c.RepositoryConfigurationDelegate          - Multiple Spring Data modules found, entering strict repository configuration mode
2026-05-24 23:00:17,669 [main] INFO  o.s.d.r.c.RepositoryConfigurationDelegate          - Bootstrapping Spring Data Redis repositories in DEFAULT mode.
2026-05-24 23:00:17,678 [main] INFO  o.s.d.r.c.RepositoryConfigurationExtensionSupport  - Spring Data Redis - Could not safely identify store assignment for repository candidate interface cn.edu.sdu.java.server.repositorys.CourseRepository; If you want this repository to be a Redis repository, consider annotating your entities with one of these annotations: org.springframework.data.redis.core.RedisHash (preferred), or consider extending one of the following types with your repository: org.springframework.data.keyvalue.repository.KeyValueRepository
2026-05-24 23:00:17,678 [main] INFO  o.s.d.r.c.RepositoryConfigurationExtensionSupport  - Spring Data Redis - Could not safely identify store assignment for repository candidate interface cn.edu.sdu.java.server.repositorys.DictionaryInfoRepository; If you want this repository to be a Redis repository, consider annotating your entities with one of these annotations: org.springframework.data.redis.core.RedisHash (preferred), or consider extending one of the following types with your repository: org.springframework.data.keyvalue.repository.KeyValueRepository
2026-05-24 23:00:17,679 [main] INFO  o.s.d.r.c.RepositoryConfigurationExtensionSupport  - Spring Data Redis - Could not safely identify store assignment for repository candidate interface cn.edu.sdu.java.server.repositorys.FamilyMemberRepository; If you want this repository to be a Redis repository, consider annotating your entities with one of these annotations: org.springframework.data.redis.core.RedisHash (preferred), or consider extending one of the following types with your repository: org.springframework.data.keyvalue.repository.KeyValueRepository
2026-05-24 23:00:17,679 [main] INFO  o.s.d.r.c.RepositoryConfigurationExtensionSupport  - Spring Data Redis - Could not safely identify store assignment for repository candidate interface cn.edu.sdu.java.server.repositorys.FeeRepository; If you want this repository to be a Redis repository, consider annotating your entities with one of these annotations: org.springframework.data.redis.core.RedisHash (preferred), or consider extending one of the following types with your repository: org.springframework.data.keyvalue.repository.KeyValueRepository
2026-05-24 23:00:17,679 [main] INFO  o.s.d.r.c.RepositoryConfigurationExtensionSupport  - Spring Data Redis - Could not safely identify store assignment for repository candidate interface cn.edu.sdu.java.server.repositorys.HomeworkRepository; If you want this repository to be a Redis repository, consider annotating your entities with one of these annotations: org.springframework.data.redis.core.RedisHash (preferred), or consider extending one of the following types with your repository: org.springframework.data.keyvalue.repository.KeyValueRepository
2026-05-24 23:00:17,679 [main] INFO  o.s.d.r.c.RepositoryConfigurationExtensionSupport  - Spring Data Redis - Could not safely identify store assignment for repository candidate interface cn.edu.sdu.java.server.repositorys.MenuInfoRepository; If you want this repository to be a Redis repository, consider annotating your entities with one of these annotations: org.springframework.data.redis.core.RedisHash (preferred), or consider extending one of the following types with your repository: org.springframework.data.keyvalue.repository.KeyValueRepository
2026-05-24 23:00:17,679 [main] INFO  o.s.d.r.c.RepositoryConfigurationExtensionSupport  - Spring Data Redis - Could not safely identify store assignment for repository candidate interface cn.edu.sdu.java.server.repositorys.ModifyLogRepository; If you want this repository to be a Redis repository, consider annotating your entities with one of these annotations: org.springframework.data.redis.core.RedisHash (preferred), or consider extending one of the following types with your repository: org.springframework.data.keyvalue.repository.KeyValueRepository
2026-05-24 23:00:17,680 [main] INFO  o.s.d.r.c.RepositoryConfigurationExtensionSupport  - Spring Data Redis - Could not safely identify store assignment for repository candidate interface cn.edu.sdu.java.server.repositorys.PersonRepository; If you want this repository to be a Redis repository, consider annotating your entities with one of these annotations: org.springframework.data.redis.core.RedisHash (preferred), or consider extending one of the following types with your repository: org.springframework.data.keyvalue.repository.KeyValueRepository
2026-05-24 23:00:17,680 [main] INFO  o.s.d.r.c.RepositoryConfigurationExtensionSupport  - Spring Data Redis - Could not safely identify store assignment for repository candidate interface cn.edu.sdu.java.server.repositorys.ScoreRepository; If you want this repository to be a Redis repository, consider annotating your entities with one of these annotations: org.springframework.data.redis.core.RedisHash (preferred), or consider extending one of the following types with your repository: org.springframework.data.keyvalue.repository.KeyValueRepository
2026-05-24 23:00:17,680 [main] INFO  o.s.d.r.c.RepositoryConfigurationExtensionSupport  - Spring Data Redis - Could not safely identify store assignment for repository candidate interface cn.edu.sdu.java.server.repositorys.StatisticsDayRepository; If you want this repository to be a Redis repository, consider annotating your entities with one of these annotations: org.springframework.data.redis.core.RedisHash (preferred), or consider extending one of the following types with your repository: org.springframework.data.keyvalue.repository.KeyValueRepository
2026-05-24 23:00:17,681 [main] INFO  o.s.d.r.c.RepositoryConfigurationExtensionSupport  - Spring Data Redis - Could not safely identify store assignment for repository candidate interface cn.edu.sdu.java.server.repositorys.StudentCourseRepository; If you want this repository to be a Redis repository, consider annotating your entities with one of these annotations: org.springframework.data.redis.core.RedisHash (preferred), or consider extending one of the following types with your repository: org.springframework.data.keyvalue.repository.KeyValueRepository
2026-05-24 23:00:17,681 [main] INFO  o.s.d.r.c.RepositoryConfigurationExtensionSupport  - Spring Data Redis - Could not safely identify store assignment for repository candidate interface cn.edu.sdu.java.server.repositorys.StudentLeaveRepository; If you want this repository to be a Redis repository, consider annotating your entities with one of these annotations: org.springframework.data.redis.core.RedisHash (preferred), or consider extending one of the following types with your repository: org.springframework.data.keyvalue.repository.KeyValueRepository
2026-05-24 23:00:17,681 [main] INFO  o.s.d.r.c.RepositoryConfigurationExtensionSupport  - Spring Data Redis - Could not safely identify store assignment for repository candidate interface cn.edu.sdu.java.server.repositorys.StudentRepository; If you want this repository to be a Redis repository, consider annotating your entities with one of these annotations: org.springframework.data.redis.core.RedisHash (preferred), or consider extending one of the following types with your repository: org.springframework.data.keyvalue.repository.KeyValueRepository
2026-05-24 23:00:17,681 [main] INFO  o.s.d.r.c.RepositoryConfigurationExtensionSupport  - Spring Data Redis - Could not safely identify store assignment for repository candidate interface cn.edu.sdu.java.server.repositorys.StudentStatisticsRepository; If you want this repository to be a Redis repository, consider annotating your entities with one of these annotations: org.springframework.data.redis.core.RedisHash (preferred), or consider extending one of the following types with your repository: org.springframework.data.keyvalue.repository.KeyValueRepository
2026-05-24 23:00:17,681 [main] INFO  o.s.d.r.c.RepositoryConfigurationExtensionSupport  - Spring Data Redis - Could not safely identify store assignment for repository candidate interface cn.edu.sdu.java.server.repositorys.SystemInfoRepository; If you want this repository to be a Redis repository, consider annotating your entities with one of these annotations: org.springframework.data.redis.core.RedisHash (preferred), or consider extending one of the following types with your repository: org.springframework.data.keyvalue.repository.KeyValueRepository
2026-05-24 23:00:17,681 [main] INFO  o.s.d.r.c.RepositoryConfigurationExtensionSupport  - Spring Data Redis - Could not safely identify store assignment for repository candidate interface cn.edu.sdu.java.server.repositorys.TeacherRepository; If you want this repository to be a Redis repository, consider annotating your entities with one of these annotations: org.springframework.data.redis.core.RedisHash (preferred), or consider extending one of the following types with your repository: org.springframework.data.keyvalue.repository.KeyValueRepository
2026-05-24 23:00:17,681 [main] INFO  o.s.d.r.c.RepositoryConfigurationExtensionSupport  - Spring Data Redis - Could not safely identify store assignment for repository candidate interface cn.edu.sdu.java.server.repositorys.UserRepository; If you want this repository to be a Redis repository, consider annotating your entities with one of these annotations: org.springframework.data.redis.core.RedisHash (preferred), or consider extending one of the following types with your repository: org.springframework.data.keyvalue.repository.KeyValueRepository
2026-05-24 23:00:17,681 [main] INFO  o.s.d.r.c.RepositoryConfigurationExtensionSupport  - Spring Data Redis - Could not safely identify store assignment for repository candidate interface cn.edu.sdu.java.server.repositorys.UserTypeRepository; If you want this repository to be a Redis repository, consider annotating your entities with one of these annotations: org.springframework.data.redis.core.RedisHash (preferred), or consider extending one of the following types with your repository: org.springframework.data.keyvalue.repository.KeyValueRepository
2026-05-24 23:00:17,681 [main] INFO  o.s.d.r.c.RepositoryConfigurationDelegate          - Finished Spring Data repository scanning in 7 ms. Found 0 Redis repository interfaces.
2026-05-24 23:00:17,981 [main] INFO  o.s.b.w.embedded.tomcat.TomcatWebServer            - Tomcat initialized with port 22224 (http)
2026-05-24 23:00:17,988 [main] INFO  o.apache.coyote.http11.Http11NioProtocol           - Initializing ProtocolHandler ["http-nio-22224"]
2026-05-24 23:00:17,989 [main] INFO  o.apache.catalina.core.StandardService             - Starting service [Tomcat]
2026-05-24 23:00:17,989 [main] INFO  org.apache.catalina.core.StandardEngine            - Starting Servlet engine: [Apache Tomcat/10.1.34]
2026-05-24 23:00:18,024 [main] INFO  o.a.c.c.C.[Tomcat].[localhost].[/]                 - Initializing Spring embedded WebApplicationContext
2026-05-24 23:00:18,024 [main] INFO  o.s.b.w.s.c.ServletWebServerApplicationContext     - Root WebApplicationContext: initialization completed in 835 ms
2026-05-24 23:00:18,075 [main] INFO  com.zaxxer.hikari.HikariDataSource                 - HikariPool-1 - Starting...
2026-05-24 23:00:22,703 [main] INFO  com.zaxxer.hikari.pool.HikariPool                  - HikariPool-1 - Added connection com.mysql.cj.jdbc.ConnectionImpl@3719360c
2026-05-24 23:00:22,704 [main] INFO  com.zaxxer.hikari.HikariDataSource                 - HikariPool-1 - Start completed.
2026-05-24 23:00:22,729 [main] INFO  o.hibernate.jpa.internal.util.LogHelper            - HHH000204: Processing PersistenceUnitInfo [name: default]
2026-05-24 23:00:22,753 [main] INFO  org.hibernate.Version                              - HHH000412: Hibernate ORM core version 6.6.5.Final
2026-05-24 23:00:22,769 [main] INFO  o.h.c.internal.RegionFactoryInitiator              - HHH000026: Second-level cache disabled
2026-05-24 23:00:22,885 [main] INFO  o.s.o.j.p.SpringPersistenceUnitInfo                - No LoadTimeWeaver setup: ignoring JPA class transformer
2026-05-24 23:00:22,947 [main] INFO  org.hibernate.orm.connections.pooling              - HHH10001005: Database info:
	Database JDBC URL [Connecting through datasource 'HikariDataSource (HikariPool-1)']
	Database driver: undefined/unknown
	Database version: 8.0.35
	Autocommit mode: undefined/unknown
	Isolation level: undefined/unknown
	Minimum pool size: undefined/unknown
	Maximum pool size: undefined/unknown
2026-05-24 23:00:23,546 [main] INFO  o.h.e.t.j.p.i.JtaPlatformInitiator                 - HHH000489: No JTA platform available (set 'hibernate.transaction.jta.platform' to enable JTA platform integration)
2026-05-24 23:00:23,547 [main] INFO  o.s.o.j.LocalContainerEntityManagerFactoryBean     - Initialized JPA EntityManagerFactory for persistence unit 'default'
2026-05-24 23:00:23,671 [main] INFO  o.s.d.j.r.query.QueryEnhancerFactory               - Hibernate is in classpath; If applicable, HQL parser will be used.
2026-05-24 23:00:24,016 [main] WARN  o.s.b.a.o.j.JpaBaseConfiguration$JpaWebConfiguration - spring.jpa.open-in-view is enabled by default. Therefore, database queries may be performed during view rendering. Explicitly configure spring.jpa.open-in-view to disable this warning
2026-05-24 23:00:24,177 [main] INFO  o.s.s.c.a.a.c.InitializeAuthenticationProviderBeanManagerConfigurer$InitializeAuthenticationProviderManagerConfigurer - Global AuthenticationManager configured with AuthenticationProvider bean with name authenticationProvider
2026-05-24 23:00:24,178 [main] WARN  o.s.s.c.a.a.c.InitializeUserDetailsBeanManagerConfigurer$InitializeUserDetailsManagerConfigurer - Global AuthenticationManager configured with an AuthenticationProvider bean. UserDetailsService beans will not be used by Spring Security for automatically configuring username/password login. Consider removing the AuthenticationProvider bean. Alternatively, consider using the UserDetailsService in a manually instantiated DaoAuthenticationProvider. If the current configuration is intentional, to turn off this warning, increase the logging level of 'org.springframework.security.config.annotation.authentication.configuration.InitializeUserDetailsBeanManagerConfigurer' to ERROR
2026-05-24 23:00:24,629 [main] INFO  o.s.b.a.w.s.WelcomePageHandlerMapping              - Adding welcome page: class path resource [public/index.html]
2026-05-24 23:00:24,917 [main] INFO  o.apache.coyote.http11.Http11NioProtocol           - Starting ProtocolHandler ["http-nio-22224"]
2026-05-24 23:00:24,925 [main] INFO  o.s.b.w.embedded.tomcat.TomcatWebServer            - Tomcat started on port 22224 (http) with context path '/'
2026-05-24 23:00:24,930 [main] INFO  c.e.s.java.server.JavaServerApplication            - Started JavaServerApplication in 8.1 seconds (process running for 8.425)
2026-05-24 23:00:24,931 [main] INFO  c.e.s.j.server.SystemApplicationListener           - org.springframework.boot.context.event.ApplicationReadyEvent[source=org.springframework.boot.SpringApplication@291be813]
2026-05-24 23:00:24,931 [main] INFO  c.e.s.j.server.SystemApplicationListener           - SystemInitStart
2026-05-24 23:00:25,034 [main] INFO  c.e.s.j.server.SystemApplicationListener           - systemInitEnd
2026-05-24 23:00:30,958 [http-nio-22224-exec-2] INFO  o.a.c.c.C.[Tomcat].[localhost].[/]                 - Initializing Spring DispatcherServlet 'dispatcherServlet'
2026-05-24 23:00:30,958 [http-nio-22224-exec-2] INFO  o.s.web.servlet.DispatcherServlet                  - Initializing Servlet 'dispatcherServlet'
2026-05-24 23:00:30,959 [http-nio-22224-exec-2] INFO  o.s.web.servlet.DispatcherServlet                  - Completed initialization in 1 ms
2026-05-24 23:00:31,369 [http-nio-22224-exec-1] INFO  c.e.s.j.s.c.JwtAuthenticationFilter                - /api/base/getDataBaseUserName,2022030001,2026-05-24 23:00:31,0.033
2026-05-24 23:00:31,454 [http-nio-22224-exec-3] INFO  c.e.s.j.s.c.JwtAuthenticationFilter                - /api/base/getMenuList,2022030001,2026-05-24 23:00:31,0.08
2026-05-24 23:00:36,231 [http-nio-22224-exec-6] INFO  c.e.s.j.s.c.JwtAuthenticationFilter                - /api/studentCourse/getTeacherItemOptionList,2022030001,2026-05-24 23:00:36,0.054
2026-05-24 23:01:03,145 [SpringApplicationShutdownHook] INFO  o.s.b.w.embedded.tomcat.GracefulShutdown           - Commencing graceful shutdown. Waiting for active requests to complete
2026-05-24 23:01:03,149 [tomcat-shutdown] INFO  o.s.b.w.embedded.tomcat.GracefulShutdown           - Graceful shutdown complete
2026-05-24 23:01:03,159 [SpringApplicationShutdownHook] INFO  o.s.o.j.LocalContainerEntityManagerFactoryBean     - Closing JPA EntityManagerFactory for persistence unit 'default'
2026-05-24 23:01:03,160 [SpringApplicationShutdownHook] INFO  com.zaxxer.hikari.HikariDataSource                 - HikariPool-1 - Shutdown initiated...
2026-05-24 23:01:03,162 [SpringApplicationShutdownHook] INFO  com.zaxxer.hikari.HikariDataSource                 - HikariPool-1 - Shutdown completed.
2026-05-24 23:01:46,860 [background-preinit] INFO  o.h.validator.internal.util.Version                - HV000001: Hibernate Validator 8.0.2.Final
2026-05-24 23:01:46,885 [main] INFO  c.e.s.java.server.JavaServerApplication            - Starting JavaServerApplication using Java 21.0.10 with PID 20292 (E:\Programming\project\teamX-student-management\java-server\target\classes started by hp in E:\Programming\project\teamX-student-management\java-server)
2026-05-24 23:01:46,886 [main] INFO  c.e.s.java.server.JavaServerApplication            - No active profile set, falling back to 1 default profile: "default"
2026-05-24 23:01:47,274 [main] INFO  o.s.d.r.c.RepositoryConfigurationDelegate          - Multiple Spring Data modules found, entering strict repository configuration mode
2026-05-24 23:01:47,275 [main] INFO  o.s.d.r.c.RepositoryConfigurationDelegate          - Bootstrapping Spring Data JPA repositories in DEFAULT mode.
2026-05-24 23:01:47,366 [main] INFO  o.s.d.r.c.RepositoryConfigurationDelegate          - Finished Spring Data repository scanning in 87 ms. Found 18 JPA repository interfaces.
2026-05-24 23:01:47,376 [main] INFO  o.s.d.r.c.RepositoryConfigurationDelegate          - Multiple Spring Data modules found, entering strict repository configuration mode
2026-05-24 23:01:47,377 [main] INFO  o.s.d.r.c.RepositoryConfigurationDelegate          - Bootstrapping Spring Data Redis repositories in DEFAULT mode.
2026-05-24 23:01:47,384 [main] INFO  o.s.d.r.c.RepositoryConfigurationExtensionSupport  - Spring Data Redis - Could not safely identify store assignment for repository candidate interface cn.edu.sdu.java.server.repositorys.CourseRepository; If you want this repository to be a Redis repository, consider annotating your entities with one of these annotations: org.springframework.data.redis.core.RedisHash (preferred), or consider extending one of the following types with your repository: org.springframework.data.keyvalue.repository.KeyValueRepository
2026-05-24 23:01:47,384 [main] INFO  o.s.d.r.c.RepositoryConfigurationExtensionSupport  - Spring Data Redis - Could not safely identify store assignment for repository candidate interface cn.edu.sdu.java.server.repositorys.DictionaryInfoRepository; If you want this repository to be a Redis repository, consider annotating your entities with one of these annotations: org.springframework.data.redis.core.RedisHash (preferred), or consider extending one of the following types with your repository: org.springframework.data.keyvalue.repository.KeyValueRepository
2026-05-24 23:01:47,384 [main] INFO  o.s.d.r.c.RepositoryConfigurationExtensionSupport  - Spring Data Redis - Could not safely identify store assignment for repository candidate interface cn.edu.sdu.java.server.repositorys.FamilyMemberRepository; If you want this repository to be a Redis repository, consider annotating your entities with one of these annotations: org.springframework.data.redis.core.RedisHash (preferred), or consider extending one of the following types with your repository: org.springframework.data.keyvalue.repository.KeyValueRepository
2026-05-24 23:01:47,385 [main] INFO  o.s.d.r.c.RepositoryConfigurationExtensionSupport  - Spring Data Redis - Could not safely identify store assignment for repository candidate interface cn.edu.sdu.java.server.repositorys.FeeRepository; If you want this repository to be a Redis repository, consider annotating your entities with one of these annotations: org.springframework.data.redis.core.RedisHash (preferred), or consider extending one of the following types with your repository: org.springframework.data.keyvalue.repository.KeyValueRepository
2026-05-24 23:01:47,385 [main] INFO  o.s.d.r.c.RepositoryConfigurationExtensionSupport  - Spring Data Redis - Could not safely identify store assignment for repository candidate interface cn.edu.sdu.java.server.repositorys.HomeworkRepository; If you want this repository to be a Redis repository, consider annotating your entities with one of these annotations: org.springframework.data.redis.core.RedisHash (preferred), or consider extending one of the following types with your repository: org.springframework.data.keyvalue.repository.KeyValueRepository
2026-05-24 23:01:47,385 [main] INFO  o.s.d.r.c.RepositoryConfigurationExtensionSupport  - Spring Data Redis - Could not safely identify store assignment for repository candidate interface cn.edu.sdu.java.server.repositorys.MenuInfoRepository; If you want this repository to be a Redis repository, consider annotating your entities with one of these annotations: org.springframework.data.redis.core.RedisHash (preferred), or consider extending one of the following types with your repository: org.springframework.data.keyvalue.repository.KeyValueRepository
2026-05-24 23:01:47,385 [main] INFO  o.s.d.r.c.RepositoryConfigurationExtensionSupport  - Spring Data Redis - Could not safely identify store assignment for repository candidate interface cn.edu.sdu.java.server.repositorys.ModifyLogRepository; If you want this repository to be a Redis repository, consider annotating your entities with one of these annotations: org.springframework.data.redis.core.RedisHash (preferred), or consider extending one of the following types with your repository: org.springframework.data.keyvalue.repository.KeyValueRepository
2026-05-24 23:01:47,385 [main] INFO  o.s.d.r.c.RepositoryConfigurationExtensionSupport  - Spring Data Redis - Could not safely identify store assignment for repository candidate interface cn.edu.sdu.java.server.repositorys.PersonRepository; If you want this repository to be a Redis repository, consider annotating your entities with one of these annotations: org.springframework.data.redis.core.RedisHash (preferred), or consider extending one of the following types with your repository: org.springframework.data.keyvalue.repository.KeyValueRepository
2026-05-24 23:01:47,385 [main] INFO  o.s.d.r.c.RepositoryConfigurationExtensionSupport  - Spring Data Redis - Could not safely identify store assignment for repository candidate interface cn.edu.sdu.java.server.repositorys.ScoreRepository; If you want this repository to be a Redis repository, consider annotating your entities with one of these annotations: org.springframework.data.redis.core.RedisHash (preferred), or consider extending one of the following types with your repository: org.springframework.data.keyvalue.repository.KeyValueRepository
2026-05-24 23:01:47,386 [main] INFO  o.s.d.r.c.RepositoryConfigurationExtensionSupport  - Spring Data Redis - Could not safely identify store assignment for repository candidate interface cn.edu.sdu.java.server.repositorys.StatisticsDayRepository; If you want this repository to be a Redis repository, consider annotating your entities with one of these annotations: org.springframework.data.redis.core.RedisHash (preferred), or consider extending one of the following types with your repository: org.springframework.data.keyvalue.repository.KeyValueRepository
2026-05-24 23:01:47,386 [main] INFO  o.s.d.r.c.RepositoryConfigurationExtensionSupport  - Spring Data Redis - Could not safely identify store assignment for repository candidate interface cn.edu.sdu.java.server.repositorys.StudentCourseRepository; If you want this repository to be a Redis repository, consider annotating your entities with one of these annotations: org.springframework.data.redis.core.RedisHash (preferred), or consider extending one of the following types with your repository: org.springframework.data.keyvalue.repository.KeyValueRepository
2026-05-24 23:01:47,386 [main] INFO  o.s.d.r.c.RepositoryConfigurationExtensionSupport  - Spring Data Redis - Could not safely identify store assignment for repository candidate interface cn.edu.sdu.java.server.repositorys.StudentLeaveRepository; If you want this repository to be a Redis repository, consider annotating your entities with one of these annotations: org.springframework.data.redis.core.RedisHash (preferred), or consider extending one of the following types with your repository: org.springframework.data.keyvalue.repository.KeyValueRepository
2026-05-24 23:01:47,386 [main] INFO  o.s.d.r.c.RepositoryConfigurationExtensionSupport  - Spring Data Redis - Could not safely identify store assignment for repository candidate interface cn.edu.sdu.java.server.repositorys.StudentRepository; If you want this repository to be a Redis repository, consider annotating your entities with one of these annotations: org.springframework.data.redis.core.RedisHash (preferred), or consider extending one of the following types with your repository: org.springframework.data.keyvalue.repository.KeyValueRepository
2026-05-24 23:01:47,386 [main] INFO  o.s.d.r.c.RepositoryConfigurationExtensionSupport  - Spring Data Redis - Could not safely identify store assignment for repository candidate interface cn.edu.sdu.java.server.repositorys.StudentStatisticsRepository; If you want this repository to be a Redis repository, consider annotating your entities with one of these annotations: org.springframework.data.redis.core.RedisHash (preferred), or consider extending one of the following types with your repository: org.springframework.data.keyvalue.repository.KeyValueRepository
2026-05-24 23:01:47,386 [main] INFO  o.s.d.r.c.RepositoryConfigurationExtensionSupport  - Spring Data Redis - Could not safely identify store assignment for repository candidate interface cn.edu.sdu.java.server.repositorys.SystemInfoRepository; If you want this repository to be a Redis repository, consider annotating your entities with one of these annotations: org.springframework.data.redis.core.RedisHash (preferred), or consider extending one of the following types with your repository: org.springframework.data.keyvalue.repository.KeyValueRepository
2026-05-24 23:01:47,386 [main] INFO  o.s.d.r.c.RepositoryConfigurationExtensionSupport  - Spring Data Redis - Could not safely identify store assignment for repository candidate interface cn.edu.sdu.java.server.repositorys.TeacherRepository; If you want this repository to be a Redis repository, consider annotating your entities with one of these annotations: org.springframework.data.redis.core.RedisHash (preferred), or consider extending one of the following types with your repository: org.springframework.data.keyvalue.repository.KeyValueRepository
2026-05-24 23:01:47,386 [main] INFO  o.s.d.r.c.RepositoryConfigurationExtensionSupport  - Spring Data Redis - Could not safely identify store assignment for repository candidate interface cn.edu.sdu.java.server.repositorys.UserRepository; If you want this repository to be a Redis repository, consider annotating your entities with one of these annotations: org.springframework.data.redis.core.RedisHash (preferred), or consider extending one of the following types with your repository: org.springframework.data.keyvalue.repository.KeyValueRepository
2026-05-24 23:01:47,387 [main] INFO  o.s.d.r.c.RepositoryConfigurationExtensionSupport  - Spring Data Redis - Could not safely identify store assignment for repository candidate interface cn.edu.sdu.java.server.repositorys.UserTypeRepository; If you want this repository to be a Redis repository, consider annotating your entities with one of these annotations: org.springframework.data.redis.core.RedisHash (preferred), or consider extending one of the following types with your repository: org.springframework.data.keyvalue.repository.KeyValueRepository
2026-05-24 23:01:47,387 [main] INFO  o.s.d.r.c.RepositoryConfigurationDelegate          - Finished Spring Data repository scanning in 5 ms. Found 0 Redis repository interfaces.
2026-05-24 23:01:47,660 [main] INFO  o.s.b.w.embedded.tomcat.TomcatWebServer            - Tomcat initialized with port 22224 (http)
2026-05-24 23:01:47,666 [main] INFO  o.apache.coyote.http11.Http11NioProtocol           - Initializing ProtocolHandler ["http-nio-22224"]
2026-05-24 23:01:47,667 [main] INFO  o.apache.catalina.core.StandardService             - Starting service [Tomcat]
2026-05-24 23:01:47,667 [main] INFO  org.apache.catalina.core.StandardEngine            - Starting Servlet engine: [Apache Tomcat/10.1.34]
2026-05-24 23:01:47,698 [main] INFO  o.a.c.c.C.[Tomcat].[localhost].[/]                 - Initializing Spring embedded WebApplicationContext
2026-05-24 23:01:47,698 [main] INFO  o.s.b.w.s.c.ServletWebServerApplicationContext     - Root WebApplicationContext: initialization completed in 785 ms
2026-05-24 23:01:47,741 [main] INFO  com.zaxxer.hikari.HikariDataSource                 - HikariPool-1 - Starting...
2026-05-24 23:01:52,363 [main] INFO  com.zaxxer.hikari.pool.HikariPool                  - HikariPool-1 - Added connection com.mysql.cj.jdbc.ConnectionImpl@539fc5d1
2026-05-24 23:01:52,364 [main] INFO  com.zaxxer.hikari.HikariDataSource                 - HikariPool-1 - Start completed.
2026-05-24 23:01:52,389 [main] INFO  o.hibernate.jpa.internal.util.LogHelper            - HHH000204: Processing PersistenceUnitInfo [name: default]
2026-05-24 23:01:52,413 [main] INFO  org.hibernate.Version                              - HHH000412: Hibernate ORM core version 6.6.5.Final
2026-05-24 23:01:52,428 [main] INFO  o.h.c.internal.RegionFactoryInitiator              - HHH000026: Second-level cache disabled
2026-05-24 23:01:52,567 [main] INFO  o.s.o.j.p.SpringPersistenceUnitInfo                - No LoadTimeWeaver setup: ignoring JPA class transformer
2026-05-24 23:01:52,629 [main] INFO  org.hibernate.orm.connections.pooling              - HHH10001005: Database info:
	Database JDBC URL [Connecting through datasource 'HikariDataSource (HikariPool-1)']
	Database driver: undefined/unknown
	Database version: 8.0.35
	Autocommit mode: undefined/unknown
	Isolation level: undefined/unknown
	Minimum pool size: undefined/unknown
	Maximum pool size: undefined/unknown
2026-05-24 23:01:53,174 [main] INFO  o.h.e.t.j.p.i.JtaPlatformInitiator                 - HHH000489: No JTA platform available (set 'hibernate.transaction.jta.platform' to enable JTA platform integration)
2026-05-24 23:01:53,175 [main] INFO  o.s.o.j.LocalContainerEntityManagerFactoryBean     - Initialized JPA EntityManagerFactory for persistence unit 'default'
2026-05-24 23:01:53,302 [main] INFO  o.s.d.j.r.query.QueryEnhancerFactory               - Hibernate is in classpath; If applicable, HQL parser will be used.
2026-05-24 23:01:53,649 [main] WARN  o.s.b.a.o.j.JpaBaseConfiguration$JpaWebConfiguration - spring.jpa.open-in-view is enabled by default. Therefore, database queries may be performed during view rendering. Explicitly configure spring.jpa.open-in-view to disable this warning
2026-05-24 23:01:53,791 [main] INFO  o.s.s.c.a.a.c.InitializeAuthenticationProviderBeanManagerConfigurer$InitializeAuthenticationProviderManagerConfigurer - Global AuthenticationManager configured with AuthenticationProvider bean with name authenticationProvider
2026-05-24 23:01:53,791 [main] WARN  o.s.s.c.a.a.c.InitializeUserDetailsBeanManagerConfigurer$InitializeUserDetailsManagerConfigurer - Global AuthenticationManager configured with an AuthenticationProvider bean. UserDetailsService beans will not be used by Spring Security for automatically configuring username/password login. Consider removing the AuthenticationProvider bean. Alternatively, consider using the UserDetailsService in a manually instantiated DaoAuthenticationProvider. If the current configuration is intentional, to turn off this warning, increase the logging level of 'org.springframework.security.config.annotation.authentication.configuration.InitializeUserDetailsBeanManagerConfigurer' to ERROR
2026-05-24 23:01:54,221 [main] INFO  o.s.b.a.w.s.WelcomePageHandlerMapping              - Adding welcome page: class path resource [public/index.html]
2026-05-24 23:01:54,530 [main] INFO  o.apache.coyote.http11.Http11NioProtocol           - Starting ProtocolHandler ["http-nio-22224"]
2026-05-24 23:01:54,544 [main] INFO  o.s.b.w.embedded.tomcat.TomcatWebServer            - Tomcat started on port 22224 (http) with context path '/'
2026-05-24 23:01:54,548 [main] INFO  c.e.s.java.server.JavaServerApplication            - Started JavaServerApplication in 7.968 seconds (process running for 8.312)
2026-05-24 23:01:54,550 [main] INFO  c.e.s.j.server.SystemApplicationListener           - org.springframework.boot.context.event.ApplicationReadyEvent[source=org.springframework.boot.SpringApplication@690d8a06]
2026-05-24 23:01:54,550 [main] INFO  c.e.s.j.server.SystemApplicationListener           - SystemInitStart
2026-05-24 23:01:54,651 [main] INFO  c.e.s.j.server.SystemApplicationListener           - systemInitEnd
2026-05-24 23:01:56,049 [http-nio-22224-exec-1] INFO  o.a.c.c.C.[Tomcat].[localhost].[/]                 - Initializing Spring DispatcherServlet 'dispatcherServlet'
2026-05-24 23:01:56,049 [http-nio-22224-exec-1] INFO  o.s.web.servlet.DispatcherServlet                  - Initializing Servlet 'dispatcherServlet'
2026-05-24 23:01:56,050 [http-nio-22224-exec-1] INFO  o.s.web.servlet.DispatcherServlet                  - Completed initialization in 1 ms
2026-05-24 23:01:56,458 [http-nio-22224-exec-5] INFO  c.e.s.j.s.c.JwtAuthenticationFilter                - /api/base/getDataBaseUserName,2022030001,2026-05-24 23:01:56,0.035
2026-05-24 23:01:56,551 [http-nio-22224-exec-3] INFO  c.e.s.j.s.c.JwtAuthenticationFilter                - /api/base/getMenuList,2022030001,2026-05-24 23:01:56,0.089
2026-05-24 23:01:59,449 [http-nio-22224-exec-6] INFO  c.e.s.j.s.c.JwtAuthenticationFilter                - /api/studentCourse/getTeacherItemOptionList,2022030001,2026-05-24 23:01:59,0.06
2026-05-24 23:01:59,502 [http-nio-22224-exec-2] INFO  c.e.s.j.s.c.JwtAuthenticationFilter                - /api/studentCourse/getCourseList,2022030001,2026-05-24 23:01:59,0.048
2026-05-24 23:09:21,105 [http-nio-22224-exec-5] INFO  c.e.s.j.s.c.JwtAuthenticationFilter                - /api/base/getDataBaseUserName,2022030001,2026-05-24 23:09:21,0.038
2026-05-24 23:09:21,298 [http-nio-22224-exec-3] INFO  c.e.s.j.s.c.JwtAuthenticationFilter                - /api/base/getMenuList,2022030001,2026-05-24 23:09:21,0.188
2026-05-24 23:09:25,624 [http-nio-22224-exec-6] INFO  c.e.s.j.s.c.JwtAuthenticationFilter                - /api/studentCourse/getTeacherItemOptionList,2022030001,2026-05-24 23:09:25,0.092
2026-05-24 23:09:25,705 [http-nio-22224-exec-2] INFO  c.e.s.j.s.c.JwtAuthenticationFilter                - /api/studentCourse/getCourseList,2022030001,2026-05-24 23:09:25,0.074
2026-05-24 23:09:34,303 [http-nio-22224-exec-4] INFO  c.e.s.j.s.c.JwtAuthenticationFilter                - /api/studentCourse/getCourseList,2022030001,2026-05-24 23:09:34,0.095
2026-05-24 23:09:34,597 [http-nio-22224-exec-1] INFO  c.e.s.j.s.c.JwtAuthenticationFilter                - /api/studentCourse/getCourseList,2022030001,2026-05-24 23:09:34,0.095
2026-05-24 23:09:35,928 [http-nio-22224-exec-5] INFO  c.e.s.j.s.c.JwtAuthenticationFilter                - /api/studentCourse/getCourseList,2022030001,2026-05-24 23:09:35,0.092
2026-05-24 23:09:37,055 [http-nio-22224-exec-3] INFO  c.e.s.j.s.c.JwtAuthenticationFilter                - /api/studentCourse/getCourseList,2022030001,2026-05-24 23:09:36,0.074
2026-05-24 23:09:46,543 [http-nio-22224-exec-6] INFO  c.e.s.j.s.c.JwtAuthenticationFilter                - /api/studentCourse/getCourseList,2022030001,2026-05-24 23:09:46,0.114
2026-05-24 23:09:51,620 [http-nio-22224-exec-8] INFO  c.e.s.j.s.c.JwtAuthenticationFilter                - /api/studentCourse/getCourseList,2022030001,2026-05-24 23:09:51,0.083
2026-05-24 23:09:56,464 [http-nio-22224-exec-7] INFO  c.e.s.j.s.c.JwtAuthenticationFilter                - /api/studentCourse/getCourseList,2022030001,2026-05-24 23:09:56,0.092
2026-05-24 23:09:59,844 [http-nio-22224-exec-10] INFO  c.e.s.j.s.c.JwtAuthenticationFilter                - /api/studentCourse/getCourseList,2022030001,2026-05-24 23:09:59,0.088
2026-05-24 23:10:04,774 [http-nio-22224-exec-4] INFO  c.e.s.j.s.c.JwtAuthenticationFilter                - /api/studentCourse/getCourseList,2022030001,2026-05-24 23:10:04,0.099
2026-05-24 23:10:10,094 [http-nio-22224-exec-9] INFO  c.e.s.j.s.c.JwtAuthenticationFilter                - /api/studentCourse/getCourseList,2022030001,2026-05-24 23:10:10,0.043
2026-05-24 23:11:29,876 [SpringApplicationShutdownHook] INFO  o.s.b.w.embedded.tomcat.GracefulShutdown           - Commencing graceful shutdown. Waiting for active requests to complete
2026-05-24 23:11:29,880 [tomcat-shutdown] INFO  o.s.b.w.embedded.tomcat.GracefulShutdown           - Graceful shutdown complete
2026-05-24 23:11:29,891 [SpringApplicationShutdownHook] INFO  o.s.o.j.LocalContainerEntityManagerFactoryBean     - Closing JPA EntityManagerFactory for persistence unit 'default'
2026-05-24 23:11:29,892 [SpringApplicationShutdownHook] INFO  com.zaxxer.hikari.HikariDataSource                 - HikariPool-1 - Shutdown initiated...
2026-05-24 23:11:29,894 [SpringApplicationShutdownHook] INFO  com.zaxxer.hikari.HikariDataSource                 - HikariPool-1 - Shutdown completed.
2026-05-24 23:11:36,561 [background-preinit] INFO  o.h.validator.internal.util.Version                - HV000001: Hibernate Validator 8.0.2.Final
2026-05-24 23:11:36,588 [main] INFO  c.e.s.java.server.JavaServerApplication            - Starting JavaServerApplication using Java 21.0.10 with PID 10580 (E:\Programming\project\teamX-student-management\java-server\target\classes started by hp in E:\Programming\project\teamX-student-management\java-server)
2026-05-24 23:11:36,589 [main] INFO  c.e.s.java.server.JavaServerApplication            - No active profile set, falling back to 1 default profile: "default"
2026-05-24 23:11:36,965 [main] INFO  o.s.d.r.c.RepositoryConfigurationDelegate          - Multiple Spring Data modules found, entering strict repository configuration mode
2026-05-24 23:11:36,966 [main] INFO  o.s.d.r.c.RepositoryConfigurationDelegate          - Bootstrapping Spring Data JPA repositories in DEFAULT mode.
2026-05-24 23:11:37,058 [main] INFO  o.s.d.r.c.RepositoryConfigurationDelegate          - Finished Spring Data repository scanning in 87 ms. Found 18 JPA repository interfaces.
2026-05-24 23:11:37,070 [main] INFO  o.s.d.r.c.RepositoryConfigurationDelegate          - Multiple Spring Data modules found, entering strict repository configuration mode
2026-05-24 23:11:37,071 [main] INFO  o.s.d.r.c.RepositoryConfigurationDelegate          - Bootstrapping Spring Data Redis repositories in DEFAULT mode.
2026-05-24 23:11:37,079 [main] INFO  o.s.d.r.c.RepositoryConfigurationExtensionSupport  - Spring Data Redis - Could not safely identify store assignment for repository candidate interface cn.edu.sdu.java.server.repositorys.CourseRepository; If you want this repository to be a Redis repository, consider annotating your entities with one of these annotations: org.springframework.data.redis.core.RedisHash (preferred), or consider extending one of the following types with your repository: org.springframework.data.keyvalue.repository.KeyValueRepository
2026-05-24 23:11:37,080 [main] INFO  o.s.d.r.c.RepositoryConfigurationExtensionSupport  - Spring Data Redis - Could not safely identify store assignment for repository candidate interface cn.edu.sdu.java.server.repositorys.DictionaryInfoRepository; If you want this repository to be a Redis repository, consider annotating your entities with one of these annotations: org.springframework.data.redis.core.RedisHash (preferred), or consider extending one of the following types with your repository: org.springframework.data.keyvalue.repository.KeyValueRepository
2026-05-24 23:11:37,080 [main] INFO  o.s.d.r.c.RepositoryConfigurationExtensionSupport  - Spring Data Redis - Could not safely identify store assignment for repository candidate interface cn.edu.sdu.java.server.repositorys.FamilyMemberRepository; If you want this repository to be a Redis repository, consider annotating your entities with one of these annotations: org.springframework.data.redis.core.RedisHash (preferred), or consider extending one of the following types with your repository: org.springframework.data.keyvalue.repository.KeyValueRepository
2026-05-24 23:11:37,080 [main] INFO  o.s.d.r.c.RepositoryConfigurationExtensionSupport  - Spring Data Redis - Could not safely identify store assignment for repository candidate interface cn.edu.sdu.java.server.repositorys.FeeRepository; If you want this repository to be a Redis repository, consider annotating your entities with one of these annotations: org.springframework.data.redis.core.RedisHash (preferred), or consider extending one of the following types with your repository: org.springframework.data.keyvalue.repository.KeyValueRepository
2026-05-24 23:11:37,080 [main] INFO  o.s.d.r.c.RepositoryConfigurationExtensionSupport  - Spring Data Redis - Could not safely identify store assignment for repository candidate interface cn.edu.sdu.java.server.repositorys.HomeworkRepository; If you want this repository to be a Redis repository, consider annotating your entities with one of these annotations: org.springframework.data.redis.core.RedisHash (preferred), or consider extending one of the following types with your repository: org.springframework.data.keyvalue.repository.KeyValueRepository
2026-05-24 23:11:37,080 [main] INFO  o.s.d.r.c.RepositoryConfigurationExtensionSupport  - Spring Data Redis - Could not safely identify store assignment for repository candidate interface cn.edu.sdu.java.server.repositorys.MenuInfoRepository; If you want this repository to be a Redis repository, consider annotating your entities with one of these annotations: org.springframework.data.redis.core.RedisHash (preferred), or consider extending one of the following types with your repository: org.springframework.data.keyvalue.repository.KeyValueRepository
2026-05-24 23:11:37,080 [main] INFO  o.s.d.r.c.RepositoryConfigurationExtensionSupport  - Spring Data Redis - Could not safely identify store assignment for repository candidate interface cn.edu.sdu.java.server.repositorys.ModifyLogRepository; If you want this repository to be a Redis repository, consider annotating your entities with one of these annotations: org.springframework.data.redis.core.RedisHash (preferred), or consider extending one of the following types with your repository: org.springframework.data.keyvalue.repository.KeyValueRepository
2026-05-24 23:11:37,080 [main] INFO  o.s.d.r.c.RepositoryConfigurationExtensionSupport  - Spring Data Redis - Could not safely identify store assignment for repository candidate interface cn.edu.sdu.java.server.repositorys.PersonRepository; If you want this repository to be a Redis repository, consider annotating your entities with one of these annotations: org.springframework.data.redis.core.RedisHash (preferred), or consider extending one of the following types with your repository: org.springframework.data.keyvalue.repository.KeyValueRepository
2026-05-24 23:11:37,081 [main] INFO  o.s.d.r.c.RepositoryConfigurationExtensionSupport  - Spring Data Redis - Could not safely identify store assignment for repository candidate interface cn.edu.sdu.java.server.repositorys.ScoreRepository; If you want this repository to be a Redis repository, consider annotating your entities with one of these annotations: org.springframework.data.redis.core.RedisHash (preferred), or consider extending one of the following types with your repository: org.springframework.data.keyvalue.repository.KeyValueRepository
2026-05-24 23:11:37,081 [main] INFO  o.s.d.r.c.RepositoryConfigurationExtensionSupport  - Spring Data Redis - Could not safely identify store assignment for repository candidate interface cn.edu.sdu.java.server.repositorys.StatisticsDayRepository; If you want this repository to be a Redis repository, consider annotating your entities with one of these annotations: org.springframework.data.redis.core.RedisHash (preferred), or consider extending one of the following types with your repository: org.springframework.data.keyvalue.repository.KeyValueRepository
2026-05-24 23:11:37,081 [main] INFO  o.s.d.r.c.RepositoryConfigurationExtensionSupport  - Spring Data Redis - Could not safely identify store assignment for repository candidate interface cn.edu.sdu.java.server.repositorys.StudentCourseRepository; If you want this repository to be a Redis repository, consider annotating your entities with one of these annotations: org.springframework.data.redis.core.RedisHash (preferred), or consider extending one of the following types with your repository: org.springframework.data.keyvalue.repository.KeyValueRepository
2026-05-24 23:11:37,081 [main] INFO  o.s.d.r.c.RepositoryConfigurationExtensionSupport  - Spring Data Redis - Could not safely identify store assignment for repository candidate interface cn.edu.sdu.java.server.repositorys.StudentLeaveRepository; If you want this repository to be a Redis repository, consider annotating your entities with one of these annotations: org.springframework.data.redis.core.RedisHash (preferred), or consider extending one of the following types with your repository: org.springframework.data.keyvalue.repository.KeyValueRepository
2026-05-24 23:11:37,081 [main] INFO  o.s.d.r.c.RepositoryConfigurationExtensionSupport  - Spring Data Redis - Could not safely identify store assignment for repository candidate interface cn.edu.sdu.java.server.repositorys.StudentRepository; If you want this repository to be a Redis repository, consider annotating your entities with one of these annotations: org.springframework.data.redis.core.RedisHash (preferred), or consider extending one of the following types with your repository: org.springframework.data.keyvalue.repository.KeyValueRepository
2026-05-24 23:11:37,082 [main] INFO  o.s.d.r.c.RepositoryConfigurationExtensionSupport  - Spring Data Redis - Could not safely identify store assignment for repository candidate interface cn.edu.sdu.java.server.repositorys.StudentStatisticsRepository; If you want this repository to be a Redis repository, consider annotating your entities with one of these annotations: org.springframework.data.redis.core.RedisHash (preferred), or consider extending one of the following types with your repository: org.springframework.data.keyvalue.repository.KeyValueRepository
2026-05-24 23:11:37,082 [main] INFO  o.s.d.r.c.RepositoryConfigurationExtensionSupport  - Spring Data Redis - Could not safely identify store assignment for repository candidate interface cn.edu.sdu.java.server.repositorys.SystemInfoRepository; If you want this repository to be a Redis repository, consider annotating your entities with one of these annotations: org.springframework.data.redis.core.RedisHash (preferred), or consider extending one of the following types with your repository: org.springframework.data.keyvalue.repository.KeyValueRepository
2026-05-24 23:11:37,082 [main] INFO  o.s.d.r.c.RepositoryConfigurationExtensionSupport  - Spring Data Redis - Could not safely identify store assignment for repository candidate interface cn.edu.sdu.java.server.repositorys.TeacherRepository; If you want this repository to be a Redis repository, consider annotating your entities with one of these annotations: org.springframework.data.redis.core.RedisHash (preferred), or consider extending one of the following types with your repository: org.springframework.data.keyvalue.repository.KeyValueRepository
2026-05-24 23:11:37,082 [main] INFO  o.s.d.r.c.RepositoryConfigurationExtensionSupport  - Spring Data Redis - Could not safely identify store assignment for repository candidate interface cn.edu.sdu.java.server.repositorys.UserRepository; If you want this repository to be a Redis repository, consider annotating your entities with one of these annotations: org.springframework.data.redis.core.RedisHash (preferred), or consider extending one of the following types with your repository: org.springframework.data.keyvalue.repository.KeyValueRepository
2026-05-24 23:11:37,082 [main] INFO  o.s.d.r.c.RepositoryConfigurationExtensionSupport  - Spring Data Redis - Could not safely identify store assignment for repository candidate interface cn.edu.sdu.java.server.repositorys.UserTypeRepository; If you want this repository to be a Redis repository, consider annotating your entities with one of these annotations: org.springframework.data.redis.core.RedisHash (preferred), or consider extending one of the following types with your repository: org.springframework.data.keyvalue.repository.KeyValueRepository
2026-05-24 23:11:37,082 [main] INFO  o.s.d.r.c.RepositoryConfigurationDelegate          - Finished Spring Data repository scanning in 6 ms. Found 0 Redis repository interfaces.
2026-05-24 23:11:37,392 [main] INFO  o.s.b.w.embedded.tomcat.TomcatWebServer            - Tomcat initialized with port 22224 (http)
2026-05-24 23:11:37,400 [main] INFO  o.apache.coyote.http11.Http11NioProtocol           - Initializing ProtocolHandler ["http-nio-22224"]
2026-05-24 23:11:37,401 [main] INFO  o.apache.catalina.core.StandardService             - Starting service [Tomcat]
2026-05-24 23:11:37,401 [main] INFO  org.apache.catalina.core.StandardEngine            - Starting Servlet engine: [Apache Tomcat/10.1.34]
2026-05-24 23:11:37,439 [main] INFO  o.a.c.c.C.[Tomcat].[localhost].[/]                 - Initializing Spring embedded WebApplicationContext
2026-05-24 23:11:37,439 [main] INFO  o.s.b.w.s.c.ServletWebServerApplicationContext     - Root WebApplicationContext: initialization completed in 825 ms
2026-05-24 23:11:37,497 [main] INFO  com.zaxxer.hikari.HikariDataSource                 - HikariPool-1 - Starting...
2026-05-24 23:11:42,173 [main] INFO  com.zaxxer.hikari.pool.HikariPool                  - HikariPool-1 - Added connection com.mysql.cj.jdbc.ConnectionImpl@3719360c
2026-05-24 23:11:42,174 [main] INFO  com.zaxxer.hikari.HikariDataSource                 - HikariPool-1 - Start completed.
2026-05-24 23:11:42,197 [main] INFO  o.hibernate.jpa.internal.util.LogHelper            - HHH000204: Processing PersistenceUnitInfo [name: default]
2026-05-24 23:11:42,220 [main] INFO  org.hibernate.Version                              - HHH000412: Hibernate ORM core version 6.6.5.Final
2026-05-24 23:11:42,233 [main] INFO  o.h.c.internal.RegionFactoryInitiator              - HHH000026: Second-level cache disabled
2026-05-24 23:11:42,348 [main] INFO  o.s.o.j.p.SpringPersistenceUnitInfo                - No LoadTimeWeaver setup: ignoring JPA class transformer
2026-05-24 23:11:42,413 [main] INFO  org.hibernate.orm.connections.pooling              - HHH10001005: Database info:
	Database JDBC URL [Connecting through datasource 'HikariDataSource (HikariPool-1)']
	Database driver: undefined/unknown
	Database version: 8.0.35
	Autocommit mode: undefined/unknown
	Isolation level: undefined/unknown
	Minimum pool size: undefined/unknown
	Maximum pool size: undefined/unknown
2026-05-24 23:11:42,970 [main] INFO  o.h.e.t.j.p.i.JtaPlatformInitiator                 - HHH000489: No JTA platform available (set 'hibernate.transaction.jta.platform' to enable JTA platform integration)
2026-05-24 23:11:42,971 [main] INFO  o.s.o.j.LocalContainerEntityManagerFactoryBean     - Initialized JPA EntityManagerFactory for persistence unit 'default'
2026-05-24 23:11:43,094 [main] INFO  o.s.d.j.r.query.QueryEnhancerFactory               - Hibernate is in classpath; If applicable, HQL parser will be used.
2026-05-24 23:11:43,483 [main] WARN  o.s.b.a.o.j.JpaBaseConfiguration$JpaWebConfiguration - spring.jpa.open-in-view is enabled by default. Therefore, database queries may be performed during view rendering. Explicitly configure spring.jpa.open-in-view to disable this warning
2026-05-24 23:11:43,627 [main] INFO  o.s.s.c.a.a.c.InitializeAuthenticationProviderBeanManagerConfigurer$InitializeAuthenticationProviderManagerConfigurer - Global AuthenticationManager configured with AuthenticationProvider bean with name authenticationProvider
2026-05-24 23:11:43,627 [main] WARN  o.s.s.c.a.a.c.InitializeUserDetailsBeanManagerConfigurer$InitializeUserDetailsManagerConfigurer - Global AuthenticationManager configured with an AuthenticationProvider bean. UserDetailsService beans will not be used by Spring Security for automatically configuring username/password login. Consider removing the AuthenticationProvider bean. Alternatively, consider using the UserDetailsService in a manually instantiated DaoAuthenticationProvider. If the current configuration is intentional, to turn off this warning, increase the logging level of 'org.springframework.security.config.annotation.authentication.configuration.InitializeUserDetailsBeanManagerConfigurer' to ERROR
2026-05-24 23:11:44,048 [main] INFO  o.s.b.a.w.s.WelcomePageHandlerMapping              - Adding welcome page: class path resource [public/index.html]
2026-05-24 23:11:44,370 [main] INFO  o.apache.coyote.http11.Http11NioProtocol           - Starting ProtocolHandler ["http-nio-22224"]
2026-05-24 23:11:44,381 [main] INFO  o.s.b.w.embedded.tomcat.TomcatWebServer            - Tomcat started on port 22224 (http) with context path '/'
2026-05-24 23:11:44,386 [main] INFO  c.e.s.java.server.JavaServerApplication            - Started JavaServerApplication in 8.101 seconds (process running for 8.446)
2026-05-24 23:11:44,388 [main] INFO  c.e.s.j.server.SystemApplicationListener           - org.springframework.boot.context.event.ApplicationReadyEvent[source=org.springframework.boot.SpringApplication@68db2d5c]
2026-05-24 23:11:44,388 [main] INFO  c.e.s.j.server.SystemApplicationListener           - SystemInitStart
2026-05-24 23:11:44,552 [main] INFO  c.e.s.j.server.SystemApplicationListener           - systemInitEnd
2026-05-24 23:11:47,064 [http-nio-22224-exec-2] INFO  o.a.c.c.C.[Tomcat].[localhost].[/]                 - Initializing Spring DispatcherServlet 'dispatcherServlet'
2026-05-24 23:11:47,064 [http-nio-22224-exec-2] INFO  o.s.web.servlet.DispatcherServlet                  - Initializing Servlet 'dispatcherServlet'
2026-05-24 23:11:47,065 [http-nio-22224-exec-2] INFO  o.s.web.servlet.DispatcherServlet                  - Completed initialization in 1 ms
2026-05-24 23:11:47,499 [http-nio-22224-exec-3] INFO  c.e.s.j.s.c.JwtAuthenticationFilter                - /api/base/getDataBaseUserName,2022030001,2026-05-24 23:11:47,0.055
2026-05-24 23:11:47,700 [http-nio-22224-exec-7] INFO  c.e.s.j.s.c.JwtAuthenticationFilter                - /api/base/getMenuList,2022030001,2026-05-24 23:11:47,0.195
2026-05-24 23:11:51,599 [http-nio-22224-exec-4] INFO  c.e.s.j.s.c.JwtAuthenticationFilter                - /api/studentCourse/getTeacherItemOptionList,2022030001,2026-05-24 23:11:51,0.1
2026-05-24 23:11:51,689 [http-nio-22224-exec-5] INFO  c.e.s.j.s.c.JwtAuthenticationFilter                - /api/studentCourse/getCourseList,2022030001,2026-05-24 23:11:51,0.084
2026-05-24 23:12:03,498 [http-nio-22224-exec-10] INFO  c.e.s.j.s.c.JwtAuthenticationFilter                - /api/studentCourse/getCourseList,2022030001,2026-05-24 23:12:03,0.111
2026-05-24 23:12:08,202 [http-nio-22224-exec-2] INFO  c.e.s.j.s.c.JwtAuthenticationFilter                - /api/studentCourse/getCourseList,2022030001,2026-05-24 23:12:08,0.104
2026-05-24 23:12:13,697 [http-nio-22224-exec-3] INFO  c.e.s.j.s.c.JwtAuthenticationFilter                - /api/studentCourse/getCourseList,2022030001,2026-05-24 23:12:13,0.055
2026-05-24 23:12:46,037 [http-nio-22224-exec-1] INFO  c.e.s.j.s.c.JwtAuthenticationFilter                - /api/studentCourse/courseSelect,2022030001,2026-05-24 23:12:45,0.331
2026-05-24 23:13:00,622 [http-nio-22224-exec-9] INFO  c.e.s.j.s.c.JwtAuthenticationFilter                - /api/studentCourse/getCourseList,2022030001,2026-05-24 23:13:00,0.057
2026-05-24 23:15:27,469 [http-nio-22224-exec-2] INFO  c.e.s.j.s.c.JwtAuthenticationFilter                - /api/homework/getCourseItemOptionList,2022030001,2026-05-24 23:15:27,0.097
2026-05-24 23:15:27,547 [http-nio-22224-exec-3] INFO  c.e.s.j.s.c.JwtAuthenticationFilter                - /api/homework/getHomeworkList,2022030001,2026-05-24 23:15:27,0.071
2026-05-24 23:27:50,905 [http-nio-22224-exec-6] INFO  c.e.s.j.s.c.JwtAuthenticationFilter                - /api/base/getDataBaseUserName,2022030001,2026-05-24 23:27:50,0.039
2026-05-24 23:27:51,064 [http-nio-22224-exec-1] INFO  c.e.s.j.s.c.JwtAuthenticationFilter                - /api/base/getMenuList,2022030001,2026-05-24 23:27:50,0.154
2026-05-24 23:27:53,755 [http-nio-22224-exec-9] INFO  c.e.s.j.s.c.JwtAuthenticationFilter                - /api/homework/getCourseItemOptionList,2022030001,2026-05-24 23:27:53,0.128
2026-05-24 23:27:53,862 [http-nio-22224-exec-8] INFO  c.e.s.j.s.c.JwtAuthenticationFilter                - /api/homework/getHomeworkList,2022030001,2026-05-24 23:27:53,0.093
2026-05-24 23:30:07,015 [http-nio-22224-exec-6] INFO  c.e.s.j.s.c.JwtAuthenticationFilter                - /api/base/getDataBaseUserName,2022030001,2026-05-24 23:30:06,0.044
2026-05-24 23:30:07,192 [http-nio-22224-exec-1] INFO  c.e.s.j.s.c.JwtAuthenticationFilter                - /api/base/getMenuList,2022030001,2026-05-24 23:30:07,0.172
2026-05-24 23:30:09,576 [http-nio-22224-exec-9] INFO  c.e.s.j.s.c.JwtAuthenticationFilter                - /api/homework/getCourseItemOptionList,2022030001,2026-05-24 23:30:09,0.09
2026-05-24 23:30:09,674 [http-nio-22224-exec-2] INFO  c.e.s.j.s.c.JwtAuthenticationFilter                - /api/homework/getHomeworkList,2022030001,2026-05-24 23:30:09,0.091
2026-05-24 23:30:43,450 [http-nio-22224-exec-6] INFO  c.e.s.j.s.c.JwtAuthenticationFilter                - /api/base/getDataBaseUserName,2022030001,2026-05-24 23:30:43,0.048
2026-05-24 23:30:43,646 [http-nio-22224-exec-1] INFO  c.e.s.j.s.c.JwtAuthenticationFilter                - /api/base/getMenuList,2022030001,2026-05-24 23:30:43,0.191
2026-05-24 23:30:45,908 [http-nio-22224-exec-9] INFO  c.e.s.j.s.c.JwtAuthenticationFilter                - /api/homework/getCourseItemOptionList,2022030001,2026-05-24 23:30:45,0.1
2026-05-24 23:30:45,991 [http-nio-22224-exec-2] INFO  c.e.s.j.s.c.JwtAuthenticationFilter                - /api/homework/getHomeworkList,2022030001,2026-05-24 23:30:45,0.076
2026-05-24 23:32:33,030 [http-nio-22224-exec-6] INFO  c.e.s.j.s.c.JwtAuthenticationFilter                - /api/base/getDataBaseUserName,2022030001,2026-05-24 23:32:32,0.039
2026-05-24 23:32:33,218 [http-nio-22224-exec-1] INFO  c.e.s.j.s.c.JwtAuthenticationFilter                - /api/base/getMenuList,2022030001,2026-05-24 23:32:33,0.184
2026-05-24 23:32:35,691 [http-nio-22224-exec-9] INFO  c.e.s.j.s.c.JwtAuthenticationFilter                - /api/homework/getCourseItemOptionList,2022030001,2026-05-24 23:32:35,0.058
2026-05-24 23:32:35,734 [http-nio-22224-exec-2] INFO  c.e.s.j.s.c.JwtAuthenticationFilter                - /api/homework/getHomeworkList,2022030001,2026-05-24 23:32:35,0.038
2026-05-24 23:32:36,910 [http-nio-22224-exec-7] INFO  c.e.s.j.s.c.JwtAuthenticationFilter                - /api/homework/getCourseItemOptionList,2022030001,2026-05-24 23:32:36,0.102
2026-05-24 23:32:51,308 [http-nio-22224-exec-5] INFO  c.e.s.j.s.c.JwtAuthenticationFilter                - /api/homework/getCourseItemOptionList,2022030001,2026-05-24 23:32:51,0.109
2026-05-24 23:32:53,250 [http-nio-22224-exec-6] INFO  c.e.s.j.s.c.JwtAuthenticationFilter                - /api/homework/getCourseItemOptionList,2022030001,2026-05-24 23:32:53,0.076
2026-05-24 23:32:57,215 [http-nio-22224-exec-1] INFO  c.e.s.j.s.c.JwtAuthenticationFilter                - /api/homework/getCourseItemOptionList,2022030001,2026-05-24 23:32:57,0.083
2026-05-24 23:32:57,854 [http-nio-22224-exec-9] INFO  c.e.s.j.s.c.JwtAuthenticationFilter                - /api/homework/getCourseItemOptionList,2022030001,2026-05-24 23:32:57,0.038
2026-05-24 23:32:59,402 [http-nio-22224-exec-7] INFO  c.e.s.j.s.c.JwtAuthenticationFilter                - /api/homework/getCourseItemOptionList,2022030001,2026-05-24 23:32:59,0.086
2026-05-24 23:33:05,910 [http-nio-22224-exec-6] INFO  c.e.s.j.s.c.JwtAuthenticationFilter                - /api/homework/getCourseItemOptionList,2022030001,2026-05-24 23:33:05,0.079
2026-05-24 23:33:07,441 [http-nio-22224-exec-1] INFO  c.e.s.j.s.c.JwtAuthenticationFilter                - /api/homework/getCourseItemOptionList,2022030001,2026-05-24 23:33:07,0.08
2026-05-24 23:35:23,824 [http-nio-22224-exec-10] INFO  c.e.s.j.s.c.JwtAuthenticationFilter                - /api/base/getDataBaseUserName,2022030001,2026-05-24 23:35:23,0.031
2026-05-24 23:35:23,928 [http-nio-22224-exec-8] INFO  c.e.s.j.s.c.JwtAuthenticationFilter                - /api/base/getMenuList,2022030001,2026-05-24 23:35:23,0.098
2026-05-24 23:35:25,972 [http-nio-22224-exec-7] INFO  c.e.s.j.s.c.JwtAuthenticationFilter                - /api/homework/getCourseItemOptionList,2022030001,2026-05-24 23:35:25,0.093
2026-05-24 23:35:26,063 [http-nio-22224-exec-5] INFO  c.e.s.j.s.c.JwtAuthenticationFilter                - /api/homework/getHomeworkList,2022030001,2026-05-24 23:35:25,0.085
2026-05-24 23:35:28,404 [http-nio-22224-exec-2] INFO  c.e.s.j.s.c.JwtAuthenticationFilter                - /api/homework/getCourseItemOptionList,2022030001,2026-05-24 23:35:28,0.096
2026-05-24 23:49:33,308 [http-nio-22224-exec-7] INFO  c.e.s.j.s.c.JwtAuthenticationFilter                - /api/base/getDataBaseUserName,2022030001,2026-05-24 23:49:33,0.04
2026-05-24 23:49:33,476 [http-nio-22224-exec-5] INFO  c.e.s.j.s.c.JwtAuthenticationFilter                - /api/base/getMenuList,2022030001,2026-05-24 23:49:33,0.163
2026-05-24 23:49:37,102 [http-nio-22224-exec-9] INFO  c.e.s.j.s.c.JwtAuthenticationFilter                - /api/homework/getCourseItemOptionList,2022030001,2026-05-24 23:49:37,0.079
2026-05-24 23:49:37,173 [http-nio-22224-exec-4] INFO  c.e.s.j.s.c.JwtAuthenticationFilter                - /api/homework/getHomeworkList,2022030001,2026-05-24 23:49:37,0.065
