2026-06-02 12:06:46,798 [background-preinit] INFO  o.h.validator.internal.util.Version                - HV000001: Hibernate Validator 8.0.2.Final
2026-06-02 12:06:46,836 [main] INFO  c.e.s.java.server.JavaServerApplication            - Starting JavaServerApplication using Java 21.0.10 with PID 3308 (E:\Programming\project\teamX-student-management\java-server\target\classes started by hp in E:\Programming\project\teamX-student-management\java-server)
2026-06-02 12:06:46,836 [main] INFO  c.e.s.java.server.JavaServerApplication            - No active profile set, falling back to 1 default profile: "default"
2026-06-02 12:06:47,359 [main] INFO  o.s.d.r.c.RepositoryConfigurationDelegate          - Multiple Spring Data modules found, entering strict repository configuration mode
2026-06-02 12:06:47,360 [main] INFO  o.s.d.r.c.RepositoryConfigurationDelegate          - Bootstrapping Spring Data JPA repositories in DEFAULT mode.
2026-06-02 12:06:47,474 [main] INFO  o.s.d.r.c.RepositoryConfigurationDelegate          - Finished Spring Data repository scanning in 109 ms. Found 21 JPA repository interfaces.
2026-06-02 12:06:47,488 [main] INFO  o.s.d.r.c.RepositoryConfigurationDelegate          - Multiple Spring Data modules found, entering strict repository configuration mode
2026-06-02 12:06:47,489 [main] INFO  o.s.d.r.c.RepositoryConfigurationDelegate          - Bootstrapping Spring Data Redis repositories in DEFAULT mode.
2026-06-02 12:06:47,501 [main] INFO  o.s.d.r.c.RepositoryConfigurationExtensionSupport  - Spring Data Redis - Could not safely identify store assignment for repository candidate interface cn.edu.sdu.java.server.repositorys.CourseRepository; If you want this repository to be a Redis repository, consider annotating your entities with one of these annotations: org.springframework.data.redis.core.RedisHash (preferred), or consider extending one of the following types with your repository: org.springframework.data.keyvalue.repository.KeyValueRepository
2026-06-02 12:06:47,501 [main] INFO  o.s.d.r.c.RepositoryConfigurationExtensionSupport  - Spring Data Redis - Could not safely identify store assignment for repository candidate interface cn.edu.sdu.java.server.repositorys.DictionaryInfoRepository; If you want this repository to be a Redis repository, consider annotating your entities with one of these annotations: org.springframework.data.redis.core.RedisHash (preferred), or consider extending one of the following types with your repository: org.springframework.data.keyvalue.repository.KeyValueRepository
2026-06-02 12:06:47,501 [main] INFO  o.s.d.r.c.RepositoryConfigurationExtensionSupport  - Spring Data Redis - Could not safely identify store assignment for repository candidate interface cn.edu.sdu.java.server.repositorys.FamilyMemberRepository; If you want this repository to be a Redis repository, consider annotating your entities with one of these annotations: org.springframework.data.redis.core.RedisHash (preferred), or consider extending one of the following types with your repository: org.springframework.data.keyvalue.repository.KeyValueRepository
2026-06-02 12:06:47,501 [main] INFO  o.s.d.r.c.RepositoryConfigurationExtensionSupport  - Spring Data Redis - Could not safely identify store assignment for repository candidate interface cn.edu.sdu.java.server.repositorys.FeeRepository; If you want this repository to be a Redis repository, consider annotating your entities with one of these annotations: org.springframework.data.redis.core.RedisHash (preferred), or consider extending one of the following types with your repository: org.springframework.data.keyvalue.repository.KeyValueRepository
2026-06-02 12:06:47,501 [main] INFO  o.s.d.r.c.RepositoryConfigurationExtensionSupport  - Spring Data Redis - Could not safely identify store assignment for repository candidate interface cn.edu.sdu.java.server.repositorys.HomeworkRepository; If you want this repository to be a Redis repository, consider annotating your entities with one of these annotations: org.springframework.data.redis.core.RedisHash (preferred), or consider extending one of the following types with your repository: org.springframework.data.keyvalue.repository.KeyValueRepository
2026-06-02 12:06:47,501 [main] INFO  o.s.d.r.c.RepositoryConfigurationExtensionSupport  - Spring Data Redis - Could not safely identify store assignment for repository candidate interface cn.edu.sdu.java.server.repositorys.MenuInfoRepository; If you want this repository to be a Redis repository, consider annotating your entities with one of these annotations: org.springframework.data.redis.core.RedisHash (preferred), or consider extending one of the following types with your repository: org.springframework.data.keyvalue.repository.KeyValueRepository
2026-06-02 12:06:47,501 [main] INFO  o.s.d.r.c.RepositoryConfigurationExtensionSupport  - Spring Data Redis - Could not safely identify store assignment for repository candidate interface cn.edu.sdu.java.server.repositorys.ModifyLogRepository; If you want this repository to be a Redis repository, consider annotating your entities with one of these annotations: org.springframework.data.redis.core.RedisHash (preferred), or consider extending one of the following types with your repository: org.springframework.data.keyvalue.repository.KeyValueRepository
2026-06-02 12:06:47,502 [main] INFO  o.s.d.r.c.RepositoryConfigurationExtensionSupport  - Spring Data Redis - Could not safely identify store assignment for repository candidate interface cn.edu.sdu.java.server.repositorys.PersonRepository; If you want this repository to be a Redis repository, consider annotating your entities with one of these annotations: org.springframework.data.redis.core.RedisHash (preferred), or consider extending one of the following types with your repository: org.springframework.data.keyvalue.repository.KeyValueRepository
2026-06-02 12:06:47,502 [main] INFO  o.s.d.r.c.RepositoryConfigurationExtensionSupport  - Spring Data Redis - Could not safely identify store assignment for repository candidate interface cn.edu.sdu.java.server.repositorys.ScoreRepository; If you want this repository to be a Redis repository, consider annotating your entities with one of these annotations: org.springframework.data.redis.core.RedisHash (preferred), or consider extending one of the following types with your repository: org.springframework.data.keyvalue.repository.KeyValueRepository
2026-06-02 12:06:47,502 [main] INFO  o.s.d.r.c.RepositoryConfigurationExtensionSupport  - Spring Data Redis - Could not safely identify store assignment for repository candidate interface cn.edu.sdu.java.server.repositorys.StatisticsDayRepository; If you want this repository to be a Redis repository, consider annotating your entities with one of these annotations: org.springframework.data.redis.core.RedisHash (preferred), or consider extending one of the following types with your repository: org.springframework.data.keyvalue.repository.KeyValueRepository
2026-06-02 12:06:47,502 [main] INFO  o.s.d.r.c.RepositoryConfigurationExtensionSupport  - Spring Data Redis - Could not safely identify store assignment for repository candidate interface cn.edu.sdu.java.server.repositorys.StudentCourseRepository; If you want this repository to be a Redis repository, consider annotating your entities with one of these annotations: org.springframework.data.redis.core.RedisHash (preferred), or consider extending one of the following types with your repository: org.springframework.data.keyvalue.repository.KeyValueRepository
2026-06-02 12:06:47,502 [main] INFO  o.s.d.r.c.RepositoryConfigurationExtensionSupport  - Spring Data Redis - Could not safely identify store assignment for repository candidate interface cn.edu.sdu.java.server.repositorys.StudentLeaveRepository; If you want this repository to be a Redis repository, consider annotating your entities with one of these annotations: org.springframework.data.redis.core.RedisHash (preferred), or consider extending one of the following types with your repository: org.springframework.data.keyvalue.repository.KeyValueRepository
2026-06-02 12:06:47,502 [main] INFO  o.s.d.r.c.RepositoryConfigurationExtensionSupport  - Spring Data Redis - Could not safely identify store assignment for repository candidate interface cn.edu.sdu.java.server.repositorys.StudentRepository; If you want this repository to be a Redis repository, consider annotating your entities with one of these annotations: org.springframework.data.redis.core.RedisHash (preferred), or consider extending one of the following types with your repository: org.springframework.data.keyvalue.repository.KeyValueRepository
2026-06-02 12:06:47,502 [main] INFO  o.s.d.r.c.RepositoryConfigurationExtensionSupport  - Spring Data Redis - Could not safely identify store assignment for repository candidate interface cn.edu.sdu.java.server.repositorys.StudentStatisticsRepository; If you want this repository to be a Redis repository, consider annotating your entities with one of these annotations: org.springframework.data.redis.core.RedisHash (preferred), or consider extending one of the following types with your repository: org.springframework.data.keyvalue.repository.KeyValueRepository
2026-06-02 12:06:47,503 [main] INFO  o.s.d.r.c.RepositoryConfigurationExtensionSupport  - Spring Data Redis - Could not safely identify store assignment for repository candidate interface cn.edu.sdu.java.server.repositorys.SystemInfoRepository; If you want this repository to be a Redis repository, consider annotating your entities with one of these annotations: org.springframework.data.redis.core.RedisHash (preferred), or consider extending one of the following types with your repository: org.springframework.data.keyvalue.repository.KeyValueRepository
2026-06-02 12:06:47,503 [main] INFO  o.s.d.r.c.RepositoryConfigurationExtensionSupport  - Spring Data Redis - Could not safely identify store assignment for repository candidate interface cn.edu.sdu.java.server.repositorys.TeacherRepository; If you want this repository to be a Redis repository, consider annotating your entities with one of these annotations: org.springframework.data.redis.core.RedisHash (preferred), or consider extending one of the following types with your repository: org.springframework.data.keyvalue.repository.KeyValueRepository
2026-06-02 12:06:47,503 [main] INFO  o.s.d.r.c.RepositoryConfigurationExtensionSupport  - Spring Data Redis - Could not safely identify store assignment for repository candidate interface cn.edu.sdu.java.server.repositorys.UserRepository; If you want this repository to be a Redis repository, consider annotating your entities with one of these annotations: org.springframework.data.redis.core.RedisHash (preferred), or consider extending one of the following types with your repository: org.springframework.data.keyvalue.repository.KeyValueRepository
2026-06-02 12:06:47,503 [main] INFO  o.s.d.r.c.RepositoryConfigurationExtensionSupport  - Spring Data Redis - Could not safely identify store assignment for repository candidate interface cn.edu.sdu.java.server.repositorys.UserTypeRepository; If you want this repository to be a Redis repository, consider annotating your entities with one of these annotations: org.springframework.data.redis.core.RedisHash (preferred), or consider extending one of the following types with your repository: org.springframework.data.keyvalue.repository.KeyValueRepository
2026-06-02 12:06:47,503 [main] INFO  o.s.d.r.c.RepositoryConfigurationExtensionSupport  - Spring Data Redis - Could not safely identify store assignment for repository candidate interface cn.edu.sdu.java.server.repositorys.VolunteerActivityRepository; If you want this repository to be a Redis repository, consider annotating your entities with one of these annotations: org.springframework.data.redis.core.RedisHash (preferred), or consider extending one of the following types with your repository: org.springframework.data.keyvalue.repository.KeyValueRepository
2026-06-02 12:06:47,503 [main] INFO  o.s.d.r.c.RepositoryConfigurationExtensionSupport  - Spring Data Redis - Could not safely identify store assignment for repository candidate interface cn.edu.sdu.java.server.repositorys.VolunteerSignupRepository; If you want this repository to be a Redis repository, consider annotating your entities with one of these annotations: org.springframework.data.redis.core.RedisHash (preferred), or consider extending one of the following types with your repository: org.springframework.data.keyvalue.repository.KeyValueRepository
2026-06-02 12:06:47,503 [main] INFO  o.s.d.r.c.RepositoryConfigurationExtensionSupport  - Spring Data Redis - Could not safely identify store assignment for repository candidate interface cn.edu.sdu.java.server.repositorys.WebsiteRepository; If you want this repository to be a Redis repository, consider annotating your entities with one of these annotations: org.springframework.data.redis.core.RedisHash (preferred), or consider extending one of the following types with your repository: org.springframework.data.keyvalue.repository.KeyValueRepository
2026-06-02 12:06:47,503 [main] INFO  o.s.d.r.c.RepositoryConfigurationDelegate          - Finished Spring Data repository scanning in 6 ms. Found 0 Redis repository interfaces.
2026-06-02 12:06:47,847 [main] INFO  o.s.b.w.embedded.tomcat.TomcatWebServer            - Tomcat initialized with port 22224 (http)
2026-06-02 12:06:47,856 [main] INFO  o.apache.coyote.http11.Http11NioProtocol           - Initializing ProtocolHandler ["http-nio-22224"]
2026-06-02 12:06:47,857 [main] INFO  o.apache.catalina.core.StandardService             - Starting service [Tomcat]
2026-06-02 12:06:47,857 [main] INFO  org.apache.catalina.core.StandardEngine            - Starting Servlet engine: [Apache Tomcat/10.1.34]
2026-06-02 12:06:47,892 [main] INFO  o.a.c.c.C.[Tomcat].[localhost].[/]                 - Initializing Spring embedded WebApplicationContext
2026-06-02 12:06:47,893 [main] INFO  o.s.b.w.s.c.ServletWebServerApplicationContext     - Root WebApplicationContext: initialization completed in 1030 ms
2026-06-02 12:06:47,977 [main] INFO  com.zaxxer.hikari.HikariDataSource                 - HikariPool-1 - Starting...
2026-06-02 12:06:52,635 [main] INFO  com.zaxxer.hikari.pool.HikariPool                  - HikariPool-1 - Added connection com.mysql.cj.jdbc.ConnectionImpl@29c1249a
2026-06-02 12:06:52,636 [main] INFO  com.zaxxer.hikari.HikariDataSource                 - HikariPool-1 - Start completed.
2026-06-02 12:06:52,668 [main] INFO  o.hibernate.jpa.internal.util.LogHelper            - HHH000204: Processing PersistenceUnitInfo [name: default]
2026-06-02 12:06:52,709 [main] INFO  org.hibernate.Version                              - HHH000412: Hibernate ORM core version 6.6.5.Final
2026-06-02 12:06:52,732 [main] INFO  o.h.c.internal.RegionFactoryInitiator              - HHH000026: Second-level cache disabled
2026-06-02 12:06:53,015 [main] INFO  o.s.o.j.p.SpringPersistenceUnitInfo                - No LoadTimeWeaver setup: ignoring JPA class transformer
2026-06-02 12:06:53,091 [main] INFO  org.hibernate.orm.connections.pooling              - HHH10001005: Database info:
	Database JDBC URL [Connecting through datasource 'HikariDataSource (HikariPool-1)']
	Database driver: undefined/unknown
	Database version: 8.0.35
	Autocommit mode: undefined/unknown
	Isolation level: undefined/unknown
	Minimum pool size: undefined/unknown
	Maximum pool size: undefined/unknown
2026-06-02 12:06:53,769 [main] INFO  o.h.e.t.j.p.i.JtaPlatformInitiator                 - HHH000489: No JTA platform available (set 'hibernate.transaction.jta.platform' to enable JTA platform integration)
2026-06-02 12:06:53,771 [main] INFO  o.s.o.j.LocalContainerEntityManagerFactoryBean     - Initialized JPA EntityManagerFactory for persistence unit 'default'
2026-06-02 12:06:53,926 [main] INFO  o.s.d.j.r.query.QueryEnhancerFactory               - Hibernate is in classpath; If applicable, HQL parser will be used.
2026-06-02 12:06:54,335 [main] WARN  o.s.b.a.o.j.JpaBaseConfiguration$JpaWebConfiguration - spring.jpa.open-in-view is enabled by default. Therefore, database queries may be performed during view rendering. Explicitly configure spring.jpa.open-in-view to disable this warning
2026-06-02 12:06:54,508 [main] INFO  o.s.s.c.a.a.c.InitializeAuthenticationProviderBeanManagerConfigurer$InitializeAuthenticationProviderManagerConfigurer - Global AuthenticationManager configured with AuthenticationProvider bean with name authenticationProvider
2026-06-02 12:06:54,509 [main] WARN  o.s.s.c.a.a.c.InitializeUserDetailsBeanManagerConfigurer$InitializeUserDetailsManagerConfigurer - Global AuthenticationManager configured with an AuthenticationProvider bean. UserDetailsService beans will not be used by Spring Security for automatically configuring username/password login. Consider removing the AuthenticationProvider bean. Alternatively, consider using the UserDetailsService in a manually instantiated DaoAuthenticationProvider. If the current configuration is intentional, to turn off this warning, increase the logging level of 'org.springframework.security.config.annotation.authentication.configuration.InitializeUserDetailsBeanManagerConfigurer' to ERROR
2026-06-02 12:06:55,012 [main] INFO  o.s.b.a.w.s.WelcomePageHandlerMapping              - Adding welcome page: class path resource [public/index.html]
2026-06-02 12:06:55,390 [main] INFO  o.apache.coyote.http11.Http11NioProtocol           - Starting ProtocolHandler ["http-nio-22224"]
2026-06-02 12:06:55,400 [main] INFO  o.s.b.w.embedded.tomcat.TomcatWebServer            - Tomcat started on port 22224 (http) with context path '/'
2026-06-02 12:06:55,406 [main] INFO  c.e.s.java.server.JavaServerApplication            - Started JavaServerApplication in 8.932 seconds (process running for 9.493)
2026-06-02 12:06:55,408 [main] INFO  c.e.s.j.server.SystemApplicationListener           - org.springframework.boot.context.event.ApplicationReadyEvent[source=org.springframework.boot.SpringApplication@87fed41]
2026-06-02 12:06:55,408 [main] INFO  c.e.s.j.server.SystemApplicationListener           - SystemInitStart
2026-06-02 12:06:55,526 [main] INFO  c.e.s.j.server.SystemApplicationListener           - systemInitEnd
2026-06-02 12:07:02,777 [http-nio-22224-exec-1] INFO  o.a.c.c.C.[Tomcat].[localhost].[/]                 - Initializing Spring DispatcherServlet 'dispatcherServlet'
2026-06-02 12:07:02,778 [http-nio-22224-exec-1] INFO  o.s.web.servlet.DispatcherServlet                  - Initializing Servlet 'dispatcherServlet'
2026-06-02 12:07:02,778 [http-nio-22224-exec-1] INFO  o.s.web.servlet.DispatcherServlet                  - Completed initialization in 0 ms
2026-06-02 12:07:03,237 [http-nio-22224-exec-4] INFO  c.e.s.j.s.c.JwtAuthenticationFilter                - /api/base/getDataBaseUserName,2022030001,2026-06-02 12:07:03,0.041
2026-06-02 12:07:03,349 [http-nio-22224-exec-3] INFO  c.e.s.j.s.c.JwtAuthenticationFilter                - /api/base/getMenuList,2022030001,2026-06-02 12:07:03,0.107
2026-06-02 12:07:05,984 [http-nio-22224-exec-2] INFO  c.e.s.j.s.c.JwtAuthenticationFilter                - /api/volunteer/getStudentActivityList,2022030001,2026-06-02 12:07:05,0.074
2026-06-02 12:25:43,710 [http-nio-22224-exec-9] INFO  c.e.s.j.s.c.JwtAuthenticationFilter                - /api/volunteer/getActivityList,2022030001,2026-06-02 12:25:43,0.076
2026-06-02 12:25:43,754 [http-nio-22224-exec-10] INFO  c.e.s.j.s.c.JwtAuthenticationFilter                - /api/volunteer/getStudentActivityList,2022030001,2026-06-02 12:25:43,0.038
2026-06-02 12:40:28,472 [http-nio-22224-exec-2] INFO  c.e.s.j.s.c.JwtAuthenticationFilter                - /api/base/getDataBaseUserName,2022030001,2026-06-02 12:40:28,0.02
2026-06-02 12:40:28,568 [http-nio-22224-exec-5] INFO  c.e.s.j.s.c.JwtAuthenticationFilter                - /api/base/getMenuList,2022030001,2026-06-02 12:40:28,0.091
2026-06-02 12:40:31,301 [http-nio-22224-exec-7] INFO  c.e.s.j.s.c.JwtAuthenticationFilter                - /api/volunteer/getActivityList,2022030001,2026-06-02 12:40:31,0.065
2026-06-02 12:40:31,339 [http-nio-22224-exec-6] INFO  c.e.s.j.s.c.JwtAuthenticationFilter                - /api/volunteer/getStudentActivityList,2022030001,2026-06-02 12:40:31,0.031
2026-06-02 12:40:56,124 [http-nio-22224-exec-4] INFO  c.e.s.j.s.c.JwtAuthenticationFilter                - /api/volunteer/getStudentActivityList,2022030001,2026-06-02 12:40:56,0.063
2026-06-02 12:43:42,418 [SpringApplicationShutdownHook] INFO  o.s.b.w.embedded.tomcat.GracefulShutdown           - Commencing graceful shutdown. Waiting for active requests to complete
2026-06-02 12:43:42,422 [tomcat-shutdown] INFO  o.s.b.w.embedded.tomcat.GracefulShutdown           - Graceful shutdown complete
2026-06-02 12:43:42,441 [SpringApplicationShutdownHook] INFO  o.s.o.j.LocalContainerEntityManagerFactoryBean     - Closing JPA EntityManagerFactory for persistence unit 'default'
2026-06-02 12:43:42,443 [SpringApplicationShutdownHook] INFO  com.zaxxer.hikari.HikariDataSource                 - HikariPool-1 - Shutdown initiated...
2026-06-02 12:43:42,443 [SpringApplicationShutdownHook] INFO  com.zaxxer.hikari.HikariDataSource                 - HikariPool-1 - Shutdown completed.
2026-06-02 12:43:46,196 [background-preinit] INFO  o.h.validator.internal.util.Version                - HV000001: Hibernate Validator 8.0.2.Final
2026-06-02 12:43:46,224 [main] INFO  c.e.s.java.server.JavaServerApplication            - Starting JavaServerApplication using Java 21.0.10 with PID 12188 (E:\Programming\project\teamX-student-management\java-server\target\classes started by hp in E:\Programming\project\teamX-student-management\java-server)
2026-06-02 12:43:46,224 [main] INFO  c.e.s.java.server.JavaServerApplication            - No active profile set, falling back to 1 default profile: "default"
2026-06-02 12:43:46,650 [main] INFO  o.s.d.r.c.RepositoryConfigurationDelegate          - Multiple Spring Data modules found, entering strict repository configuration mode
2026-06-02 12:43:46,650 [main] INFO  o.s.d.r.c.RepositoryConfigurationDelegate          - Bootstrapping Spring Data JPA repositories in DEFAULT mode.
2026-06-02 12:43:46,739 [main] INFO  o.s.d.r.c.RepositoryConfigurationDelegate          - Finished Spring Data repository scanning in 85 ms. Found 21 JPA repository interfaces.
2026-06-02 12:43:46,750 [main] INFO  o.s.d.r.c.RepositoryConfigurationDelegate          - Multiple Spring Data modules found, entering strict repository configuration mode
2026-06-02 12:43:46,750 [main] INFO  o.s.d.r.c.RepositoryConfigurationDelegate          - Bootstrapping Spring Data Redis repositories in DEFAULT mode.
2026-06-02 12:43:46,759 [main] INFO  o.s.d.r.c.RepositoryConfigurationExtensionSupport  - Spring Data Redis - Could not safely identify store assignment for repository candidate interface cn.edu.sdu.java.server.repositorys.CourseRepository; If you want this repository to be a Redis repository, consider annotating your entities with one of these annotations: org.springframework.data.redis.core.RedisHash (preferred), or consider extending one of the following types with your repository: org.springframework.data.keyvalue.repository.KeyValueRepository
2026-06-02 12:43:46,759 [main] INFO  o.s.d.r.c.RepositoryConfigurationExtensionSupport  - Spring Data Redis - Could not safely identify store assignment for repository candidate interface cn.edu.sdu.java.server.repositorys.DictionaryInfoRepository; If you want this repository to be a Redis repository, consider annotating your entities with one of these annotations: org.springframework.data.redis.core.RedisHash (preferred), or consider extending one of the following types with your repository: org.springframework.data.keyvalue.repository.KeyValueRepository
2026-06-02 12:43:46,759 [main] INFO  o.s.d.r.c.RepositoryConfigurationExtensionSupport  - Spring Data Redis - Could not safely identify store assignment for repository candidate interface cn.edu.sdu.java.server.repositorys.FamilyMemberRepository; If you want this repository to be a Redis repository, consider annotating your entities with one of these annotations: org.springframework.data.redis.core.RedisHash (preferred), or consider extending one of the following types with your repository: org.springframework.data.keyvalue.repository.KeyValueRepository
2026-06-02 12:43:46,759 [main] INFO  o.s.d.r.c.RepositoryConfigurationExtensionSupport  - Spring Data Redis - Could not safely identify store assignment for repository candidate interface cn.edu.sdu.java.server.repositorys.FeeRepository; If you want this repository to be a Redis repository, consider annotating your entities with one of these annotations: org.springframework.data.redis.core.RedisHash (preferred), or consider extending one of the following types with your repository: org.springframework.data.keyvalue.repository.KeyValueRepository
2026-06-02 12:43:46,759 [main] INFO  o.s.d.r.c.RepositoryConfigurationExtensionSupport  - Spring Data Redis - Could not safely identify store assignment for repository candidate interface cn.edu.sdu.java.server.repositorys.HomeworkRepository; If you want this repository to be a Redis repository, consider annotating your entities with one of these annotations: org.springframework.data.redis.core.RedisHash (preferred), or consider extending one of the following types with your repository: org.springframework.data.keyvalue.repository.KeyValueRepository
2026-06-02 12:43:46,759 [main] INFO  o.s.d.r.c.RepositoryConfigurationExtensionSupport  - Spring Data Redis - Could not safely identify store assignment for repository candidate interface cn.edu.sdu.java.server.repositorys.MenuInfoRepository; If you want this repository to be a Redis repository, consider annotating your entities with one of these annotations: org.springframework.data.redis.core.RedisHash (preferred), or consider extending one of the following types with your repository: org.springframework.data.keyvalue.repository.KeyValueRepository
2026-06-02 12:43:46,760 [main] INFO  o.s.d.r.c.RepositoryConfigurationExtensionSupport  - Spring Data Redis - Could not safely identify store assignment for repository candidate interface cn.edu.sdu.java.server.repositorys.ModifyLogRepository; If you want this repository to be a Redis repository, consider annotating your entities with one of these annotations: org.springframework.data.redis.core.RedisHash (preferred), or consider extending one of the following types with your repository: org.springframework.data.keyvalue.repository.KeyValueRepository
2026-06-02 12:43:46,760 [main] INFO  o.s.d.r.c.RepositoryConfigurationExtensionSupport  - Spring Data Redis - Could not safely identify store assignment for repository candidate interface cn.edu.sdu.java.server.repositorys.PersonRepository; If you want this repository to be a Redis repository, consider annotating your entities with one of these annotations: org.springframework.data.redis.core.RedisHash (preferred), or consider extending one of the following types with your repository: org.springframework.data.keyvalue.repository.KeyValueRepository
2026-06-02 12:43:46,760 [main] INFO  o.s.d.r.c.RepositoryConfigurationExtensionSupport  - Spring Data Redis - Could not safely identify store assignment for repository candidate interface cn.edu.sdu.java.server.repositorys.ScoreRepository; If you want this repository to be a Redis repository, consider annotating your entities with one of these annotations: org.springframework.data.redis.core.RedisHash (preferred), or consider extending one of the following types with your repository: org.springframework.data.keyvalue.repository.KeyValueRepository
2026-06-02 12:43:46,760 [main] INFO  o.s.d.r.c.RepositoryConfigurationExtensionSupport  - Spring Data Redis - Could not safely identify store assignment for repository candidate interface cn.edu.sdu.java.server.repositorys.StatisticsDayRepository; If you want this repository to be a Redis repository, consider annotating your entities with one of these annotations: org.springframework.data.redis.core.RedisHash (preferred), or consider extending one of the following types with your repository: org.springframework.data.keyvalue.repository.KeyValueRepository
2026-06-02 12:43:46,760 [main] INFO  o.s.d.r.c.RepositoryConfigurationExtensionSupport  - Spring Data Redis - Could not safely identify store assignment for repository candidate interface cn.edu.sdu.java.server.repositorys.StudentCourseRepository; If you want this repository to be a Redis repository, consider annotating your entities with one of these annotations: org.springframework.data.redis.core.RedisHash (preferred), or consider extending one of the following types with your repository: org.springframework.data.keyvalue.repository.KeyValueRepository
2026-06-02 12:43:46,761 [main] INFO  o.s.d.r.c.RepositoryConfigurationExtensionSupport  - Spring Data Redis - Could not safely identify store assignment for repository candidate interface cn.edu.sdu.java.server.repositorys.StudentLeaveRepository; If you want this repository to be a Redis repository, consider annotating your entities with one of these annotations: org.springframework.data.redis.core.RedisHash (preferred), or consider extending one of the following types with your repository: org.springframework.data.keyvalue.repository.KeyValueRepository
2026-06-02 12:43:46,761 [main] INFO  o.s.d.r.c.RepositoryConfigurationExtensionSupport  - Spring Data Redis - Could not safely identify store assignment for repository candidate interface cn.edu.sdu.java.server.repositorys.StudentRepository; If you want this repository to be a Redis repository, consider annotating your entities with one of these annotations: org.springframework.data.redis.core.RedisHash (preferred), or consider extending one of the following types with your repository: org.springframework.data.keyvalue.repository.KeyValueRepository
2026-06-02 12:43:46,761 [main] INFO  o.s.d.r.c.RepositoryConfigurationExtensionSupport  - Spring Data Redis - Could not safely identify store assignment for repository candidate interface cn.edu.sdu.java.server.repositorys.StudentStatisticsRepository; If you want this repository to be a Redis repository, consider annotating your entities with one of these annotations: org.springframework.data.redis.core.RedisHash (preferred), or consider extending one of the following types with your repository: org.springframework.data.keyvalue.repository.KeyValueRepository
2026-06-02 12:43:46,761 [main] INFO  o.s.d.r.c.RepositoryConfigurationExtensionSupport  - Spring Data Redis - Could not safely identify store assignment for repository candidate interface cn.edu.sdu.java.server.repositorys.SystemInfoRepository; If you want this repository to be a Redis repository, consider annotating your entities with one of these annotations: org.springframework.data.redis.core.RedisHash (preferred), or consider extending one of the following types with your repository: org.springframework.data.keyvalue.repository.KeyValueRepository
2026-06-02 12:43:46,761 [main] INFO  o.s.d.r.c.RepositoryConfigurationExtensionSupport  - Spring Data Redis - Could not safely identify store assignment for repository candidate interface cn.edu.sdu.java.server.repositorys.TeacherRepository; If you want this repository to be a Redis repository, consider annotating your entities with one of these annotations: org.springframework.data.redis.core.RedisHash (preferred), or consider extending one of the following types with your repository: org.springframework.data.keyvalue.repository.KeyValueRepository
2026-06-02 12:43:46,762 [main] INFO  o.s.d.r.c.RepositoryConfigurationExtensionSupport  - Spring Data Redis - Could not safely identify store assignment for repository candidate interface cn.edu.sdu.java.server.repositorys.UserRepository; If you want this repository to be a Redis repository, consider annotating your entities with one of these annotations: org.springframework.data.redis.core.RedisHash (preferred), or consider extending one of the following types with your repository: org.springframework.data.keyvalue.repository.KeyValueRepository
2026-06-02 12:43:46,762 [main] INFO  o.s.d.r.c.RepositoryConfigurationExtensionSupport  - Spring Data Redis - Could not safely identify store assignment for repository candidate interface cn.edu.sdu.java.server.repositorys.UserTypeRepository; If you want this repository to be a Redis repository, consider annotating your entities with one of these annotations: org.springframework.data.redis.core.RedisHash (preferred), or consider extending one of the following types with your repository: org.springframework.data.keyvalue.repository.KeyValueRepository
2026-06-02 12:43:46,762 [main] INFO  o.s.d.r.c.RepositoryConfigurationExtensionSupport  - Spring Data Redis - Could not safely identify store assignment for repository candidate interface cn.edu.sdu.java.server.repositorys.VolunteerActivityRepository; If you want this repository to be a Redis repository, consider annotating your entities with one of these annotations: org.springframework.data.redis.core.RedisHash (preferred), or consider extending one of the following types with your repository: org.springframework.data.keyvalue.repository.KeyValueRepository
2026-06-02 12:43:46,762 [main] INFO  o.s.d.r.c.RepositoryConfigurationExtensionSupport  - Spring Data Redis - Could not safely identify store assignment for repository candidate interface cn.edu.sdu.java.server.repositorys.VolunteerSignupRepository; If you want this repository to be a Redis repository, consider annotating your entities with one of these annotations: org.springframework.data.redis.core.RedisHash (preferred), or consider extending one of the following types with your repository: org.springframework.data.keyvalue.repository.KeyValueRepository
2026-06-02 12:43:46,762 [main] INFO  o.s.d.r.c.RepositoryConfigurationExtensionSupport  - Spring Data Redis - Could not safely identify store assignment for repository candidate interface cn.edu.sdu.java.server.repositorys.WebsiteRepository; If you want this repository to be a Redis repository, consider annotating your entities with one of these annotations: org.springframework.data.redis.core.RedisHash (preferred), or consider extending one of the following types with your repository: org.springframework.data.keyvalue.repository.KeyValueRepository
2026-06-02 12:43:46,762 [main] INFO  o.s.d.r.c.RepositoryConfigurationDelegate          - Finished Spring Data repository scanning in 7 ms. Found 0 Redis repository interfaces.
2026-06-02 12:43:47,037 [main] INFO  o.s.b.w.embedded.tomcat.TomcatWebServer            - Tomcat initialized with port 22224 (http)
2026-06-02 12:43:47,043 [main] INFO  o.apache.coyote.http11.Http11NioProtocol           - Initializing ProtocolHandler ["http-nio-22224"]
2026-06-02 12:43:47,044 [main] INFO  o.apache.catalina.core.StandardService             - Starting service [Tomcat]
2026-06-02 12:43:47,044 [main] INFO  org.apache.catalina.core.StandardEngine            - Starting Servlet engine: [Apache Tomcat/10.1.34]
2026-06-02 12:43:47,074 [main] INFO  o.a.c.c.C.[Tomcat].[localhost].[/]                 - Initializing Spring embedded WebApplicationContext
2026-06-02 12:43:47,074 [main] INFO  o.s.b.w.s.c.ServletWebServerApplicationContext     - Root WebApplicationContext: initialization completed in 823 ms
2026-06-02 12:43:47,122 [main] INFO  com.zaxxer.hikari.HikariDataSource                 - HikariPool-1 - Starting...
2026-06-02 12:43:51,763 [main] INFO  com.zaxxer.hikari.pool.HikariPool                  - HikariPool-1 - Added connection com.mysql.cj.jdbc.ConnectionImpl@166b11e
2026-06-02 12:43:51,764 [main] INFO  com.zaxxer.hikari.HikariDataSource                 - HikariPool-1 - Start completed.
2026-06-02 12:43:51,788 [main] INFO  o.hibernate.jpa.internal.util.LogHelper            - HHH000204: Processing PersistenceUnitInfo [name: default]
2026-06-02 12:43:51,810 [main] INFO  org.hibernate.Version                              - HHH000412: Hibernate ORM core version 6.6.5.Final
2026-06-02 12:43:51,825 [main] INFO  o.h.c.internal.RegionFactoryInitiator              - HHH000026: Second-level cache disabled
2026-06-02 12:43:51,932 [main] INFO  o.s.o.j.p.SpringPersistenceUnitInfo                - No LoadTimeWeaver setup: ignoring JPA class transformer
2026-06-02 12:43:51,990 [main] INFO  org.hibernate.orm.connections.pooling              - HHH10001005: Database info:
	Database JDBC URL [Connecting through datasource 'HikariDataSource (HikariPool-1)']
	Database driver: undefined/unknown
	Database version: 8.0.35
	Autocommit mode: undefined/unknown
	Isolation level: undefined/unknown
	Minimum pool size: undefined/unknown
	Maximum pool size: undefined/unknown
2026-06-02 12:43:52,860 [main] INFO  o.h.e.t.j.p.i.JtaPlatformInitiator                 - HHH000489: No JTA platform available (set 'hibernate.transaction.jta.platform' to enable JTA platform integration)
2026-06-02 12:43:52,864 [main] INFO  o.s.o.j.LocalContainerEntityManagerFactoryBean     - Initialized JPA EntityManagerFactory for persistence unit 'default'
2026-06-02 12:43:53,100 [main] INFO  o.s.d.j.r.query.QueryEnhancerFactory               - Hibernate is in classpath; If applicable, HQL parser will be used.
2026-06-02 12:43:53,469 [main] WARN  o.s.b.a.o.j.JpaBaseConfiguration$JpaWebConfiguration - spring.jpa.open-in-view is enabled by default. Therefore, database queries may be performed during view rendering. Explicitly configure spring.jpa.open-in-view to disable this warning
2026-06-02 12:43:53,638 [main] INFO  o.s.s.c.a.a.c.InitializeAuthenticationProviderBeanManagerConfigurer$InitializeAuthenticationProviderManagerConfigurer - Global AuthenticationManager configured with AuthenticationProvider bean with name authenticationProvider
2026-06-02 12:43:53,638 [main] WARN  o.s.s.c.a.a.c.InitializeUserDetailsBeanManagerConfigurer$InitializeUserDetailsManagerConfigurer - Global AuthenticationManager configured with an AuthenticationProvider bean. UserDetailsService beans will not be used by Spring Security for automatically configuring username/password login. Consider removing the AuthenticationProvider bean. Alternatively, consider using the UserDetailsService in a manually instantiated DaoAuthenticationProvider. If the current configuration is intentional, to turn off this warning, increase the logging level of 'org.springframework.security.config.annotation.authentication.configuration.InitializeUserDetailsBeanManagerConfigurer' to ERROR
2026-06-02 12:43:54,141 [main] INFO  o.s.b.a.w.s.WelcomePageHandlerMapping              - Adding welcome page: class path resource [public/index.html]
2026-06-02 12:43:54,443 [main] INFO  o.apache.coyote.http11.Http11NioProtocol           - Starting ProtocolHandler ["http-nio-22224"]
2026-06-02 12:43:54,452 [main] INFO  o.s.b.w.embedded.tomcat.TomcatWebServer            - Tomcat started on port 22224 (http) with context path '/'
2026-06-02 12:43:54,457 [main] INFO  c.e.s.java.server.JavaServerApplication            - Started JavaServerApplication in 8.576 seconds (process running for 8.93)
2026-06-02 12:43:54,458 [main] INFO  c.e.s.j.server.SystemApplicationListener           - org.springframework.boot.context.event.ApplicationReadyEvent[source=org.springframework.boot.SpringApplication@4987383f]
2026-06-02 12:43:54,458 [main] INFO  c.e.s.j.server.SystemApplicationListener           - SystemInitStart
2026-06-02 12:43:54,560 [main] INFO  c.e.s.j.server.SystemApplicationListener           - systemInitEnd
2026-06-02 12:44:00,610 [http-nio-22224-exec-1] INFO  o.a.c.c.C.[Tomcat].[localhost].[/]                 - Initializing Spring DispatcherServlet 'dispatcherServlet'
2026-06-02 12:44:00,610 [http-nio-22224-exec-1] INFO  o.s.web.servlet.DispatcherServlet                  - Initializing Servlet 'dispatcherServlet'
2026-06-02 12:44:00,611 [http-nio-22224-exec-1] INFO  o.s.web.servlet.DispatcherServlet                  - Completed initialization in 1 ms
2026-06-02 12:44:01,039 [http-nio-22224-exec-2] INFO  c.e.s.j.s.c.JwtAuthenticationFilter                - /api/base/getDataBaseUserName,2022030001,2026-06-02 12:44:00,0.055
2026-06-02 12:44:01,249 [http-nio-22224-exec-3] INFO  c.e.s.j.s.c.JwtAuthenticationFilter                - /api/base/getMenuList,2022030001,2026-06-02 12:44:01,0.206
2026-06-02 12:44:06,705 [http-nio-22224-exec-4] INFO  c.e.s.j.s.c.JwtAuthenticationFilter                - /api/volunteer/getActivityList,2022030001,2026-06-02 12:44:06,0.095
2026-06-02 12:44:06,823 [http-nio-22224-exec-5] INFO  c.e.s.j.s.c.JwtAuthenticationFilter                - /api/volunteer/getStudentActivityList,2022030001,2026-06-02 12:44:06,0.111
2026-06-02 12:52:20,837 [SpringApplicationShutdownHook] INFO  o.s.b.w.embedded.tomcat.GracefulShutdown           - Commencing graceful shutdown. Waiting for active requests to complete
2026-06-02 12:52:20,840 [tomcat-shutdown] INFO  o.s.b.w.embedded.tomcat.GracefulShutdown           - Graceful shutdown complete
2026-06-02 12:52:20,850 [SpringApplicationShutdownHook] INFO  o.s.o.j.LocalContainerEntityManagerFactoryBean     - Closing JPA EntityManagerFactory for persistence unit 'default'
2026-06-02 12:52:20,851 [SpringApplicationShutdownHook] INFO  com.zaxxer.hikari.HikariDataSource                 - HikariPool-1 - Shutdown initiated...
2026-06-02 12:52:20,854 [SpringApplicationShutdownHook] INFO  com.zaxxer.hikari.HikariDataSource                 - HikariPool-1 - Shutdown completed.
2026-06-02 12:52:24,885 [background-preinit] INFO  o.h.validator.internal.util.Version                - HV000001: Hibernate Validator 8.0.2.Final
2026-06-02 12:52:24,911 [main] INFO  c.e.s.java.server.JavaServerApplication            - Starting JavaServerApplication using Java 21.0.10 with PID 13220 (E:\Programming\project\teamX-student-management\java-server\target\classes started by hp in E:\Programming\project\teamX-student-management\java-server)
2026-06-02 12:52:24,912 [main] INFO  c.e.s.java.server.JavaServerApplication            - No active profile set, falling back to 1 default profile: "default"
2026-06-02 12:52:25,291 [main] INFO  o.s.d.r.c.RepositoryConfigurationDelegate          - Multiple Spring Data modules found, entering strict repository configuration mode
2026-06-02 12:52:25,292 [main] INFO  o.s.d.r.c.RepositoryConfigurationDelegate          - Bootstrapping Spring Data JPA repositories in DEFAULT mode.
2026-06-02 12:52:25,382 [main] INFO  o.s.d.r.c.RepositoryConfigurationDelegate          - Finished Spring Data repository scanning in 86 ms. Found 21 JPA repository interfaces.
2026-06-02 12:52:25,393 [main] INFO  o.s.d.r.c.RepositoryConfigurationDelegate          - Multiple Spring Data modules found, entering strict repository configuration mode
2026-06-02 12:52:25,393 [main] INFO  o.s.d.r.c.RepositoryConfigurationDelegate          - Bootstrapping Spring Data Redis repositories in DEFAULT mode.
2026-06-02 12:52:25,401 [main] INFO  o.s.d.r.c.RepositoryConfigurationExtensionSupport  - Spring Data Redis - Could not safely identify store assignment for repository candidate interface cn.edu.sdu.java.server.repositorys.CourseRepository; If you want this repository to be a Redis repository, consider annotating your entities with one of these annotations: org.springframework.data.redis.core.RedisHash (preferred), or consider extending one of the following types with your repository: org.springframework.data.keyvalue.repository.KeyValueRepository
2026-06-02 12:52:25,401 [main] INFO  o.s.d.r.c.RepositoryConfigurationExtensionSupport  - Spring Data Redis - Could not safely identify store assignment for repository candidate interface cn.edu.sdu.java.server.repositorys.DictionaryInfoRepository; If you want this repository to be a Redis repository, consider annotating your entities with one of these annotations: org.springframework.data.redis.core.RedisHash (preferred), or consider extending one of the following types with your repository: org.springframework.data.keyvalue.repository.KeyValueRepository
2026-06-02 12:52:25,401 [main] INFO  o.s.d.r.c.RepositoryConfigurationExtensionSupport  - Spring Data Redis - Could not safely identify store assignment for repository candidate interface cn.edu.sdu.java.server.repositorys.FamilyMemberRepository; If you want this repository to be a Redis repository, consider annotating your entities with one of these annotations: org.springframework.data.redis.core.RedisHash (preferred), or consider extending one of the following types with your repository: org.springframework.data.keyvalue.repository.KeyValueRepository
2026-06-02 12:52:25,402 [main] INFO  o.s.d.r.c.RepositoryConfigurationExtensionSupport  - Spring Data Redis - Could not safely identify store assignment for repository candidate interface cn.edu.sdu.java.server.repositorys.FeeRepository; If you want this repository to be a Redis repository, consider annotating your entities with one of these annotations: org.springframework.data.redis.core.RedisHash (preferred), or consider extending one of the following types with your repository: org.springframework.data.keyvalue.repository.KeyValueRepository
2026-06-02 12:52:25,402 [main] INFO  o.s.d.r.c.RepositoryConfigurationExtensionSupport  - Spring Data Redis - Could not safely identify store assignment for repository candidate interface cn.edu.sdu.java.server.repositorys.HomeworkRepository; If you want this repository to be a Redis repository, consider annotating your entities with one of these annotations: org.springframework.data.redis.core.RedisHash (preferred), or consider extending one of the following types with your repository: org.springframework.data.keyvalue.repository.KeyValueRepository
2026-06-02 12:52:25,402 [main] INFO  o.s.d.r.c.RepositoryConfigurationExtensionSupport  - Spring Data Redis - Could not safely identify store assignment for repository candidate interface cn.edu.sdu.java.server.repositorys.MenuInfoRepository; If you want this repository to be a Redis repository, consider annotating your entities with one of these annotations: org.springframework.data.redis.core.RedisHash (preferred), or consider extending one of the following types with your repository: org.springframework.data.keyvalue.repository.KeyValueRepository
2026-06-02 12:52:25,402 [main] INFO  o.s.d.r.c.RepositoryConfigurationExtensionSupport  - Spring Data Redis - Could not safely identify store assignment for repository candidate interface cn.edu.sdu.java.server.repositorys.ModifyLogRepository; If you want this repository to be a Redis repository, consider annotating your entities with one of these annotations: org.springframework.data.redis.core.RedisHash (preferred), or consider extending one of the following types with your repository: org.springframework.data.keyvalue.repository.KeyValueRepository
2026-06-02 12:52:25,402 [main] INFO  o.s.d.r.c.RepositoryConfigurationExtensionSupport  - Spring Data Redis - Could not safely identify store assignment for repository candidate interface cn.edu.sdu.java.server.repositorys.PersonRepository; If you want this repository to be a Redis repository, consider annotating your entities with one of these annotations: org.springframework.data.redis.core.RedisHash (preferred), or consider extending one of the following types with your repository: org.springframework.data.keyvalue.repository.KeyValueRepository
2026-06-02 12:52:25,402 [main] INFO  o.s.d.r.c.RepositoryConfigurationExtensionSupport  - Spring Data Redis - Could not safely identify store assignment for repository candidate interface cn.edu.sdu.java.server.repositorys.ScoreRepository; If you want this repository to be a Redis repository, consider annotating your entities with one of these annotations: org.springframework.data.redis.core.RedisHash (preferred), or consider extending one of the following types with your repository: org.springframework.data.keyvalue.repository.KeyValueRepository
2026-06-02 12:52:25,402 [main] INFO  o.s.d.r.c.RepositoryConfigurationExtensionSupport  - Spring Data Redis - Could not safely identify store assignment for repository candidate interface cn.edu.sdu.java.server.repositorys.StatisticsDayRepository; If you want this repository to be a Redis repository, consider annotating your entities with one of these annotations: org.springframework.data.redis.core.RedisHash (preferred), or consider extending one of the following types with your repository: org.springframework.data.keyvalue.repository.KeyValueRepository
2026-06-02 12:52:25,402 [main] INFO  o.s.d.r.c.RepositoryConfigurationExtensionSupport  - Spring Data Redis - Could not safely identify store assignment for repository candidate interface cn.edu.sdu.java.server.repositorys.StudentCourseRepository; If you want this repository to be a Redis repository, consider annotating your entities with one of these annotations: org.springframework.data.redis.core.RedisHash (preferred), or consider extending one of the following types with your repository: org.springframework.data.keyvalue.repository.KeyValueRepository
2026-06-02 12:52:25,403 [main] INFO  o.s.d.r.c.RepositoryConfigurationExtensionSupport  - Spring Data Redis - Could not safely identify store assignment for repository candidate interface cn.edu.sdu.java.server.repositorys.StudentLeaveRepository; If you want this repository to be a Redis repository, consider annotating your entities with one of these annotations: org.springframework.data.redis.core.RedisHash (preferred), or consider extending one of the following types with your repository: org.springframework.data.keyvalue.repository.KeyValueRepository
2026-06-02 12:52:25,403 [main] INFO  o.s.d.r.c.RepositoryConfigurationExtensionSupport  - Spring Data Redis - Could not safely identify store assignment for repository candidate interface cn.edu.sdu.java.server.repositorys.StudentRepository; If you want this repository to be a Redis repository, consider annotating your entities with one of these annotations: org.springframework.data.redis.core.RedisHash (preferred), or consider extending one of the following types with your repository: org.springframework.data.keyvalue.repository.KeyValueRepository
2026-06-02 12:52:25,403 [main] INFO  o.s.d.r.c.RepositoryConfigurationExtensionSupport  - Spring Data Redis - Could not safely identify store assignment for repository candidate interface cn.edu.sdu.java.server.repositorys.StudentStatisticsRepository; If you want this repository to be a Redis repository, consider annotating your entities with one of these annotations: org.springframework.data.redis.core.RedisHash (preferred), or consider extending one of the following types with your repository: org.springframework.data.keyvalue.repository.KeyValueRepository
2026-06-02 12:52:25,403 [main] INFO  o.s.d.r.c.RepositoryConfigurationExtensionSupport  - Spring Data Redis - Could not safely identify store assignment for repository candidate interface cn.edu.sdu.java.server.repositorys.SystemInfoRepository; If you want this repository to be a Redis repository, consider annotating your entities with one of these annotations: org.springframework.data.redis.core.RedisHash (preferred), or consider extending one of the following types with your repository: org.springframework.data.keyvalue.repository.KeyValueRepository
2026-06-02 12:52:25,403 [main] INFO  o.s.d.r.c.RepositoryConfigurationExtensionSupport  - Spring Data Redis - Could not safely identify store assignment for repository candidate interface cn.edu.sdu.java.server.repositorys.TeacherRepository; If you want this repository to be a Redis repository, consider annotating your entities with one of these annotations: org.springframework.data.redis.core.RedisHash (preferred), or consider extending one of the following types with your repository: org.springframework.data.keyvalue.repository.KeyValueRepository
2026-06-02 12:52:25,403 [main] INFO  o.s.d.r.c.RepositoryConfigurationExtensionSupport  - Spring Data Redis - Could not safely identify store assignment for repository candidate interface cn.edu.sdu.java.server.repositorys.UserRepository; If you want this repository to be a Redis repository, consider annotating your entities with one of these annotations: org.springframework.data.redis.core.RedisHash (preferred), or consider extending one of the following types with your repository: org.springframework.data.keyvalue.repository.KeyValueRepository
2026-06-02 12:52:25,403 [main] INFO  o.s.d.r.c.RepositoryConfigurationExtensionSupport  - Spring Data Redis - Could not safely identify store assignment for repository candidate interface cn.edu.sdu.java.server.repositorys.UserTypeRepository; If you want this repository to be a Redis repository, consider annotating your entities with one of these annotations: org.springframework.data.redis.core.RedisHash (preferred), or consider extending one of the following types with your repository: org.springframework.data.keyvalue.repository.KeyValueRepository
2026-06-02 12:52:25,403 [main] INFO  o.s.d.r.c.RepositoryConfigurationExtensionSupport  - Spring Data Redis - Could not safely identify store assignment for repository candidate interface cn.edu.sdu.java.server.repositorys.VolunteerActivityRepository; If you want this repository to be a Redis repository, consider annotating your entities with one of these annotations: org.springframework.data.redis.core.RedisHash (preferred), or consider extending one of the following types with your repository: org.springframework.data.keyvalue.repository.KeyValueRepository
2026-06-02 12:52:25,403 [main] INFO  o.s.d.r.c.RepositoryConfigurationExtensionSupport  - Spring Data Redis - Could not safely identify store assignment for repository candidate interface cn.edu.sdu.java.server.repositorys.VolunteerSignupRepository; If you want this repository to be a Redis repository, consider annotating your entities with one of these annotations: org.springframework.data.redis.core.RedisHash (preferred), or consider extending one of the following types with your repository: org.springframework.data.keyvalue.repository.KeyValueRepository
2026-06-02 12:52:25,403 [main] INFO  o.s.d.r.c.RepositoryConfigurationExtensionSupport  - Spring Data Redis - Could not safely identify store assignment for repository candidate interface cn.edu.sdu.java.server.repositorys.WebsiteRepository; If you want this repository to be a Redis repository, consider annotating your entities with one of these annotations: org.springframework.data.redis.core.RedisHash (preferred), or consider extending one of the following types with your repository: org.springframework.data.keyvalue.repository.KeyValueRepository
2026-06-02 12:52:25,403 [main] INFO  o.s.d.r.c.RepositoryConfigurationDelegate          - Finished Spring Data repository scanning in 5 ms. Found 0 Redis repository interfaces.
2026-06-02 12:52:25,721 [main] INFO  o.s.b.w.embedded.tomcat.TomcatWebServer            - Tomcat initialized with port 22224 (http)
2026-06-02 12:52:25,728 [main] INFO  o.apache.coyote.http11.Http11NioProtocol           - Initializing ProtocolHandler ["http-nio-22224"]
2026-06-02 12:52:25,729 [main] INFO  o.apache.catalina.core.StandardService             - Starting service [Tomcat]
2026-06-02 12:52:25,729 [main] INFO  org.apache.catalina.core.StandardEngine            - Starting Servlet engine: [Apache Tomcat/10.1.34]
2026-06-02 12:52:25,765 [main] INFO  o.a.c.c.C.[Tomcat].[localhost].[/]                 - Initializing Spring embedded WebApplicationContext
2026-06-02 12:52:25,765 [main] INFO  o.s.b.w.s.c.ServletWebServerApplicationContext     - Root WebApplicationContext: initialization completed in 826 ms
2026-06-02 12:52:25,819 [main] INFO  com.zaxxer.hikari.HikariDataSource                 - HikariPool-1 - Starting...
2026-06-02 12:52:30,446 [main] INFO  com.zaxxer.hikari.pool.HikariPool                  - HikariPool-1 - Added connection com.mysql.cj.jdbc.ConnectionImpl@6df11e91
2026-06-02 12:52:30,447 [main] INFO  com.zaxxer.hikari.HikariDataSource                 - HikariPool-1 - Start completed.
2026-06-02 12:52:30,469 [main] INFO  o.hibernate.jpa.internal.util.LogHelper            - HHH000204: Processing PersistenceUnitInfo [name: default]
2026-06-02 12:52:30,490 [main] INFO  org.hibernate.Version                              - HHH000412: Hibernate ORM core version 6.6.5.Final
2026-06-02 12:52:30,503 [main] INFO  o.h.c.internal.RegionFactoryInitiator              - HHH000026: Second-level cache disabled
2026-06-02 12:52:30,602 [main] INFO  o.s.o.j.p.SpringPersistenceUnitInfo                - No LoadTimeWeaver setup: ignoring JPA class transformer
2026-06-02 12:52:30,660 [main] INFO  org.hibernate.orm.connections.pooling              - HHH10001005: Database info:
	Database JDBC URL [Connecting through datasource 'HikariDataSource (HikariPool-1)']
	Database driver: undefined/unknown
	Database version: 8.0.35
	Autocommit mode: undefined/unknown
	Isolation level: undefined/unknown
	Minimum pool size: undefined/unknown
	Maximum pool size: undefined/unknown
2026-06-02 12:52:31,235 [main] INFO  o.h.e.t.j.p.i.JtaPlatformInitiator                 - HHH000489: No JTA platform available (set 'hibernate.transaction.jta.platform' to enable JTA platform integration)
2026-06-02 12:52:31,236 [main] INFO  o.s.o.j.LocalContainerEntityManagerFactoryBean     - Initialized JPA EntityManagerFactory for persistence unit 'default'
2026-06-02 12:52:31,359 [main] INFO  o.s.d.j.r.query.QueryEnhancerFactory               - Hibernate is in classpath; If applicable, HQL parser will be used.
2026-06-02 12:52:31,689 [main] WARN  o.s.b.a.o.j.JpaBaseConfiguration$JpaWebConfiguration - spring.jpa.open-in-view is enabled by default. Therefore, database queries may be performed during view rendering. Explicitly configure spring.jpa.open-in-view to disable this warning
2026-06-02 12:52:31,848 [main] INFO  o.s.s.c.a.a.c.InitializeAuthenticationProviderBeanManagerConfigurer$InitializeAuthenticationProviderManagerConfigurer - Global AuthenticationManager configured with AuthenticationProvider bean with name authenticationProvider
2026-06-02 12:52:31,849 [main] WARN  o.s.s.c.a.a.c.InitializeUserDetailsBeanManagerConfigurer$InitializeUserDetailsManagerConfigurer - Global AuthenticationManager configured with an AuthenticationProvider bean. UserDetailsService beans will not be used by Spring Security for automatically configuring username/password login. Consider removing the AuthenticationProvider bean. Alternatively, consider using the UserDetailsService in a manually instantiated DaoAuthenticationProvider. If the current configuration is intentional, to turn off this warning, increase the logging level of 'org.springframework.security.config.annotation.authentication.configuration.InitializeUserDetailsBeanManagerConfigurer' to ERROR
2026-06-02 12:52:32,382 [main] INFO  o.s.b.a.w.s.WelcomePageHandlerMapping              - Adding welcome page: class path resource [public/index.html]
2026-06-02 12:52:32,721 [main] INFO  o.apache.coyote.http11.Http11NioProtocol           - Starting ProtocolHandler ["http-nio-22224"]
2026-06-02 12:52:32,731 [main] INFO  o.s.b.w.embedded.tomcat.TomcatWebServer            - Tomcat started on port 22224 (http) with context path '/'
2026-06-02 12:52:32,736 [main] INFO  c.e.s.java.server.JavaServerApplication            - Started JavaServerApplication in 8.132 seconds (process running for 8.481)
2026-06-02 12:52:32,738 [main] INFO  c.e.s.j.server.SystemApplicationListener           - org.springframework.boot.context.event.ApplicationReadyEvent[source=org.springframework.boot.SpringApplication@513b730]
2026-06-02 12:52:32,738 [main] INFO  c.e.s.j.server.SystemApplicationListener           - SystemInitStart
2026-06-02 12:52:32,850 [main] INFO  c.e.s.j.server.SystemApplicationListener           - systemInitEnd
2026-06-02 12:52:36,071 [http-nio-22224-exec-1] INFO  o.a.c.c.C.[Tomcat].[localhost].[/]                 - Initializing Spring DispatcherServlet 'dispatcherServlet'
2026-06-02 12:52:36,071 [http-nio-22224-exec-1] INFO  o.s.web.servlet.DispatcherServlet                  - Initializing Servlet 'dispatcherServlet'
2026-06-02 12:52:36,072 [http-nio-22224-exec-1] INFO  o.s.web.servlet.DispatcherServlet                  - Completed initialization in 1 ms
2026-06-02 12:52:36,554 [http-nio-22224-exec-2] INFO  c.e.s.j.s.c.JwtAuthenticationFilter                - /api/base/getDataBaseUserName,2022030001,2026-06-02 12:52:36,0.038
2026-06-02 12:52:36,657 [http-nio-22224-exec-3] INFO  c.e.s.j.s.c.JwtAuthenticationFilter                - /api/base/getMenuList,2022030001,2026-06-02 12:52:36,0.097
2026-06-02 12:52:39,854 [http-nio-22224-exec-4] INFO  c.e.s.j.s.c.JwtAuthenticationFilter                - /api/volunteer/getActivityList,2022030001,2026-06-02 12:52:39,0.103
2026-06-02 12:52:39,939 [http-nio-22224-exec-5] INFO  c.e.s.j.s.c.JwtAuthenticationFilter                - /api/volunteer/getStudentActivityList,2022030001,2026-06-02 12:52:39,0.078
2026-06-02 12:52:48,895 [http-nio-22224-exec-7] INFO  c.e.s.j.s.c.JwtAuthenticationFilter                - /api/volunteer/checkSignup,2022030001,2026-06-02 12:52:48,0.068
2026-06-02 12:52:52,062 [http-nio-22224-exec-1] INFO  c.e.s.j.s.c.JwtAuthenticationFilter                - /api/volunteer/checkSignup,2022030001,2026-06-02 12:52:52,0.04
2026-06-02 13:00:58,259 [SpringApplicationShutdownHook] INFO  o.s.b.w.embedded.tomcat.GracefulShutdown           - Commencing graceful shutdown. Waiting for active requests to complete
2026-06-02 13:00:58,263 [tomcat-shutdown] INFO  o.s.b.w.embedded.tomcat.GracefulShutdown           - Graceful shutdown complete
2026-06-02 13:00:58,274 [SpringApplicationShutdownHook] INFO  o.s.o.j.LocalContainerEntityManagerFactoryBean     - Closing JPA EntityManagerFactory for persistence unit 'default'
2026-06-02 13:00:58,275 [SpringApplicationShutdownHook] INFO  com.zaxxer.hikari.HikariDataSource                 - HikariPool-1 - Shutdown initiated...
2026-06-02 13:00:58,278 [SpringApplicationShutdownHook] INFO  com.zaxxer.hikari.HikariDataSource                 - HikariPool-1 - Shutdown completed.
2026-06-02 13:01:01,637 [background-preinit] INFO  o.h.validator.internal.util.Version                - HV000001: Hibernate Validator 8.0.2.Final
2026-06-02 13:01:01,664 [main] INFO  c.e.s.java.server.JavaServerApplication            - Starting JavaServerApplication using Java 21.0.10 with PID 11888 (E:\Programming\project\teamX-student-management\java-server\target\classes started by hp in E:\Programming\project\teamX-student-management\java-server)
2026-06-02 13:01:01,665 [main] INFO  c.e.s.java.server.JavaServerApplication            - No active profile set, falling back to 1 default profile: "default"
2026-06-02 13:01:02,025 [main] INFO  o.s.d.r.c.RepositoryConfigurationDelegate          - Multiple Spring Data modules found, entering strict repository configuration mode
2026-06-02 13:01:02,025 [main] INFO  o.s.d.r.c.RepositoryConfigurationDelegate          - Bootstrapping Spring Data JPA repositories in DEFAULT mode.
2026-06-02 13:01:02,109 [main] INFO  o.s.d.r.c.RepositoryConfigurationDelegate          - Finished Spring Data repository scanning in 78 ms. Found 21 JPA repository interfaces.
2026-06-02 13:01:02,119 [main] INFO  o.s.d.r.c.RepositoryConfigurationDelegate          - Multiple Spring Data modules found, entering strict repository configuration mode
2026-06-02 13:01:02,120 [main] INFO  o.s.d.r.c.RepositoryConfigurationDelegate          - Bootstrapping Spring Data Redis repositories in DEFAULT mode.
2026-06-02 13:01:02,129 [main] INFO  o.s.d.r.c.RepositoryConfigurationExtensionSupport  - Spring Data Redis - Could not safely identify store assignment for repository candidate interface cn.edu.sdu.java.server.repositorys.CourseRepository; If you want this repository to be a Redis repository, consider annotating your entities with one of these annotations: org.springframework.data.redis.core.RedisHash (preferred), or consider extending one of the following types with your repository: org.springframework.data.keyvalue.repository.KeyValueRepository
2026-06-02 13:01:02,129 [main] INFO  o.s.d.r.c.RepositoryConfigurationExtensionSupport  - Spring Data Redis - Could not safely identify store assignment for repository candidate interface cn.edu.sdu.java.server.repositorys.DictionaryInfoRepository; If you want this repository to be a Redis repository, consider annotating your entities with one of these annotations: org.springframework.data.redis.core.RedisHash (preferred), or consider extending one of the following types with your repository: org.springframework.data.keyvalue.repository.KeyValueRepository
2026-06-02 13:01:02,129 [main] INFO  o.s.d.r.c.RepositoryConfigurationExtensionSupport  - Spring Data Redis - Could not safely identify store assignment for repository candidate interface cn.edu.sdu.java.server.repositorys.FamilyMemberRepository; If you want this repository to be a Redis repository, consider annotating your entities with one of these annotations: org.springframework.data.redis.core.RedisHash (preferred), or consider extending one of the following types with your repository: org.springframework.data.keyvalue.repository.KeyValueRepository
2026-06-02 13:01:02,129 [main] INFO  o.s.d.r.c.RepositoryConfigurationExtensionSupport  - Spring Data Redis - Could not safely identify store assignment for repository candidate interface cn.edu.sdu.java.server.repositorys.FeeRepository; If you want this repository to be a Redis repository, consider annotating your entities with one of these annotations: org.springframework.data.redis.core.RedisHash (preferred), or consider extending one of the following types with your repository: org.springframework.data.keyvalue.repository.KeyValueRepository
2026-06-02 13:01:02,129 [main] INFO  o.s.d.r.c.RepositoryConfigurationExtensionSupport  - Spring Data Redis - Could not safely identify store assignment for repository candidate interface cn.edu.sdu.java.server.repositorys.HomeworkRepository; If you want this repository to be a Redis repository, consider annotating your entities with one of these annotations: org.springframework.data.redis.core.RedisHash (preferred), or consider extending one of the following types with your repository: org.springframework.data.keyvalue.repository.KeyValueRepository
2026-06-02 13:01:02,129 [main] INFO  o.s.d.r.c.RepositoryConfigurationExtensionSupport  - Spring Data Redis - Could not safely identify store assignment for repository candidate interface cn.edu.sdu.java.server.repositorys.MenuInfoRepository; If you want this repository to be a Redis repository, consider annotating your entities with one of these annotations: org.springframework.data.redis.core.RedisHash (preferred), or consider extending one of the following types with your repository: org.springframework.data.keyvalue.repository.KeyValueRepository
2026-06-02 13:01:02,129 [main] INFO  o.s.d.r.c.RepositoryConfigurationExtensionSupport  - Spring Data Redis - Could not safely identify store assignment for repository candidate interface cn.edu.sdu.java.server.repositorys.ModifyLogRepository; If you want this repository to be a Redis repository, consider annotating your entities with one of these annotations: org.springframework.data.redis.core.RedisHash (preferred), or consider extending one of the following types with your repository: org.springframework.data.keyvalue.repository.KeyValueRepository
2026-06-02 13:01:02,131 [main] INFO  o.s.d.r.c.RepositoryConfigurationExtensionSupport  - Spring Data Redis - Could not safely identify store assignment for repository candidate interface cn.edu.sdu.java.server.repositorys.PersonRepository; If you want this repository to be a Redis repository, consider annotating your entities with one of these annotations: org.springframework.data.redis.core.RedisHash (preferred), or consider extending one of the following types with your repository: org.springframework.data.keyvalue.repository.KeyValueRepository
2026-06-02 13:01:02,131 [main] INFO  o.s.d.r.c.RepositoryConfigurationExtensionSupport  - Spring Data Redis - Could not safely identify store assignment for repository candidate interface cn.edu.sdu.java.server.repositorys.ScoreRepository; If you want this repository to be a Redis repository, consider annotating your entities with one of these annotations: org.springframework.data.redis.core.RedisHash (preferred), or consider extending one of the following types with your repository: org.springframework.data.keyvalue.repository.KeyValueRepository
2026-06-02 13:01:02,131 [main] INFO  o.s.d.r.c.RepositoryConfigurationExtensionSupport  - Spring Data Redis - Could not safely identify store assignment for repository candidate interface cn.edu.sdu.java.server.repositorys.StatisticsDayRepository; If you want this repository to be a Redis repository, consider annotating your entities with one of these annotations: org.springframework.data.redis.core.RedisHash (preferred), or consider extending one of the following types with your repository: org.springframework.data.keyvalue.repository.KeyValueRepository
2026-06-02 13:01:02,131 [main] INFO  o.s.d.r.c.RepositoryConfigurationExtensionSupport  - Spring Data Redis - Could not safely identify store assignment for repository candidate interface cn.edu.sdu.java.server.repositorys.StudentCourseRepository; If you want this repository to be a Redis repository, consider annotating your entities with one of these annotations: org.springframework.data.redis.core.RedisHash (preferred), or consider extending one of the following types with your repository: org.springframework.data.keyvalue.repository.KeyValueRepository
2026-06-02 13:01:02,131 [main] INFO  o.s.d.r.c.RepositoryConfigurationExtensionSupport  - Spring Data Redis - Could not safely identify store assignment for repository candidate interface cn.edu.sdu.java.server.repositorys.StudentLeaveRepository; If you want this repository to be a Redis repository, consider annotating your entities with one of these annotations: org.springframework.data.redis.core.RedisHash (preferred), or consider extending one of the following types with your repository: org.springframework.data.keyvalue.repository.KeyValueRepository
2026-06-02 13:01:02,131 [main] INFO  o.s.d.r.c.RepositoryConfigurationExtensionSupport  - Spring Data Redis - Could not safely identify store assignment for repository candidate interface cn.edu.sdu.java.server.repositorys.StudentRepository; If you want this repository to be a Redis repository, consider annotating your entities with one of these annotations: org.springframework.data.redis.core.RedisHash (preferred), or consider extending one of the following types with your repository: org.springframework.data.keyvalue.repository.KeyValueRepository
2026-06-02 13:01:02,132 [main] INFO  o.s.d.r.c.RepositoryConfigurationExtensionSupport  - Spring Data Redis - Could not safely identify store assignment for repository candidate interface cn.edu.sdu.java.server.repositorys.StudentStatisticsRepository; If you want this repository to be a Redis repository, consider annotating your entities with one of these annotations: org.springframework.data.redis.core.RedisHash (preferred), or consider extending one of the following types with your repository: org.springframework.data.keyvalue.repository.KeyValueRepository
2026-06-02 13:01:02,132 [main] INFO  o.s.d.r.c.RepositoryConfigurationExtensionSupport  - Spring Data Redis - Could not safely identify store assignment for repository candidate interface cn.edu.sdu.java.server.repositorys.SystemInfoRepository; If you want this repository to be a Redis repository, consider annotating your entities with one of these annotations: org.springframework.data.redis.core.RedisHash (preferred), or consider extending one of the following types with your repository: org.springframework.data.keyvalue.repository.KeyValueRepository
2026-06-02 13:01:02,132 [main] INFO  o.s.d.r.c.RepositoryConfigurationExtensionSupport  - Spring Data Redis - Could not safely identify store assignment for repository candidate interface cn.edu.sdu.java.server.repositorys.TeacherRepository; If you want this repository to be a Redis repository, consider annotating your entities with one of these annotations: org.springframework.data.redis.core.RedisHash (preferred), or consider extending one of the following types with your repository: org.springframework.data.keyvalue.repository.KeyValueRepository
2026-06-02 13:01:02,132 [main] INFO  o.s.d.r.c.RepositoryConfigurationExtensionSupport  - Spring Data Redis - Could not safely identify store assignment for repository candidate interface cn.edu.sdu.java.server.repositorys.UserRepository; If you want this repository to be a Redis repository, consider annotating your entities with one of these annotations: org.springframework.data.redis.core.RedisHash (preferred), or consider extending one of the following types with your repository: org.springframework.data.keyvalue.repository.KeyValueRepository
2026-06-02 13:01:02,132 [main] INFO  o.s.d.r.c.RepositoryConfigurationExtensionSupport  - Spring Data Redis - Could not safely identify store assignment for repository candidate interface cn.edu.sdu.java.server.repositorys.UserTypeRepository; If you want this repository to be a Redis repository, consider annotating your entities with one of these annotations: org.springframework.data.redis.core.RedisHash (preferred), or consider extending one of the following types with your repository: org.springframework.data.keyvalue.repository.KeyValueRepository
2026-06-02 13:01:02,132 [main] INFO  o.s.d.r.c.RepositoryConfigurationExtensionSupport  - Spring Data Redis - Could not safely identify store assignment for repository candidate interface cn.edu.sdu.java.server.repositorys.VolunteerActivityRepository; If you want this repository to be a Redis repository, consider annotating your entities with one of these annotations: org.springframework.data.redis.core.RedisHash (preferred), or consider extending one of the following types with your repository: org.springframework.data.keyvalue.repository.KeyValueRepository
2026-06-02 13:01:02,132 [main] INFO  o.s.d.r.c.RepositoryConfigurationExtensionSupport  - Spring Data Redis - Could not safely identify store assignment for repository candidate interface cn.edu.sdu.java.server.repositorys.VolunteerSignupRepository; If you want this repository to be a Redis repository, consider annotating your entities with one of these annotations: org.springframework.data.redis.core.RedisHash (preferred), or consider extending one of the following types with your repository: org.springframework.data.keyvalue.repository.KeyValueRepository
2026-06-02 13:01:02,132 [main] INFO  o.s.d.r.c.RepositoryConfigurationExtensionSupport  - Spring Data Redis - Could not safely identify store assignment for repository candidate interface cn.edu.sdu.java.server.repositorys.WebsiteRepository; If you want this repository to be a Redis repository, consider annotating your entities with one of these annotations: org.springframework.data.redis.core.RedisHash (preferred), or consider extending one of the following types with your repository: org.springframework.data.keyvalue.repository.KeyValueRepository
2026-06-02 13:01:02,132 [main] INFO  o.s.d.r.c.RepositoryConfigurationDelegate          - Finished Spring Data repository scanning in 6 ms. Found 0 Redis repository interfaces.
2026-06-02 13:01:02,383 [main] INFO  o.s.b.w.embedded.tomcat.TomcatWebServer            - Tomcat initialized with port 22224 (http)
2026-06-02 13:01:02,396 [main] INFO  o.apache.coyote.http11.Http11NioProtocol           - Initializing ProtocolHandler ["http-nio-22224"]
2026-06-02 13:01:02,397 [main] INFO  o.apache.catalina.core.StandardService             - Starting service [Tomcat]
2026-06-02 13:01:02,397 [main] INFO  org.apache.catalina.core.StandardEngine            - Starting Servlet engine: [Apache Tomcat/10.1.34]
2026-06-02 13:01:02,424 [main] INFO  o.a.c.c.C.[Tomcat].[localhost].[/]                 - Initializing Spring embedded WebApplicationContext
2026-06-02 13:01:02,425 [main] INFO  o.s.b.w.s.c.ServletWebServerApplicationContext     - Root WebApplicationContext: initialization completed in 737 ms
2026-06-02 13:01:02,474 [main] INFO  com.zaxxer.hikari.HikariDataSource                 - HikariPool-1 - Starting...
2026-06-02 13:01:07,133 [main] INFO  com.zaxxer.hikari.pool.HikariPool                  - HikariPool-1 - Added connection com.mysql.cj.jdbc.ConnectionImpl@6df11e91
2026-06-02 13:01:07,135 [main] INFO  com.zaxxer.hikari.HikariDataSource                 - HikariPool-1 - Start completed.
2026-06-02 13:01:07,157 [main] INFO  o.hibernate.jpa.internal.util.LogHelper            - HHH000204: Processing PersistenceUnitInfo [name: default]
2026-06-02 13:01:07,199 [main] INFO  org.hibernate.Version                              - HHH000412: Hibernate ORM core version 6.6.5.Final
2026-06-02 13:01:07,239 [main] INFO  o.h.c.internal.RegionFactoryInitiator              - HHH000026: Second-level cache disabled
2026-06-02 13:01:07,387 [main] INFO  o.s.o.j.p.SpringPersistenceUnitInfo                - No LoadTimeWeaver setup: ignoring JPA class transformer
2026-06-02 13:01:07,453 [main] INFO  org.hibernate.orm.connections.pooling              - HHH10001005: Database info:
	Database JDBC URL [Connecting through datasource 'HikariDataSource (HikariPool-1)']
	Database driver: undefined/unknown
	Database version: 8.0.35
	Autocommit mode: undefined/unknown
	Isolation level: undefined/unknown
	Minimum pool size: undefined/unknown
	Maximum pool size: undefined/unknown
2026-06-02 13:01:08,029 [main] INFO  o.h.e.t.j.p.i.JtaPlatformInitiator                 - HHH000489: No JTA platform available (set 'hibernate.transaction.jta.platform' to enable JTA platform integration)
2026-06-02 13:01:08,031 [main] INFO  o.s.o.j.LocalContainerEntityManagerFactoryBean     - Initialized JPA EntityManagerFactory for persistence unit 'default'
2026-06-02 13:01:08,155 [main] INFO  o.s.d.j.r.query.QueryEnhancerFactory               - Hibernate is in classpath; If applicable, HQL parser will be used.
2026-06-02 13:01:08,479 [main] WARN  o.s.b.a.o.j.JpaBaseConfiguration$JpaWebConfiguration - spring.jpa.open-in-view is enabled by default. Therefore, database queries may be performed during view rendering. Explicitly configure spring.jpa.open-in-view to disable this warning
2026-06-02 13:01:08,616 [main] INFO  o.s.s.c.a.a.c.InitializeAuthenticationProviderBeanManagerConfigurer$InitializeAuthenticationProviderManagerConfigurer - Global AuthenticationManager configured with AuthenticationProvider bean with name authenticationProvider
2026-06-02 13:01:08,616 [main] WARN  o.s.s.c.a.a.c.InitializeUserDetailsBeanManagerConfigurer$InitializeUserDetailsManagerConfigurer - Global AuthenticationManager configured with an AuthenticationProvider bean. UserDetailsService beans will not be used by Spring Security for automatically configuring username/password login. Consider removing the AuthenticationProvider bean. Alternatively, consider using the UserDetailsService in a manually instantiated DaoAuthenticationProvider. If the current configuration is intentional, to turn off this warning, increase the logging level of 'org.springframework.security.config.annotation.authentication.configuration.InitializeUserDetailsBeanManagerConfigurer' to ERROR
2026-06-02 13:01:09,072 [main] INFO  o.s.b.a.w.s.WelcomePageHandlerMapping              - Adding welcome page: class path resource [public/index.html]
2026-06-02 13:01:09,370 [main] INFO  o.apache.coyote.http11.Http11NioProtocol           - Starting ProtocolHandler ["http-nio-22224"]
2026-06-02 13:01:09,381 [main] INFO  o.s.b.w.embedded.tomcat.TomcatWebServer            - Tomcat started on port 22224 (http) with context path '/'
2026-06-02 13:01:09,386 [main] INFO  c.e.s.java.server.JavaServerApplication            - Started JavaServerApplication in 8.008 seconds (process running for 8.309)
2026-06-02 13:01:09,387 [main] INFO  c.e.s.j.server.SystemApplicationListener           - org.springframework.boot.context.event.ApplicationReadyEvent[source=org.springframework.boot.SpringApplication@4473d830]
2026-06-02 13:01:09,387 [main] INFO  c.e.s.j.server.SystemApplicationListener           - SystemInitStart
2026-06-02 13:01:09,531 [main] INFO  c.e.s.j.server.SystemApplicationListener           - systemInitEnd
2026-06-02 13:01:12,612 [http-nio-22224-exec-2] INFO  o.a.c.c.C.[Tomcat].[localhost].[/]                 - Initializing Spring DispatcherServlet 'dispatcherServlet'
2026-06-02 13:01:12,612 [http-nio-22224-exec-2] INFO  o.s.web.servlet.DispatcherServlet                  - Initializing Servlet 'dispatcherServlet'
2026-06-02 13:01:12,614 [http-nio-22224-exec-2] INFO  o.s.web.servlet.DispatcherServlet                  - Completed initialization in 2 ms
2026-06-02 13:01:13,169 [http-nio-22224-exec-1] INFO  c.e.s.j.s.c.JwtAuthenticationFilter                - /api/base/getDataBaseUserName,admin,2026-06-02 13:01:13,0.074
2026-06-02 13:01:13,489 [http-nio-22224-exec-3] INFO  c.e.s.j.s.c.JwtAuthenticationFilter                - /api/base/getMenuList,admin,2026-06-02 13:01:13,0.313
2026-06-02 13:01:18,974 [http-nio-22224-exec-6] INFO  c.e.s.j.s.c.JwtAuthenticationFilter                - /api/base/getDataBaseUserName,2022030001,2026-06-02 13:01:18,0.041
2026-06-02 13:01:19,190 [http-nio-22224-exec-9] INFO  c.e.s.j.s.c.JwtAuthenticationFilter                - /api/base/getMenuList,2022030001,2026-06-02 13:01:18,0.209
2026-06-02 13:01:21,405 [http-nio-22224-exec-10] INFO  c.e.s.j.s.c.JwtAuthenticationFilter                - /api/volunteer/getActivityList,2022030001,2026-06-02 13:01:21,0.116
2026-06-02 13:01:21,503 [http-nio-22224-exec-2] INFO  c.e.s.j.s.c.JwtAuthenticationFilter                - /api/volunteer/getStudentActivityList,2022030001,2026-06-02 13:01:21,0.091
2026-06-02 13:01:32,657 [http-nio-22224-exec-7] INFO  c.e.s.j.s.c.JwtAuthenticationFilter                - /api/volunteer/checkSignup,2022030001,2026-06-02 13:01:32,0.063
2026-06-02 13:01:49,261 [http-nio-22224-exec-6] INFO  c.e.s.j.s.c.JwtAuthenticationFilter                - /api/volunteer/checkSignup,2022030001,2026-06-02 13:01:49,0.13
2026-06-02 13:02:07,025 [http-nio-22224-exec-10] INFO  c.e.s.j.s.c.JwtAuthenticationFilter                - /api/volunteer/checkSignup,2022030001,2026-06-02 13:02:06,0.06
2026-06-02 13:02:10,751 [http-nio-22224-exec-2] INFO  c.e.s.j.s.c.JwtAuthenticationFilter                - /api/volunteer/checkSignup,2022030001,2026-06-02 13:02:10,0.044
2026-06-02 13:02:13,004 [http-nio-22224-exec-4] INFO  c.e.s.j.s.c.JwtAuthenticationFilter                - /api/volunteer/cancelSignup,2022030001,2026-06-02 13:02:12,0.183
2026-06-02 13:02:16,511 [http-nio-22224-exec-1] INFO  c.e.s.j.s.c.JwtAuthenticationFilter                - /api/volunteer/signup,2022030001,2026-06-02 13:02:16,0.322
2026-06-02 13:02:23,472 [http-nio-22224-exec-6] INFO  c.e.s.j.s.c.JwtAuthenticationFilter                - /api/volunteer/cancelSignup,2022030001,2026-06-02 13:02:23,0.411
2026-06-02 13:02:28,250 [http-nio-22224-exec-9] INFO  c.e.s.j.s.c.JwtAuthenticationFilter                - /api/volunteer/checkSignup,2022030001,2026-06-02 13:02:28,0.128
2026-06-02 13:02:33,764 [http-nio-22224-exec-10] INFO  c.e.s.j.s.c.JwtAuthenticationFilter                - /api/volunteer/cancelSignup,2022030001,2026-06-02 13:02:33,0.189
2026-06-02 13:02:36,188 [http-nio-22224-exec-2] INFO  c.e.s.j.s.c.JwtAuthenticationFilter                - /api/volunteer/checkSignup,2022030001,2026-06-02 13:02:36,0.078
2026-06-02 13:02:37,125 [http-nio-22224-exec-4] INFO  c.e.s.j.s.c.JwtAuthenticationFilter                - /api/volunteer/checkSignup,2022030001,2026-06-02 13:02:37,0.063
2026-06-02 13:02:39,468 [http-nio-22224-exec-5] INFO  c.e.s.j.s.c.JwtAuthenticationFilter                - /api/volunteer/checkSignup,2022030001,2026-06-02 13:02:39,0.059
2026-06-02 13:02:52,375 [http-nio-22224-exec-8] INFO  c.e.s.j.s.c.JwtAuthenticationFilter                - /api/volunteer/signup,2022030001,2026-06-02 13:02:52,0.248
2026-06-02 13:04:21,468 [http-nio-22224-exec-5] INFO  c.e.s.j.s.c.JwtAuthenticationFilter                - /api/volunteer/getStudentActivityList,2022030001,2026-06-02 13:04:21,0.116
2026-06-02 13:12:28,561 [http-nio-22224-exec-7] INFO  c.e.s.j.s.c.JwtAuthenticationFilter                - /api/base/getDataBaseUserName,2022030001,2026-06-02 13:12:28,0.096
2026-06-02 13:12:28,848 [http-nio-22224-exec-1] INFO  c.e.s.j.s.c.JwtAuthenticationFilter                - /api/base/getMenuList,2022030001,2026-06-02 13:12:28,0.282
2026-06-02 13:12:32,139 [http-nio-22224-exec-6] INFO  c.e.s.j.s.c.JwtAuthenticationFilter                - /api/volunteer/getActivityList,2022030001,2026-06-02 13:12:32,0.107
2026-06-02 13:12:32,240 [http-nio-22224-exec-9] INFO  c.e.s.j.s.c.JwtAuthenticationFilter                - /api/volunteer/getStudentActivityList,2022030001,2026-06-02 13:12:32,0.095
2026-06-02 13:12:46,001 [http-nio-22224-exec-3] INFO  c.e.s.j.s.c.JwtAuthenticationFilter                - /api/volunteer/checkSignup,2022030001,2026-06-02 13:12:45,0.062
2026-06-02 13:12:49,380 [http-nio-22224-exec-8] INFO  c.e.s.j.s.c.JwtAuthenticationFilter                - /api/volunteer/signup,2022030001,2026-06-02 13:12:49,0.269
2026-06-02 13:12:49,487 [http-nio-22224-exec-7] INFO  c.e.s.j.s.c.JwtAuthenticationFilter                - /api/volunteer/checkSignup,2022030001,2026-06-02 13:12:49,0.083
2026-06-02 13:12:53,598 [http-nio-22224-exec-1] INFO  c.e.s.j.s.c.JwtAuthenticationFilter                - /api/volunteer/checkSignup,2022030001,2026-06-02 13:12:53,0.056
2026-06-02 13:13:02,267 [http-nio-22224-exec-9] INFO  c.e.s.j.s.c.JwtAuthenticationFilter                - /api/volunteer/getStudentActivityList,2022030001,2026-06-02 13:13:02,0.182
2026-06-02 13:26:15,206 [http-nio-22224-exec-7] INFO  c.e.s.j.s.c.JwtAuthenticationFilter                - /api/base/getDataBaseUserName,2022030001,2026-06-02 13:26:15,0.039
2026-06-02 13:26:15,357 [http-nio-22224-exec-1] INFO  c.e.s.j.s.c.JwtAuthenticationFilter                - /api/base/getMenuList,2022030001,2026-06-02 13:26:15,0.145
2026-06-02 13:26:20,813 [http-nio-22224-exec-6] INFO  c.e.s.j.s.c.JwtAuthenticationFilter                - /api/volunteer/getStudentActivityList,2022030001,2026-06-02 13:26:20,0.106
2026-06-02 13:26:20,906 [http-nio-22224-exec-9] INFO  c.e.s.j.s.c.JwtAuthenticationFilter                - /api/volunteer/getStudentActivityList,2022030001,2026-06-02 13:26:20,0.08
2026-06-02 13:26:35,028 [http-nio-22224-exec-4] INFO  c.e.s.j.s.c.JwtAuthenticationFilter                - /api/volunteer/checkSignup,2022030001,2026-06-02 13:26:34,0.036
2026-06-02 13:26:35,092 [http-nio-22224-exec-8] INFO  c.e.s.j.s.c.JwtAuthenticationFilter                - /api/volunteer/getStudentActivityList,2022030001,2026-06-02 13:26:35,0.055
2026-06-02 13:26:35,119 [http-nio-22224-exec-7] INFO  c.e.s.j.s.c.JwtAuthenticationFilter                - /api/volunteer/checkSignup,2022030001,2026-06-02 13:26:35,0.022
2026-06-02 13:26:36,767 [http-nio-22224-exec-1] INFO  c.e.s.j.s.c.JwtAuthenticationFilter                - /api/volunteer/checkSignup,2022030001,2026-06-02 13:26:36,0.062
2026-06-02 13:26:36,854 [http-nio-22224-exec-6] INFO  c.e.s.j.s.c.JwtAuthenticationFilter                - /api/volunteer/getStudentActivityList,2022030001,2026-06-02 13:26:36,0.082
2026-06-02 13:26:36,947 [http-nio-22224-exec-9] INFO  c.e.s.j.s.c.JwtAuthenticationFilter                - /api/volunteer/getStudentActivityList,2022030001,2026-06-02 13:26:36,0.086
2026-06-02 13:26:38,733 [http-nio-22224-exec-2] INFO  c.e.s.j.s.c.JwtAuthenticationFilter                - /api/volunteer/getStudentActivityList,2022030001,2026-06-02 13:26:38,0.11
2026-06-02 13:26:40,057 [http-nio-22224-exec-5] INFO  c.e.s.j.s.c.JwtAuthenticationFilter                - /api/volunteer/getStudentActivityList,2022030001,2026-06-02 13:26:39,0.116
2026-06-02 13:26:40,151 [http-nio-22224-exec-3] INFO  c.e.s.j.s.c.JwtAuthenticationFilter                - /api/volunteer/getStudentActivityList,2022030001,2026-06-02 13:26:40,0.088
2026-06-02 13:26:40,949 [http-nio-22224-exec-10] INFO  c.e.s.j.s.c.JwtAuthenticationFilter                - /api/volunteer/getStudentActivityList,2022030001,2026-06-02 13:26:40,0.098
2026-06-02 13:26:40,995 [http-nio-22224-exec-4] INFO  c.e.s.j.s.c.JwtAuthenticationFilter                - /api/volunteer/checkSignup,2022030001,2026-06-02 13:26:40,0.041
2026-06-02 13:26:42,809 [http-nio-22224-exec-8] INFO  c.e.s.j.s.c.JwtAuthenticationFilter                - /api/volunteer/checkSignup,2022030001,2026-06-02 13:26:42,0.068
2026-06-02 13:26:42,907 [http-nio-22224-exec-7] INFO  c.e.s.j.s.c.JwtAuthenticationFilter                - /api/volunteer/getStudentActivityList,2022030001,2026-06-02 13:26:42,0.092
2026-06-02 13:26:43,002 [http-nio-22224-exec-1] INFO  c.e.s.j.s.c.JwtAuthenticationFilter                - /api/volunteer/getStudentActivityList,2022030001,2026-06-02 13:26:42,0.089
2026-06-02 13:26:43,810 [http-nio-22224-exec-6] INFO  c.e.s.j.s.c.JwtAuthenticationFilter                - /api/volunteer/getStudentActivityList,2022030001,2026-06-02 13:26:43,0.101
2026-06-02 13:26:43,857 [http-nio-22224-exec-9] INFO  c.e.s.j.s.c.JwtAuthenticationFilter                - /api/volunteer/checkSignup,2022030001,2026-06-02 13:26:43,0.043
2026-06-02 13:26:45,038 [http-nio-22224-exec-2] INFO  c.e.s.j.s.c.JwtAuthenticationFilter                - /api/volunteer/checkSignup,2022030001,2026-06-02 13:26:44,0.064
2026-06-02 13:26:45,149 [http-nio-22224-exec-5] INFO  c.e.s.j.s.c.JwtAuthenticationFilter                - /api/volunteer/getStudentActivityList,2022030001,2026-06-02 13:26:45,0.104
2026-06-02 13:26:45,250 [http-nio-22224-exec-3] INFO  c.e.s.j.s.c.JwtAuthenticationFilter                - /api/volunteer/getStudentActivityList,2022030001,2026-06-02 13:26:45,0.096
2026-06-02 13:26:53,449 [http-nio-22224-exec-4] INFO  c.e.s.j.s.c.JwtAuthenticationFilter                - /api/volunteer/getActivityList,2022030001,2026-06-02 13:26:53,0.095
2026-06-02 13:26:53,546 [http-nio-22224-exec-8] INFO  c.e.s.j.s.c.JwtAuthenticationFilter                - /api/volunteer/getStudentActivityList,2022030001,2026-06-02 13:26:53,0.089
2026-06-02 13:26:53,638 [http-nio-22224-exec-7] INFO  c.e.s.j.s.c.JwtAuthenticationFilter                - /api/volunteer/getStudentActivityList,2022030001,2026-06-02 13:26:53,0.087
2026-06-02 13:26:53,716 [http-nio-22224-exec-1] INFO  c.e.s.j.s.c.JwtAuthenticationFilter                - /api/volunteer/getActivityList,2022030001,2026-06-02 13:26:53,0.073
2026-06-02 13:26:53,794 [http-nio-22224-exec-6] INFO  c.e.s.j.s.c.JwtAuthenticationFilter                - /api/volunteer/getStudentActivityList,2022030001,2026-06-02 13:26:53,0.074
2026-06-02 13:27:09,643 [http-nio-22224-exec-6] INFO  c.e.s.j.s.c.JwtAuthenticationFilter                - /api/volunteer/getActivityList,2022030001,2026-06-02 13:27:09,0.093
2026-06-02 13:27:09,714 [http-nio-22224-exec-5] INFO  c.e.s.j.s.c.JwtAuthenticationFilter                - /api/volunteer/getStudentActivityList,2022030001,2026-06-02 13:27:09,0.065
2026-06-02 13:27:09,745 [http-nio-22224-exec-1] INFO  c.e.s.j.s.c.JwtAuthenticationFilter                - /api/volunteer/checkSignup,2022030001,2026-06-02 13:27:09,0.027
2026-06-02 13:27:11,772 [http-nio-22224-exec-4] INFO  c.e.s.j.s.c.JwtAuthenticationFilter                - /api/volunteer/cancelSignup,2022030001,2026-06-02 13:27:11,0.141
2026-06-02 13:27:11,862 [http-nio-22224-exec-10] INFO  c.e.s.j.s.c.JwtAuthenticationFilter                - /api/volunteer/getActivityList,2022030001,2026-06-02 13:27:11,0.068
2026-06-02 13:27:11,902 [http-nio-22224-exec-9] INFO  c.e.s.j.s.c.JwtAuthenticationFilter                - /api/volunteer/checkSignup,2022030001,2026-06-02 13:27:11,0.036
2026-06-02 13:27:15,698 [http-nio-22224-exec-7] INFO  c.e.s.j.s.c.JwtAuthenticationFilter                - /api/volunteer/checkSignup,2022030001,2026-06-02 13:27:15,0.04
2026-06-02 13:27:15,757 [http-nio-22224-exec-8] INFO  c.e.s.j.s.c.JwtAuthenticationFilter                - /api/volunteer/getActivityList,2022030001,2026-06-02 13:27:15,0.052
2026-06-02 13:27:15,805 [http-nio-22224-exec-3] INFO  c.e.s.j.s.c.JwtAuthenticationFilter                - /api/volunteer/getStudentActivityList,2022030001,2026-06-02 13:27:15,0.044
2026-06-02 13:27:15,856 [http-nio-22224-exec-11] INFO  c.e.s.j.s.c.JwtAuthenticationFilter                - /api/volunteer/getActivityList,2022030001,2026-06-02 13:27:15,0.048
2026-06-02 13:27:15,902 [http-nio-22224-exec-2] INFO  c.e.s.j.s.c.JwtAuthenticationFilter                - /api/volunteer/getStudentActivityList,2022030001,2026-06-02 13:27:15,0.041
2026-06-02 13:27:20,218 [http-nio-22224-exec-12] INFO  c.e.s.j.s.c.JwtAuthenticationFilter                - /api/volunteer/getActivityList,2022030001,2026-06-02 13:27:20,0.056
2026-06-02 13:27:20,293 [http-nio-22224-exec-13] INFO  c.e.s.j.s.c.JwtAuthenticationFilter                - /api/volunteer/getStudentActivityList,2022030001,2026-06-02 13:27:20,0.07
2026-06-02 13:27:20,363 [http-nio-22224-exec-14] INFO  c.e.s.j.s.c.JwtAuthenticationFilter                - /api/volunteer/getStudentActivityList,2022030001,2026-06-02 13:27:20,0.064
2026-06-02 13:27:22,637 [http-nio-22224-exec-6] INFO  c.e.s.j.s.c.JwtAuthenticationFilter                - /api/volunteer/getStudentActivityList,2022030001,2026-06-02 13:27:22,0.071
2026-06-02 13:27:24,733 [http-nio-22224-exec-5] INFO  c.e.s.j.s.c.JwtAuthenticationFilter                - /api/volunteer/getStudentActivityList,2022030001,2026-06-02 13:27:24,0.099
2026-06-02 13:27:24,823 [http-nio-22224-exec-1] INFO  c.e.s.j.s.c.JwtAuthenticationFilter                - /api/volunteer/getStudentActivityList,2022030001,2026-06-02 13:27:24,0.085
2026-06-02 13:27:26,542 [http-nio-22224-exec-4] INFO  c.e.s.j.s.c.JwtAuthenticationFilter                - /api/volunteer/getStudentActivityList,2022030001,2026-06-02 13:27:26,0.093
2026-06-02 13:27:28,241 [http-nio-22224-exec-10] INFO  c.e.s.j.s.c.JwtAuthenticationFilter                - /api/volunteer/getStudentActivityList,2022030001,2026-06-02 13:27:28,0.104
2026-06-02 13:27:28,320 [http-nio-22224-exec-9] INFO  c.e.s.j.s.c.JwtAuthenticationFilter                - /api/volunteer/getStudentActivityList,2022030001,2026-06-02 13:27:28,0.074
2026-06-02 13:27:29,392 [http-nio-22224-exec-7] INFO  c.e.s.j.s.c.JwtAuthenticationFilter                - /api/volunteer/getStudentActivityList,2022030001,2026-06-02 13:27:29,0.106
2026-06-02 13:27:31,244 [http-nio-22224-exec-8] INFO  c.e.s.j.s.c.JwtAuthenticationFilter                - /api/volunteer/getStudentActivityList,2022030001,2026-06-02 13:27:31,0.069
2026-06-02 13:27:31,324 [http-nio-22224-exec-3] INFO  c.e.s.j.s.c.JwtAuthenticationFilter                - /api/volunteer/getStudentActivityList,2022030001,2026-06-02 13:27:31,0.072
2026-06-02 13:33:45,881 [http-nio-22224-exec-13] INFO  c.e.s.j.s.c.JwtAuthenticationFilter                - /api/volunteer/getStudentActivityList,2022030001,2026-06-02 13:33:45,0.096
2026-06-02 13:33:47,210 [http-nio-22224-exec-5] INFO  c.e.s.j.s.c.JwtAuthenticationFilter                - /api/volunteer/getActivityList,2022030001,2026-06-02 13:33:47,0.067
2026-06-02 13:33:47,290 [http-nio-22224-exec-2] INFO  c.e.s.j.s.c.JwtAuthenticationFilter                - /api/volunteer/getStudentActivityList,2022030001,2026-06-02 13:33:47,0.076
2026-06-02 13:33:50,952 [http-nio-22224-exec-4] INFO  c.e.s.j.s.c.JwtAuthenticationFilter                - /api/volunteer/getActivityList,2022030001,2026-06-02 13:33:50,0.091
2026-06-02 13:33:51,020 [http-nio-22224-exec-1] INFO  c.e.s.j.s.c.JwtAuthenticationFilter                - /api/volunteer/getStudentActivityList,2022030001,2026-06-02 13:33:50,0.061
2026-06-02 13:33:52,718 [http-nio-22224-exec-7] INFO  c.e.s.j.s.c.JwtAuthenticationFilter                - /api/volunteer/getActivityList,2022030001,2026-06-02 13:33:52,0.087
2026-06-02 13:33:52,794 [http-nio-22224-exec-12] INFO  c.e.s.j.s.c.JwtAuthenticationFilter                - /api/volunteer/getStudentActivityList,2022030001,2026-06-02 13:33:52,0.071
2026-06-02 13:33:52,848 [http-nio-22224-exec-14] INFO  c.e.s.j.s.c.JwtAuthenticationFilter                - /api/volunteer/getActivityList,2022030001,2026-06-02 13:33:52,0.049
2026-06-02 13:33:52,911 [http-nio-22224-exec-9] INFO  c.e.s.j.s.c.JwtAuthenticationFilter                - /api/volunteer/getStudentActivityList,2022030001,2026-06-02 13:33:52,0.06
2026-06-02 13:33:54,047 [http-nio-22224-exec-10] INFO  c.e.s.j.s.c.JwtAuthenticationFilter                - /api/volunteer/getActivityList,2022030001,2026-06-02 13:33:53,0.163
2026-06-02 13:33:54,235 [http-nio-22224-exec-13] INFO  c.e.s.j.s.c.JwtAuthenticationFilter                - /api/volunteer/getStudentActivityList,2022030001,2026-06-02 13:33:54,0.182
2026-06-02 13:33:55,474 [http-nio-22224-exec-5] INFO  c.e.s.j.s.c.JwtAuthenticationFilter                - /api/volunteer/getActivityList,2022030001,2026-06-02 13:33:55,0.133
2026-06-02 13:33:55,596 [http-nio-22224-exec-2] INFO  c.e.s.j.s.c.JwtAuthenticationFilter                - /api/volunteer/getStudentActivityList,2022030001,2026-06-02 13:33:55,0.118
2026-06-02 13:33:55,675 [http-nio-22224-exec-4] INFO  c.e.s.j.s.c.JwtAuthenticationFilter                - /api/volunteer/getActivityList,2022030001,2026-06-02 13:33:55,0.074
2026-06-02 13:33:55,799 [http-nio-22224-exec-1] INFO  c.e.s.j.s.c.JwtAuthenticationFilter                - /api/volunteer/getStudentActivityList,2022030001,2026-06-02 13:33:55,0.119
2026-06-02 13:33:58,155 [http-nio-22224-exec-7] INFO  c.e.s.j.s.c.JwtAuthenticationFilter                - /api/volunteer/getActivityList,2022030001,2026-06-02 13:33:58,0.079
2026-06-02 13:33:58,224 [http-nio-22224-exec-12] INFO  c.e.s.j.s.c.JwtAuthenticationFilter                - /api/volunteer/getStudentActivityList,2022030001,2026-06-02 13:33:58,0.065
2026-06-02 13:33:59,541 [http-nio-22224-exec-14] INFO  c.e.s.j.s.c.JwtAuthenticationFilter                - /api/volunteer/getActivityList,2022030001,2026-06-02 13:33:59,0.048
2026-06-02 13:33:59,586 [http-nio-22224-exec-9] INFO  c.e.s.j.s.c.JwtAuthenticationFilter                - /api/volunteer/getStudentActivityList,2022030001,2026-06-02 13:33:59,0.04
2026-06-02 13:33:59,627 [http-nio-22224-exec-10] INFO  c.e.s.j.s.c.JwtAuthenticationFilter                - /api/volunteer/getActivityList,2022030001,2026-06-02 13:33:59,0.036
2026-06-02 13:33:59,667 [http-nio-22224-exec-13] INFO  c.e.s.j.s.c.JwtAuthenticationFilter                - /api/volunteer/getStudentActivityList,2022030001,2026-06-02 13:33:59,0.036
2026-06-02 13:34:00,749 [http-nio-22224-exec-5] INFO  c.e.s.j.s.c.JwtAuthenticationFilter                - /api/volunteer/getActivityList,2022030001,2026-06-02 13:34:00,0.054
2026-06-02 13:34:00,803 [http-nio-22224-exec-2] INFO  c.e.s.j.s.c.JwtAuthenticationFilter                - /api/volunteer/getStudentActivityList,2022030001,2026-06-02 13:34:00,0.047
2026-06-02 13:34:02,282 [http-nio-22224-exec-4] INFO  c.e.s.j.s.c.JwtAuthenticationFilter                - /api/volunteer/getActivityList,2022030001,2026-06-02 13:34:02,0.049
2026-06-02 13:34:02,333 [http-nio-22224-exec-1] INFO  c.e.s.j.s.c.JwtAuthenticationFilter                - /api/volunteer/getStudentActivityList,2022030001,2026-06-02 13:34:02,0.044
2026-06-02 13:34:02,367 [http-nio-22224-exec-7] INFO  c.e.s.j.s.c.JwtAuthenticationFilter                - /api/volunteer/getActivityList,2022030001,2026-06-02 13:34:02,0.029
2026-06-02 13:34:02,406 [http-nio-22224-exec-12] INFO  c.e.s.j.s.c.JwtAuthenticationFilter                - /api/volunteer/getStudentActivityList,2022030001,2026-06-02 13:34:02,0.035
2026-06-02 13:34:03,043 [http-nio-22224-exec-14] INFO  c.e.s.j.s.c.JwtAuthenticationFilter                - /api/volunteer/getActivityList,2022030001,2026-06-02 13:34:02,0.052
2026-06-02 13:34:03,095 [http-nio-22224-exec-9] INFO  c.e.s.j.s.c.JwtAuthenticationFilter                - /api/volunteer/getStudentActivityList,2022030001,2026-06-02 13:34:03,0.044
2026-06-02 13:34:04,541 [http-nio-22224-exec-10] INFO  c.e.s.j.s.c.JwtAuthenticationFilter                - /api/volunteer/getActivityList,2022030001,2026-06-02 13:34:04,0.088
2026-06-02 13:34:04,642 [http-nio-22224-exec-5] INFO  c.e.s.j.s.c.JwtAuthenticationFilter                - /api/volunteer/getStudentActivityList,2022030001,2026-06-02 13:34:04,0.089
2026-06-02 13:34:04,721 [http-nio-22224-exec-12] INFO  c.e.s.j.s.c.JwtAuthenticationFilter                - /api/volunteer/getActivityList,2022030001,2026-06-02 13:34:04,0.072
2026-06-02 13:34:04,795 [http-nio-22224-exec-2] INFO  c.e.s.j.s.c.JwtAuthenticationFilter                - /api/volunteer/getStudentActivityList,2022030001,2026-06-02 13:34:04,0.068
2026-06-02 13:34:06,611 [http-nio-22224-exec-1] INFO  c.e.s.j.s.c.JwtAuthenticationFilter                - /api/volunteer/getActivityList,2022030001,2026-06-02 13:34:06,0.082
2026-06-02 13:34:06,680 [http-nio-22224-exec-4] INFO  c.e.s.j.s.c.JwtAuthenticationFilter                - /api/volunteer/getStudentActivityList,2022030001,2026-06-02 13:34:06,0.064
2026-06-02 13:34:07,908 [http-nio-22224-exec-17] INFO  c.e.s.j.s.c.JwtAuthenticationFilter                - /api/volunteer/getActivityList,2022030001,2026-06-02 13:34:07,0.091
2026-06-02 13:34:07,982 [http-nio-22224-exec-7] INFO  c.e.s.j.s.c.JwtAuthenticationFilter                - /api/volunteer/getStudentActivityList,2022030001,2026-06-02 13:34:07,0.07
2026-06-02 13:34:08,050 [http-nio-22224-exec-9] INFO  c.e.s.j.s.c.JwtAuthenticationFilter                - /api/volunteer/getActivityList,2022030001,2026-06-02 13:34:07,0.063
2026-06-02 13:34:08,129 [http-nio-22224-exec-16] INFO  c.e.s.j.s.c.JwtAuthenticationFilter                - /api/volunteer/getStudentActivityList,2022030001,2026-06-02 13:34:08,0.075
2026-06-02 13:35:31,310 [http-nio-22224-exec-14] INFO  c.e.s.j.s.c.JwtAuthenticationFilter                - /api/base/getDataBaseUserName,2022030001,2026-06-02 13:35:31,0.028
2026-06-02 13:35:31,465 [http-nio-22224-exec-13] INFO  c.e.s.j.s.c.JwtAuthenticationFilter                - /api/base/getMenuList,2022030001,2026-06-02 13:35:31,0.149
2026-06-02 13:36:06,096 [http-nio-22224-exec-5] INFO  c.e.s.j.s.c.JwtAuthenticationFilter                - /api/base/getDataBaseUserName,2022030001,2026-06-02 13:36:06,0.026
2026-06-02 13:36:06,194 [http-nio-22224-exec-18] INFO  c.e.s.j.s.c.JwtAuthenticationFilter                - /api/base/getMenuList,2022030001,2026-06-02 13:36:06,0.093
2026-06-02 13:36:10,114 [http-nio-22224-exec-12] INFO  c.e.s.j.s.c.JwtAuthenticationFilter                - /api/volunteer/getStudentActivityList,2022030001,2026-06-02 13:36:10,0.092
2026-06-02 13:36:10,210 [http-nio-22224-exec-2] INFO  c.e.s.j.s.c.JwtAuthenticationFilter                - /api/volunteer/getStudentActivityList,2022030001,2026-06-02 13:36:10,0.081
2026-06-02 13:36:12,082 [http-nio-22224-exec-14] INFO  c.e.s.j.s.c.JwtAuthenticationFilter                - /api/volunteer/getStudentActivityList,2022030001,2026-06-02 13:36:12,0.075
2026-06-02 13:36:13,537 [http-nio-22224-exec-13] INFO  c.e.s.j.s.c.JwtAuthenticationFilter                - /api/volunteer/getStudentActivityList,2022030001,2026-06-02 13:36:13,0.072
2026-06-02 13:36:14,544 [http-nio-22224-exec-5] INFO  c.e.s.j.s.c.JwtAuthenticationFilter                - /api/volunteer/getStudentActivityList,2022030001,2026-06-02 13:36:14,0.091
2026-06-02 13:36:15,670 [http-nio-22224-exec-18] INFO  c.e.s.j.s.c.JwtAuthenticationFilter                - /api/volunteer/getStudentActivityList,2022030001,2026-06-02 13:36:15,0.038
2026-06-02 13:36:17,500 [http-nio-22224-exec-12] INFO  c.e.s.j.s.c.JwtAuthenticationFilter                - /api/volunteer/getActivityList,2022030001,2026-06-02 13:36:17,0.087
2026-06-02 13:36:17,576 [http-nio-22224-exec-2] INFO  c.e.s.j.s.c.JwtAuthenticationFilter                - /api/volunteer/getStudentActivityList,2022030001,2026-06-02 13:36:17,0.069
2026-06-02 13:36:17,643 [http-nio-22224-exec-4] INFO  c.e.s.j.s.c.JwtAuthenticationFilter                - /api/volunteer/getStudentActivityList,2022030001,2026-06-02 13:36:17,0.06
2026-06-02 13:36:17,704 [http-nio-22224-exec-10] INFO  c.e.s.j.s.c.JwtAuthenticationFilter                - /api/volunteer/getActivityList,2022030001,2026-06-02 13:36:17,0.056
2026-06-02 13:36:17,778 [http-nio-22224-exec-1] INFO  c.e.s.j.s.c.JwtAuthenticationFilter                - /api/volunteer/getStudentActivityList,2022030001,2026-06-02 13:36:17,0.07
2026-06-02 13:36:19,061 [http-nio-22224-exec-16] INFO  c.e.s.j.s.c.JwtAuthenticationFilter                - /api/volunteer/getActivityList,2022030001,2026-06-02 13:36:19,0.055
2026-06-02 13:36:19,106 [http-nio-22224-exec-14] INFO  c.e.s.j.s.c.JwtAuthenticationFilter                - /api/volunteer/getStudentActivityList,2022030001,2026-06-02 13:36:19,0.037
2026-06-02 13:36:20,420 [http-nio-22224-exec-13] INFO  c.e.s.j.s.c.JwtAuthenticationFilter                - /api/volunteer/getActivityList,2022030001,2026-06-02 13:36:20,0.073
2026-06-02 13:36:20,512 [http-nio-22224-exec-5] INFO  c.e.s.j.s.c.JwtAuthenticationFilter                - /api/volunteer/getStudentActivityList,2022030001,2026-06-02 13:36:20,0.084
2026-06-02 13:36:20,576 [http-nio-22224-exec-18] INFO  c.e.s.j.s.c.JwtAuthenticationFilter                - /api/volunteer/getActivityList,2022030001,2026-06-02 13:36:20,0.06
2026-06-02 13:36:20,647 [http-nio-22224-exec-12] INFO  c.e.s.j.s.c.JwtAuthenticationFilter                - /api/volunteer/getStudentActivityList,2022030001,2026-06-02 13:36:20,0.067
2026-06-02 13:36:23,867 [http-nio-22224-exec-1] INFO  c.e.s.j.s.c.JwtAuthenticationFilter                - /api/volunteer/getActivityList,2022030001,2026-06-02 13:36:23,0.084
2026-06-02 13:36:23,942 [http-nio-22224-exec-5] INFO  c.e.s.j.s.c.JwtAuthenticationFilter                - /api/volunteer/getStudentActivityList,2022030001,2026-06-02 13:36:23,0.069
2026-06-02 13:36:23,987 [http-nio-22224-exec-2] INFO  c.e.s.j.s.c.JwtAuthenticationFilter                - /api/volunteer/checkSignup,2022030001,2026-06-02 13:36:23,0.038
2026-06-02 13:36:25,318 [http-nio-22224-exec-10] INFO  c.e.s.j.s.c.JwtAuthenticationFilter                - /api/volunteer/signup,2022030001,2026-06-02 13:36:25,0.252
2026-06-02 13:36:25,409 [http-nio-22224-exec-18] INFO  c.e.s.j.s.c.JwtAuthenticationFilter                - /api/volunteer/getActivityList,2022030001,2026-06-02 13:36:25,0.061
2026-06-02 13:36:25,448 [http-nio-22224-exec-14] INFO  c.e.s.j.s.c.JwtAuthenticationFilter                - /api/volunteer/checkSignup,2022030001,2026-06-02 13:36:25,0.034
2026-06-02 13:36:27,839 [http-nio-22224-exec-13] INFO  c.e.s.j.s.c.JwtAuthenticationFilter                - /api/volunteer/checkSignup,2022030001,2026-06-02 13:36:27,0.03
2026-06-02 13:36:27,889 [http-nio-22224-exec-16] INFO  c.e.s.j.s.c.JwtAuthenticationFilter                - /api/volunteer/getActivityList,2022030001,2026-06-02 13:36:27,0.045
2026-06-02 13:36:27,929 [http-nio-22224-exec-12] INFO  c.e.s.j.s.c.JwtAuthenticationFilter                - /api/volunteer/getStudentActivityList,2022030001,2026-06-02 13:36:27,0.034
2026-06-02 13:36:27,965 [http-nio-22224-exec-4] INFO  c.e.s.j.s.c.JwtAuthenticationFilter                - /api/volunteer/getActivityList,2022030001,2026-06-02 13:36:27,0.032
2026-06-02 13:36:28,005 [http-nio-22224-exec-20] INFO  c.e.s.j.s.c.JwtAuthenticationFilter                - /api/volunteer/getStudentActivityList,2022030001,2026-06-02 13:36:27,0.035
2026-06-02 13:37:17,203 [SpringApplicationShutdownHook] INFO  o.s.b.w.embedded.tomcat.GracefulShutdown           - Commencing graceful shutdown. Waiting for active requests to complete
2026-06-02 13:37:17,207 [tomcat-shutdown] INFO  o.s.b.w.embedded.tomcat.GracefulShutdown           - Graceful shutdown complete
2026-06-02 13:37:17,217 [SpringApplicationShutdownHook] INFO  o.s.o.j.LocalContainerEntityManagerFactoryBean     - Closing JPA EntityManagerFactory for persistence unit 'default'
2026-06-02 13:37:17,218 [SpringApplicationShutdownHook] INFO  com.zaxxer.hikari.HikariDataSource                 - HikariPool-1 - Shutdown initiated...
2026-06-02 13:37:17,219 [SpringApplicationShutdownHook] INFO  com.zaxxer.hikari.HikariDataSource                 - HikariPool-1 - Shutdown completed.
2026-06-02 22:31:12,474 [background-preinit] INFO  o.h.validator.internal.util.Version                - HV000001: Hibernate Validator 8.0.2.Final
2026-06-02 22:31:12,525 [main] INFO  c.e.s.java.server.JavaServerApplication            - Starting JavaServerApplication using Java 21.0.10 with PID 4080 (E:\Programming\project\teamX-student-management\java-server\target\classes started by hp in E:\Programming\project\teamX-student-management\java-server)
2026-06-02 22:31:12,526 [main] INFO  c.e.s.java.server.JavaServerApplication            - No active profile set, falling back to 1 default profile: "default"
2026-06-02 22:31:13,083 [main] INFO  o.s.d.r.c.RepositoryConfigurationDelegate          - Multiple Spring Data modules found, entering strict repository configuration mode
2026-06-02 22:31:13,083 [main] INFO  o.s.d.r.c.RepositoryConfigurationDelegate          - Bootstrapping Spring Data JPA repositories in DEFAULT mode.
2026-06-02 22:31:13,203 [main] INFO  o.s.d.r.c.RepositoryConfigurationDelegate          - Finished Spring Data repository scanning in 115 ms. Found 21 JPA repository interfaces.
2026-06-02 22:31:13,217 [main] INFO  o.s.d.r.c.RepositoryConfigurationDelegate          - Multiple Spring Data modules found, entering strict repository configuration mode
2026-06-02 22:31:13,218 [main] INFO  o.s.d.r.c.RepositoryConfigurationDelegate          - Bootstrapping Spring Data Redis repositories in DEFAULT mode.
2026-06-02 22:31:13,229 [main] INFO  o.s.d.r.c.RepositoryConfigurationExtensionSupport  - Spring Data Redis - Could not safely identify store assignment for repository candidate interface cn.edu.sdu.java.server.repositorys.CourseRepository; If you want this repository to be a Redis repository, consider annotating your entities with one of these annotations: org.springframework.data.redis.core.RedisHash (preferred), or consider extending one of the following types with your repository: org.springframework.data.keyvalue.repository.KeyValueRepository
2026-06-02 22:31:13,229 [main] INFO  o.s.d.r.c.RepositoryConfigurationExtensionSupport  - Spring Data Redis - Could not safely identify store assignment for repository candidate interface cn.edu.sdu.java.server.repositorys.DictionaryInfoRepository; If you want this repository to be a Redis repository, consider annotating your entities with one of these annotations: org.springframework.data.redis.core.RedisHash (preferred), or consider extending one of the following types with your repository: org.springframework.data.keyvalue.repository.KeyValueRepository
2026-06-02 22:31:13,229 [main] INFO  o.s.d.r.c.RepositoryConfigurationExtensionSupport  - Spring Data Redis - Could not safely identify store assignment for repository candidate interface cn.edu.sdu.java.server.repositorys.FamilyMemberRepository; If you want this repository to be a Redis repository, consider annotating your entities with one of these annotations: org.springframework.data.redis.core.RedisHash (preferred), or consider extending one of the following types with your repository: org.springframework.data.keyvalue.repository.KeyValueRepository
2026-06-02 22:31:13,229 [main] INFO  o.s.d.r.c.RepositoryConfigurationExtensionSupport  - Spring Data Redis - Could not safely identify store assignment for repository candidate interface cn.edu.sdu.java.server.repositorys.FeeRepository; If you want this repository to be a Redis repository, consider annotating your entities with one of these annotations: org.springframework.data.redis.core.RedisHash (preferred), or consider extending one of the following types with your repository: org.springframework.data.keyvalue.repository.KeyValueRepository
2026-06-02 22:31:13,229 [main] INFO  o.s.d.r.c.RepositoryConfigurationExtensionSupport  - Spring Data Redis - Could not safely identify store assignment for repository candidate interface cn.edu.sdu.java.server.repositorys.HomeworkRepository; If you want this repository to be a Redis repository, consider annotating your entities with one of these annotations: org.springframework.data.redis.core.RedisHash (preferred), or consider extending one of the following types with your repository: org.springframework.data.keyvalue.repository.KeyValueRepository
2026-06-02 22:31:13,229 [main] INFO  o.s.d.r.c.RepositoryConfigurationExtensionSupport  - Spring Data Redis - Could not safely identify store assignment for repository candidate interface cn.edu.sdu.java.server.repositorys.MenuInfoRepository; If you want this repository to be a Redis repository, consider annotating your entities with one of these annotations: org.springframework.data.redis.core.RedisHash (preferred), or consider extending one of the following types with your repository: org.springframework.data.keyvalue.repository.KeyValueRepository
2026-06-02 22:31:13,229 [main] INFO  o.s.d.r.c.RepositoryConfigurationExtensionSupport  - Spring Data Redis - Could not safely identify store assignment for repository candidate interface cn.edu.sdu.java.server.repositorys.ModifyLogRepository; If you want this repository to be a Redis repository, consider annotating your entities with one of these annotations: org.springframework.data.redis.core.RedisHash (preferred), or consider extending one of the following types with your repository: org.springframework.data.keyvalue.repository.KeyValueRepository
2026-06-02 22:31:13,230 [main] INFO  o.s.d.r.c.RepositoryConfigurationExtensionSupport  - Spring Data Redis - Could not safely identify store assignment for repository candidate interface cn.edu.sdu.java.server.repositorys.PersonRepository; If you want this repository to be a Redis repository, consider annotating your entities with one of these annotations: org.springframework.data.redis.core.RedisHash (preferred), or consider extending one of the following types with your repository: org.springframework.data.keyvalue.repository.KeyValueRepository
2026-06-02 22:31:13,230 [main] INFO  o.s.d.r.c.RepositoryConfigurationExtensionSupport  - Spring Data Redis - Could not safely identify store assignment for repository candidate interface cn.edu.sdu.java.server.repositorys.ScoreRepository; If you want this repository to be a Redis repository, consider annotating your entities with one of these annotations: org.springframework.data.redis.core.RedisHash (preferred), or consider extending one of the following types with your repository: org.springframework.data.keyvalue.repository.KeyValueRepository
2026-06-02 22:31:13,230 [main] INFO  o.s.d.r.c.RepositoryConfigurationExtensionSupport  - Spring Data Redis - Could not safely identify store assignment for repository candidate interface cn.edu.sdu.java.server.repositorys.StatisticsDayRepository; If you want this repository to be a Redis repository, consider annotating your entities with one of these annotations: org.springframework.data.redis.core.RedisHash (preferred), or consider extending one of the following types with your repository: org.springframework.data.keyvalue.repository.KeyValueRepository
2026-06-02 22:31:13,230 [main] INFO  o.s.d.r.c.RepositoryConfigurationExtensionSupport  - Spring Data Redis - Could not safely identify store assignment for repository candidate interface cn.edu.sdu.java.server.repositorys.StudentCourseRepository; If you want this repository to be a Redis repository, consider annotating your entities with one of these annotations: org.springframework.data.redis.core.RedisHash (preferred), or consider extending one of the following types with your repository: org.springframework.data.keyvalue.repository.KeyValueRepository
2026-06-02 22:31:13,230 [main] INFO  o.s.d.r.c.RepositoryConfigurationExtensionSupport  - Spring Data Redis - Could not safely identify store assignment for repository candidate interface cn.edu.sdu.java.server.repositorys.StudentLeaveRepository; If you want this repository to be a Redis repository, consider annotating your entities with one of these annotations: org.springframework.data.redis.core.RedisHash (preferred), or consider extending one of the following types with your repository: org.springframework.data.keyvalue.repository.KeyValueRepository
2026-06-02 22:31:13,230 [main] INFO  o.s.d.r.c.RepositoryConfigurationExtensionSupport  - Spring Data Redis - Could not safely identify store assignment for repository candidate interface cn.edu.sdu.java.server.repositorys.StudentRepository; If you want this repository to be a Redis repository, consider annotating your entities with one of these annotations: org.springframework.data.redis.core.RedisHash (preferred), or consider extending one of the following types with your repository: org.springframework.data.keyvalue.repository.KeyValueRepository
2026-06-02 22:31:13,230 [main] INFO  o.s.d.r.c.RepositoryConfigurationExtensionSupport  - Spring Data Redis - Could not safely identify store assignment for repository candidate interface cn.edu.sdu.java.server.repositorys.StudentStatisticsRepository; If you want this repository to be a Redis repository, consider annotating your entities with one of these annotations: org.springframework.data.redis.core.RedisHash (preferred), or consider extending one of the following types with your repository: org.springframework.data.keyvalue.repository.KeyValueRepository
2026-06-02 22:31:13,230 [main] INFO  o.s.d.r.c.RepositoryConfigurationExtensionSupport  - Spring Data Redis - Could not safely identify store assignment for repository candidate interface cn.edu.sdu.java.server.repositorys.SystemInfoRepository; If you want this repository to be a Redis repository, consider annotating your entities with one of these annotations: org.springframework.data.redis.core.RedisHash (preferred), or consider extending one of the following types with your repository: org.springframework.data.keyvalue.repository.KeyValueRepository
2026-06-02 22:31:13,231 [main] INFO  o.s.d.r.c.RepositoryConfigurationExtensionSupport  - Spring Data Redis - Could not safely identify store assignment for repository candidate interface cn.edu.sdu.java.server.repositorys.TeacherRepository; If you want this repository to be a Redis repository, consider annotating your entities with one of these annotations: org.springframework.data.redis.core.RedisHash (preferred), or consider extending one of the following types with your repository: org.springframework.data.keyvalue.repository.KeyValueRepository
2026-06-02 22:31:13,231 [main] INFO  o.s.d.r.c.RepositoryConfigurationExtensionSupport  - Spring Data Redis - Could not safely identify store assignment for repository candidate interface cn.edu.sdu.java.server.repositorys.UserRepository; If you want this repository to be a Redis repository, consider annotating your entities with one of these annotations: org.springframework.data.redis.core.RedisHash (preferred), or consider extending one of the following types with your repository: org.springframework.data.keyvalue.repository.KeyValueRepository
2026-06-02 22:31:13,231 [main] INFO  o.s.d.r.c.RepositoryConfigurationExtensionSupport  - Spring Data Redis - Could not safely identify store assignment for repository candidate interface cn.edu.sdu.java.server.repositorys.UserTypeRepository; If you want this repository to be a Redis repository, consider annotating your entities with one of these annotations: org.springframework.data.redis.core.RedisHash (preferred), or consider extending one of the following types with your repository: org.springframework.data.keyvalue.repository.KeyValueRepository
2026-06-02 22:31:13,231 [main] INFO  o.s.d.r.c.RepositoryConfigurationExtensionSupport  - Spring Data Redis - Could not safely identify store assignment for repository candidate interface cn.edu.sdu.java.server.repositorys.VolunteerActivityRepository; If you want this repository to be a Redis repository, consider annotating your entities with one of these annotations: org.springframework.data.redis.core.RedisHash (preferred), or consider extending one of the following types with your repository: org.springframework.data.keyvalue.repository.KeyValueRepository
2026-06-02 22:31:13,231 [main] INFO  o.s.d.r.c.RepositoryConfigurationExtensionSupport  - Spring Data Redis - Could not safely identify store assignment for repository candidate interface cn.edu.sdu.java.server.repositorys.VolunteerSignupRepository; If you want this repository to be a Redis repository, consider annotating your entities with one of these annotations: org.springframework.data.redis.core.RedisHash (preferred), or consider extending one of the following types with your repository: org.springframework.data.keyvalue.repository.KeyValueRepository
2026-06-02 22:31:13,231 [main] INFO  o.s.d.r.c.RepositoryConfigurationExtensionSupport  - Spring Data Redis - Could not safely identify store assignment for repository candidate interface cn.edu.sdu.java.server.repositorys.WebsiteRepository; If you want this repository to be a Redis repository, consider annotating your entities with one of these annotations: org.springframework.data.redis.core.RedisHash (preferred), or consider extending one of the following types with your repository: org.springframework.data.keyvalue.repository.KeyValueRepository
2026-06-02 22:31:13,231 [main] INFO  o.s.d.r.c.RepositoryConfigurationDelegate          - Finished Spring Data repository scanning in 5 ms. Found 0 Redis repository interfaces.
2026-06-02 22:31:13,586 [main] INFO  o.s.b.w.embedded.tomcat.TomcatWebServer            - Tomcat initialized with port 22224 (http)
2026-06-02 22:31:13,595 [main] INFO  o.apache.coyote.http11.Http11NioProtocol           - Initializing ProtocolHandler ["http-nio-22224"]
2026-06-02 22:31:13,595 [main] INFO  o.apache.catalina.core.StandardService             - Starting service [Tomcat]
2026-06-02 22:31:13,596 [main] INFO  org.apache.catalina.core.StandardEngine            - Starting Servlet engine: [Apache Tomcat/10.1.34]
2026-06-02 22:31:13,631 [main] INFO  o.a.c.c.C.[Tomcat].[localhost].[/]                 - Initializing Spring embedded WebApplicationContext
2026-06-02 22:31:13,632 [main] INFO  o.s.b.w.s.c.ServletWebServerApplicationContext     - Root WebApplicationContext: initialization completed in 1075 ms
2026-06-02 22:31:13,706 [main] INFO  com.zaxxer.hikari.HikariDataSource                 - HikariPool-1 - Starting...
2026-06-02 22:31:18,379 [main] INFO  com.zaxxer.hikari.pool.HikariPool                  - HikariPool-1 - Added connection com.mysql.cj.jdbc.ConnectionImpl@54b44879
2026-06-02 22:31:18,380 [main] INFO  com.zaxxer.hikari.HikariDataSource                 - HikariPool-1 - Start completed.
2026-06-02 22:31:18,431 [main] INFO  o.hibernate.jpa.internal.util.LogHelper            - HHH000204: Processing PersistenceUnitInfo [name: default]
2026-06-02 22:31:18,496 [main] INFO  org.hibernate.Version                              - HHH000412: Hibernate ORM core version 6.6.5.Final
2026-06-02 22:31:18,527 [main] INFO  o.h.c.internal.RegionFactoryInitiator              - HHH000026: Second-level cache disabled
2026-06-02 22:31:18,863 [main] INFO  o.s.o.j.p.SpringPersistenceUnitInfo                - No LoadTimeWeaver setup: ignoring JPA class transformer
2026-06-02 22:31:18,955 [main] INFO  org.hibernate.orm.connections.pooling              - HHH10001005: Database info:
	Database JDBC URL [Connecting through datasource 'HikariDataSource (HikariPool-1)']
	Database driver: undefined/unknown
	Database version: 8.0.35
	Autocommit mode: undefined/unknown
	Isolation level: undefined/unknown
	Minimum pool size: undefined/unknown
	Maximum pool size: undefined/unknown
2026-06-02 22:31:19,782 [main] INFO  o.h.e.t.j.p.i.JtaPlatformInitiator                 - HHH000489: No JTA platform available (set 'hibernate.transaction.jta.platform' to enable JTA platform integration)
2026-06-02 22:31:19,784 [main] INFO  o.s.o.j.LocalContainerEntityManagerFactoryBean     - Initialized JPA EntityManagerFactory for persistence unit 'default'
2026-06-02 22:31:20,000 [main] INFO  o.s.d.j.r.query.QueryEnhancerFactory               - Hibernate is in classpath; If applicable, HQL parser will be used.
2026-06-02 22:31:20,530 [main] WARN  o.s.b.a.o.j.JpaBaseConfiguration$JpaWebConfiguration - spring.jpa.open-in-view is enabled by default. Therefore, database queries may be performed during view rendering. Explicitly configure spring.jpa.open-in-view to disable this warning
2026-06-02 22:31:20,789 [main] INFO  o.s.s.c.a.a.c.InitializeAuthenticationProviderBeanManagerConfigurer$InitializeAuthenticationProviderManagerConfigurer - Global AuthenticationManager configured with AuthenticationProvider bean with name authenticationProvider
2026-06-02 22:31:20,789 [main] WARN  o.s.s.c.a.a.c.InitializeUserDetailsBeanManagerConfigurer$InitializeUserDetailsManagerConfigurer - Global AuthenticationManager configured with an AuthenticationProvider bean. UserDetailsService beans will not be used by Spring Security for automatically configuring username/password login. Consider removing the AuthenticationProvider bean. Alternatively, consider using the UserDetailsService in a manually instantiated DaoAuthenticationProvider. If the current configuration is intentional, to turn off this warning, increase the logging level of 'org.springframework.security.config.annotation.authentication.configuration.InitializeUserDetailsBeanManagerConfigurer' to ERROR
2026-06-02 22:31:21,478 [main] INFO  o.s.b.a.w.s.WelcomePageHandlerMapping              - Adding welcome page: class path resource [public/index.html]
2026-06-02 22:31:21,852 [main] INFO  o.apache.coyote.http11.Http11NioProtocol           - Starting ProtocolHandler ["http-nio-22224"]
2026-06-02 22:31:21,862 [main] INFO  o.s.b.w.embedded.tomcat.TomcatWebServer            - Tomcat started on port 22224 (http) with context path '/'
2026-06-02 22:31:21,867 [main] INFO  c.e.s.java.server.JavaServerApplication            - Started JavaServerApplication in 9.918 seconds (process running for 10.65)
2026-06-02 22:31:21,868 [main] INFO  c.e.s.j.server.SystemApplicationListener           - org.springframework.boot.context.event.ApplicationReadyEvent[source=org.springframework.boot.SpringApplication@71be509]
2026-06-02 22:31:21,868 [main] INFO  c.e.s.j.server.SystemApplicationListener           - SystemInitStart
2026-06-02 22:31:22,002 [main] INFO  c.e.s.j.server.SystemApplicationListener           - systemInitEnd
2026-06-02 22:31:23,127 [http-nio-22224-exec-1] INFO  o.a.c.c.C.[Tomcat].[localhost].[/]                 - Initializing Spring DispatcherServlet 'dispatcherServlet'
2026-06-02 22:31:23,127 [http-nio-22224-exec-1] INFO  o.s.web.servlet.DispatcherServlet                  - Initializing Servlet 'dispatcherServlet'
2026-06-02 22:31:23,128 [http-nio-22224-exec-1] INFO  o.s.web.servlet.DispatcherServlet                  - Completed initialization in 1 ms
2026-06-02 22:31:23,538 [http-nio-22224-exec-9] INFO  c.e.s.j.s.c.JwtAuthenticationFilter                - /api/base/getDataBaseUserName,admin,2026-06-02 22:31:23,0.037
2026-06-02 22:31:23,661 [http-nio-22224-exec-3] INFO  c.e.s.j.s.c.JwtAuthenticationFilter                - /api/base/getMenuList,admin,2026-06-02 22:31:23,0.117
2026-06-02 22:31:32,835 [http-nio-22224-exec-5] INFO  c.e.s.j.s.c.JwtAuthenticationFilter                - /api/volunteer/getActivityList,admin,2026-06-02 22:31:32,0.111
2026-06-02 22:31:32,917 [http-nio-22224-exec-6] INFO  c.e.s.j.s.c.JwtAuthenticationFilter                - /api/volunteer/getActivityList,admin,2026-06-02 22:31:32,0.073
2026-06-02 22:31:52,855 [http-nio-22224-exec-10] INFO  c.e.s.j.s.c.JwtAuthenticationFilter                - /api/volunteer/getVolunteers,admin,2026-06-02 22:31:52,0.062
2026-06-02 22:31:52,940 [http-nio-22224-exec-1] INFO  c.e.s.j.s.c.JwtAuthenticationFilter                - /api/volunteer/getActivityList,admin,2026-06-02 22:31:52,0.078
2026-06-02 22:31:52,992 [http-nio-22224-exec-9] INFO  c.e.s.j.s.c.JwtAuthenticationFilter                - /api/volunteer/getVolunteers,admin,2026-06-02 22:31:52,0.047
2026-06-02 22:31:56,358 [http-nio-22224-exec-5] INFO  c.e.s.j.s.c.JwtAuthenticationFilter                - /api/volunteer/getVolunteers,admin,2026-06-02 22:31:56,0.056
2026-06-02 22:31:56,445 [http-nio-22224-exec-6] INFO  c.e.s.j.s.c.JwtAuthenticationFilter                - /api/volunteer/getActivityList,admin,2026-06-02 22:31:56,0.083
2026-06-02 22:31:56,501 [http-nio-22224-exec-4] INFO  c.e.s.j.s.c.JwtAuthenticationFilter                - /api/volunteer/getActivityList,admin,2026-06-02 22:31:56,0.05
2026-06-02 22:31:58,240 [http-nio-22224-exec-2] INFO  c.e.s.j.s.c.JwtAuthenticationFilter                - /api/volunteer/getActivityList,admin,2026-06-02 22:31:58,0.067
2026-06-02 22:31:58,300 [http-nio-22224-exec-7] INFO  c.e.s.j.s.c.JwtAuthenticationFilter                - /api/volunteer/getVolunteers,admin,2026-06-02 22:31:58,0.051
2026-06-02 22:32:07,590 [http-nio-22224-exec-2] INFO  c.e.s.j.s.c.JwtAuthenticationFilter                - /api/volunteer/volunteerDelete,admin,2026-06-02 22:32:07,0.178
2026-06-02 22:32:07,668 [http-nio-22224-exec-7] INFO  c.e.s.j.s.c.JwtAuthenticationFilter                - /api/volunteer/getVolunteers,admin,2026-06-02 22:32:07,0.064
2026-06-02 22:32:14,866 [http-nio-22224-exec-1] INFO  c.e.s.j.s.c.JwtAuthenticationFilter                - /api/volunteer/getVolunteers,admin,2026-06-02 22:32:14,0.07
2026-06-02 22:32:14,950 [http-nio-22224-exec-6] INFO  c.e.s.j.s.c.JwtAuthenticationFilter                - /api/volunteer/getActivityList,admin,2026-06-02 22:32:14,0.08
2026-06-02 22:32:15,020 [http-nio-22224-exec-4] INFO  c.e.s.j.s.c.JwtAuthenticationFilter                - /api/volunteer/getActivityList,admin,2026-06-02 22:32:14,0.065
2026-06-02 22:32:20,474 [http-nio-22224-exec-3] INFO  c.e.s.j.s.c.JwtAuthenticationFilter                - /api/student/getStudentList,admin,2026-06-02 22:32:20,0.085
2026-06-02 22:32:20,553 [http-nio-22224-exec-10] INFO  c.e.s.j.s.c.JwtAuthenticationFilter                - /api/base/getDictionaryOptionItemList,admin,2026-06-02 22:32:20,0.075
2026-06-02 22:32:20,635 [http-nio-22224-exec-5] INFO  c.e.s.j.s.c.JwtAuthenticationFilter                - /api/volunteer/getActivityList,admin,2026-06-02 22:32:20,0.074
2026-06-02 22:34:19,951 [http-nio-22224-exec-10] INFO  c.e.s.j.s.c.JwtAuthenticationFilter                - /api/student/studentEditSave,admin,2026-06-02 22:34:19,0.841
2026-06-02 22:34:20,064 [http-nio-22224-exec-5] INFO  c.e.s.j.s.c.JwtAuthenticationFilter                - /api/student/getStudentList,admin,2026-06-02 22:34:19,0.093
2026-06-02 22:34:31,150 [http-nio-22224-exec-8] INFO  c.e.s.j.s.c.JwtAuthenticationFilter                - /api/student/getStudentInfo,admin,2026-06-02 22:34:31,0.075
2026-06-02 22:34:31,225 [http-nio-22224-exec-7] INFO  c.e.s.j.s.c.JwtAuthenticationFilter                - /api/base/getBlobByteData,admin,2026-06-02 22:34:31,0.07
2026-06-02 22:35:02,257 [http-nio-22224-exec-4] INFO  c.e.s.j.s.c.JwtAuthenticationFilter                - /api/volunteer/getActivityList,admin,2026-06-02 22:35:02,0.091
2026-06-02 22:35:07,506 [http-nio-22224-exec-3] INFO  c.e.s.j.s.c.JwtAuthenticationFilter                - /api/volunteer/getActivityList,admin,2026-06-02 22:35:07,0.092
2026-06-02 22:35:07,588 [http-nio-22224-exec-10] INFO  c.e.s.j.s.c.JwtAuthenticationFilter                - /api/volunteer/getVolunteers,admin,2026-06-02 22:35:07,0.073
2026-06-02 22:35:16,465 [http-nio-22224-exec-5] INFO  c.e.s.j.s.c.JwtAuthenticationFilter                - /api/volunteer/getVolunteers,admin,2026-06-02 22:35:16,0.081
2026-06-02 22:35:16,542 [http-nio-22224-exec-2] INFO  c.e.s.j.s.c.JwtAuthenticationFilter                - /api/volunteer/getActivityList,admin,2026-06-02 22:35:16,0.073
2026-06-02 22:35:16,618 [http-nio-22224-exec-9] INFO  c.e.s.j.s.c.JwtAuthenticationFilter                - /api/volunteer/getActivityList,admin,2026-06-02 22:35:16,0.072
2026-06-02 22:45:20,769 [http-nio-22224-exec-10] INFO  c.e.s.j.s.c.JwtAuthenticationFilter                - /api/volunteer/activitySave,admin,2026-06-02 22:45:20,0.224
2026-06-02 22:45:20,905 [http-nio-22224-exec-5] INFO  c.e.s.j.s.c.JwtAuthenticationFilter                - /api/volunteer/getActivityList,admin,2026-06-02 22:45:20,0.112
2026-06-02 22:45:24,953 [http-nio-22224-exec-2] INFO  c.e.s.j.s.c.JwtAuthenticationFilter                - /api/volunteer/getActivityList,admin,2026-06-02 22:45:24,0.097
2026-06-02 22:45:25,011 [http-nio-22224-exec-9] INFO  c.e.s.j.s.c.JwtAuthenticationFilter                - /api/volunteer/getVolunteers,admin,2026-06-02 22:45:24,0.053
2026-06-02 22:45:29,576 [http-nio-22224-exec-8] INFO  c.e.s.j.s.c.JwtAuthenticationFilter                - /api/volunteer/getVolunteers,admin,2026-06-02 22:45:29,0.054
2026-06-02 22:45:29,667 [http-nio-22224-exec-7] INFO  c.e.s.j.s.c.JwtAuthenticationFilter                - /api/volunteer/getActivityList,admin,2026-06-02 22:45:29,0.086
2026-06-02 22:45:29,760 [http-nio-22224-exec-6] INFO  c.e.s.j.s.c.JwtAuthenticationFilter                - /api/volunteer/getActivityList,admin,2026-06-02 22:45:29,0.088
2026-06-02 22:45:31,234 [http-nio-22224-exec-1] INFO  c.e.s.j.s.c.JwtAuthenticationFilter                - /api/volunteer/getActivityList,admin,2026-06-02 22:45:31,0.088
2026-06-02 22:45:31,277 [http-nio-22224-exec-4] INFO  c.e.s.j.s.c.JwtAuthenticationFilter                - /api/volunteer/getVolunteers,admin,2026-06-02 22:45:31,0.039
2026-06-02 22:45:47,544 [http-nio-22224-exec-3] INFO  c.e.s.j.s.c.JwtAuthenticationFilter                - /api/volunteer/getVolunteers,admin,2026-06-02 22:45:47,0.068
2026-06-02 22:45:47,636 [http-nio-22224-exec-10] INFO  c.e.s.j.s.c.JwtAuthenticationFilter                - /api/volunteer/getActivityList,admin,2026-06-02 22:45:47,0.088
2026-06-02 22:45:47,731 [http-nio-22224-exec-5] INFO  c.e.s.j.s.c.JwtAuthenticationFilter                - /api/volunteer/getActivityList,admin,2026-06-02 22:45:47,0.089
2026-06-02 22:48:34,797 [http-nio-22224-exec-8] INFO  c.e.s.j.s.c.JwtAuthenticationFilter                - /api/volunteer/getActivityList,admin,2026-06-02 22:48:34,0.111
2026-06-02 22:48:34,846 [http-nio-22224-exec-7] INFO  c.e.s.j.s.c.JwtAuthenticationFilter                - /api/volunteer/getVolunteers,admin,2026-06-02 22:48:34,0.043
2026-06-02 22:48:39,216 [http-nio-22224-exec-6] INFO  c.e.s.j.s.c.JwtAuthenticationFilter                - /api/volunteer/getVolunteers,admin,2026-06-02 22:48:39,0.172
2026-06-02 22:48:39,412 [http-nio-22224-exec-1] INFO  c.e.s.j.s.c.JwtAuthenticationFilter                - /api/volunteer/getActivityList,admin,2026-06-02 22:48:39,0.19
2026-06-02 22:48:39,494 [http-nio-22224-exec-4] INFO  c.e.s.j.s.c.JwtAuthenticationFilter                - /api/volunteer/getActivityList,admin,2026-06-02 22:48:39,0.078
2026-06-02 22:51:30,821 [http-nio-22224-exec-8] INFO  c.e.s.j.s.c.JwtAuthenticationFilter                - /api/volunteer/getActivityList,admin,2026-06-02 22:51:30,0.085
2026-06-02 22:51:30,851 [http-nio-22224-exec-7] INFO  c.e.s.j.s.c.JwtAuthenticationFilter                - /api/volunteer/getVolunteers,admin,2026-06-02 22:51:30,0.026
2026-06-02 22:51:32,850 [http-nio-22224-exec-6] INFO  c.e.s.j.s.c.JwtAuthenticationFilter                - /api/volunteer/getVolunteers,admin,2026-06-02 22:51:32,0.06
2026-06-02 22:51:32,925 [http-nio-22224-exec-1] INFO  c.e.s.j.s.c.JwtAuthenticationFilter                - /api/volunteer/getActivityList,admin,2026-06-02 22:51:32,0.072
2026-06-02 22:51:33,037 [http-nio-22224-exec-4] INFO  c.e.s.j.s.c.JwtAuthenticationFilter                - /api/volunteer/getActivityList,admin,2026-06-02 22:51:32,0.106
2026-06-02 22:52:32,360 [http-nio-22224-exec-8] INFO  c.e.s.j.s.c.JwtAuthenticationFilter                - /api/volunteer/getActivityList,admin,2026-06-02 22:52:32,0.108
2026-06-02 22:52:32,410 [http-nio-22224-exec-7] INFO  c.e.s.j.s.c.JwtAuthenticationFilter                - /api/volunteer/getVolunteers,admin,2026-06-02 22:52:32,0.043
2026-06-02 22:52:56,851 [http-nio-22224-exec-4] INFO  c.e.s.j.s.c.JwtAuthenticationFilter                - /api/volunteer/getVolunteers,admin,2026-06-02 22:52:56,0.068
2026-06-02 22:52:56,959 [http-nio-22224-exec-3] INFO  c.e.s.j.s.c.JwtAuthenticationFilter                - /api/volunteer/getActivityList,admin,2026-06-02 22:52:56,0.103
2026-06-02 22:52:57,045 [http-nio-22224-exec-9] INFO  c.e.s.j.s.c.JwtAuthenticationFilter                - /api/volunteer/getActivityList,admin,2026-06-02 22:52:56,0.081
2026-06-02 22:53:00,089 [http-nio-22224-exec-10] INFO  c.e.s.j.s.c.JwtAuthenticationFilter                - /api/volunteer/getActivityList,admin,2026-06-02 22:53:00,0.083
2026-06-02 22:53:00,136 [http-nio-22224-exec-5] INFO  c.e.s.j.s.c.JwtAuthenticationFilter                - /api/volunteer/getVolunteers,admin,2026-06-02 22:53:00,0.042
2026-06-02 22:53:06,295 [http-nio-22224-exec-2] INFO  c.e.s.j.s.c.JwtAuthenticationFilter                - /api/volunteer/getVolunteers,admin,2026-06-02 22:53:06,0.071
2026-06-02 22:53:06,380 [http-nio-22224-exec-8] INFO  c.e.s.j.s.c.JwtAuthenticationFilter                - /api/volunteer/getActivityList,admin,2026-06-02 22:53:06,0.081
2026-06-02 22:53:06,466 [http-nio-22224-exec-7] INFO  c.e.s.j.s.c.JwtAuthenticationFilter                - /api/volunteer/getActivityList,admin,2026-06-02 22:53:06,0.08
2026-06-02 22:53:08,322 [http-nio-22224-exec-6] INFO  c.e.s.j.s.c.JwtAuthenticationFilter                - /api/volunteer/getActivityList,admin,2026-06-02 22:53:08,0.093
2026-06-02 22:53:08,374 [http-nio-22224-exec-1] INFO  c.e.s.j.s.c.JwtAuthenticationFilter                - /api/volunteer/getVolunteers,admin,2026-06-02 22:53:08,0.047
2026-06-02 22:53:11,933 [http-nio-22224-exec-4] INFO  c.e.s.j.s.c.JwtAuthenticationFilter                - /api/volunteer/getVolunteers,admin,2026-06-02 22:53:11,0.062
2026-06-02 22:53:12,035 [http-nio-22224-exec-3] INFO  c.e.s.j.s.c.JwtAuthenticationFilter                - /api/volunteer/getActivityList,admin,2026-06-02 22:53:11,0.098
2026-06-02 22:53:12,125 [http-nio-22224-exec-9] INFO  c.e.s.j.s.c.JwtAuthenticationFilter                - /api/volunteer/getActivityList,admin,2026-06-02 22:53:12,0.086
2026-06-02 22:53:13,949 [http-nio-22224-exec-10] INFO  c.e.s.j.s.c.JwtAuthenticationFilter                - /api/volunteer/getActivityList,admin,2026-06-02 22:53:13,0.098
2026-06-02 22:53:13,992 [http-nio-22224-exec-5] INFO  c.e.s.j.s.c.JwtAuthenticationFilter                - /api/volunteer/getVolunteers,admin,2026-06-02 22:53:13,0.038
2026-06-02 22:53:29,675 [http-nio-22224-exec-7] INFO  c.e.s.j.s.c.JwtAuthenticationFilter                - /api/volunteer/getVolunteers,admin,2026-06-02 22:53:29,0.063
2026-06-02 22:53:29,718 [http-nio-22224-exec-6] INFO  c.e.s.j.s.c.JwtAuthenticationFilter                - /api/volunteer/getActivityList,admin,2026-06-02 22:53:29,0.039
2026-06-02 22:53:29,771 [http-nio-22224-exec-1] INFO  c.e.s.j.s.c.JwtAuthenticationFilter                - /api/volunteer/getActivityList,admin,2026-06-02 22:53:29,0.049
2026-06-02 22:53:32,009 [http-nio-22224-exec-3] INFO  c.e.s.j.s.c.JwtAuthenticationFilter                - /api/volunteer/getActivityList,admin,2026-06-02 22:53:31,0.121
2026-06-02 22:53:32,061 [http-nio-22224-exec-9] INFO  c.e.s.j.s.c.JwtAuthenticationFilter                - /api/volunteer/getVolunteers,admin,2026-06-02 22:53:32,0.045
2026-06-02 22:53:38,371 [http-nio-22224-exec-1] INFO  c.e.s.j.s.c.JwtAuthenticationFilter                - /api/volunteer/changeStatus,admin,2026-06-02 22:53:38,0.249
2026-06-02 22:53:38,442 [http-nio-22224-exec-4] INFO  c.e.s.j.s.c.JwtAuthenticationFilter                - /api/volunteer/getVolunteers,admin,2026-06-02 22:53:38,0.047
2026-06-02 22:53:38,524 [http-nio-22224-exec-3] INFO  c.e.s.j.s.c.JwtAuthenticationFilter                - /api/volunteer/getActivityList,admin,2026-06-02 22:53:38,0.078
2026-06-02 22:53:38,627 [http-nio-22224-exec-9] INFO  c.e.s.j.s.c.JwtAuthenticationFilter                - /api/volunteer/getActivityList,admin,2026-06-02 22:53:38,0.098
2026-06-02 23:23:58,964 [SpringApplicationShutdownHook] INFO  o.s.b.w.embedded.tomcat.GracefulShutdown           - Commencing graceful shutdown. Waiting for active requests to complete
2026-06-02 23:23:58,969 [tomcat-shutdown] INFO  o.s.b.w.embedded.tomcat.GracefulShutdown           - Graceful shutdown complete
2026-06-02 23:23:58,983 [SpringApplicationShutdownHook] INFO  o.s.o.j.LocalContainerEntityManagerFactoryBean     - Closing JPA EntityManagerFactory for persistence unit 'default'
2026-06-02 23:23:58,984 [SpringApplicationShutdownHook] INFO  com.zaxxer.hikari.HikariDataSource                 - HikariPool-1 - Shutdown initiated...
2026-06-02 23:23:58,985 [SpringApplicationShutdownHook] INFO  com.zaxxer.hikari.HikariDataSource                 - HikariPool-1 - Shutdown completed.
2026-06-02 23:29:27,848 [background-preinit] INFO  o.h.validator.internal.util.Version                - HV000001: Hibernate Validator 8.0.2.Final
2026-06-02 23:29:27,886 [main] INFO  c.e.s.java.server.JavaServerApplication            - Starting JavaServerApplication using Java 21.0.10 with PID 6896 (E:\Programming\project\teamX-student-management\java-server\target\classes started by hp in E:\Programming\project\teamX-student-management\java-server)
2026-06-02 23:29:27,886 [main] INFO  c.e.s.java.server.JavaServerApplication            - No active profile set, falling back to 1 default profile: "default"
2026-06-02 23:29:28,380 [main] INFO  o.s.d.r.c.RepositoryConfigurationDelegate          - Multiple Spring Data modules found, entering strict repository configuration mode
2026-06-02 23:29:28,380 [main] INFO  o.s.d.r.c.RepositoryConfigurationDelegate          - Bootstrapping Spring Data JPA repositories in DEFAULT mode.
2026-06-02 23:29:28,468 [main] INFO  o.s.d.r.c.RepositoryConfigurationDelegate          - Finished Spring Data repository scanning in 84 ms. Found 21 JPA repository interfaces.
2026-06-02 23:29:28,478 [main] INFO  o.s.d.r.c.RepositoryConfigurationDelegate          - Multiple Spring Data modules found, entering strict repository configuration mode
2026-06-02 23:29:28,478 [main] INFO  o.s.d.r.c.RepositoryConfigurationDelegate          - Bootstrapping Spring Data Redis repositories in DEFAULT mode.
2026-06-02 23:29:28,486 [main] INFO  o.s.d.r.c.RepositoryConfigurationExtensionSupport  - Spring Data Redis - Could not safely identify store assignment for repository candidate interface cn.edu.sdu.java.server.repositorys.CourseRepository; If you want this repository to be a Redis repository, consider annotating your entities with one of these annotations: org.springframework.data.redis.core.RedisHash (preferred), or consider extending one of the following types with your repository: org.springframework.data.keyvalue.repository.KeyValueRepository
2026-06-02 23:29:28,486 [main] INFO  o.s.d.r.c.RepositoryConfigurationExtensionSupport  - Spring Data Redis - Could not safely identify store assignment for repository candidate interface cn.edu.sdu.java.server.repositorys.DictionaryInfoRepository; If you want this repository to be a Redis repository, consider annotating your entities with one of these annotations: org.springframework.data.redis.core.RedisHash (preferred), or consider extending one of the following types with your repository: org.springframework.data.keyvalue.repository.KeyValueRepository
2026-06-02 23:29:28,486 [main] INFO  o.s.d.r.c.RepositoryConfigurationExtensionSupport  - Spring Data Redis - Could not safely identify store assignment for repository candidate interface cn.edu.sdu.java.server.repositorys.FamilyMemberRepository; If you want this repository to be a Redis repository, consider annotating your entities with one of these annotations: org.springframework.data.redis.core.RedisHash (preferred), or consider extending one of the following types with your repository: org.springframework.data.keyvalue.repository.KeyValueRepository
2026-06-02 23:29:28,487 [main] INFO  o.s.d.r.c.RepositoryConfigurationExtensionSupport  - Spring Data Redis - Could not safely identify store assignment for repository candidate interface cn.edu.sdu.java.server.repositorys.FeeRepository; If you want this repository to be a Redis repository, consider annotating your entities with one of these annotations: org.springframework.data.redis.core.RedisHash (preferred), or consider extending one of the following types with your repository: org.springframework.data.keyvalue.repository.KeyValueRepository
2026-06-02 23:29:28,487 [main] INFO  o.s.d.r.c.RepositoryConfigurationExtensionSupport  - Spring Data Redis - Could not safely identify store assignment for repository candidate interface cn.edu.sdu.java.server.repositorys.HomeworkRepository; If you want this repository to be a Redis repository, consider annotating your entities with one of these annotations: org.springframework.data.redis.core.RedisHash (preferred), or consider extending one of the following types with your repository: org.springframework.data.keyvalue.repository.KeyValueRepository
2026-06-02 23:29:28,487 [main] INFO  o.s.d.r.c.RepositoryConfigurationExtensionSupport  - Spring Data Redis - Could not safely identify store assignment for repository candidate interface cn.edu.sdu.java.server.repositorys.MenuInfoRepository; If you want this repository to be a Redis repository, consider annotating your entities with one of these annotations: org.springframework.data.redis.core.RedisHash (preferred), or consider extending one of the following types with your repository: org.springframework.data.keyvalue.repository.KeyValueRepository
2026-06-02 23:29:28,487 [main] INFO  o.s.d.r.c.RepositoryConfigurationExtensionSupport  - Spring Data Redis - Could not safely identify store assignment for repository candidate interface cn.edu.sdu.java.server.repositorys.ModifyLogRepository; If you want this repository to be a Redis repository, consider annotating your entities with one of these annotations: org.springframework.data.redis.core.RedisHash (preferred), or consider extending one of the following types with your repository: org.springframework.data.keyvalue.repository.KeyValueRepository
2026-06-02 23:29:28,487 [main] INFO  o.s.d.r.c.RepositoryConfigurationExtensionSupport  - Spring Data Redis - Could not safely identify store assignment for repository candidate interface cn.edu.sdu.java.server.repositorys.PersonRepository; If you want this repository to be a Redis repository, consider annotating your entities with one of these annotations: org.springframework.data.redis.core.RedisHash (preferred), or consider extending one of the following types with your repository: org.springframework.data.keyvalue.repository.KeyValueRepository
2026-06-02 23:29:28,487 [main] INFO  o.s.d.r.c.RepositoryConfigurationExtensionSupport  - Spring Data Redis - Could not safely identify store assignment for repository candidate interface cn.edu.sdu.java.server.repositorys.ScoreRepository; If you want this repository to be a Redis repository, consider annotating your entities with one of these annotations: org.springframework.data.redis.core.RedisHash (preferred), or consider extending one of the following types with your repository: org.springframework.data.keyvalue.repository.KeyValueRepository
2026-06-02 23:29:28,488 [main] INFO  o.s.d.r.c.RepositoryConfigurationExtensionSupport  - Spring Data Redis - Could not safely identify store assignment for repository candidate interface cn.edu.sdu.java.server.repositorys.StatisticsDayRepository; If you want this repository to be a Redis repository, consider annotating your entities with one of these annotations: org.springframework.data.redis.core.RedisHash (preferred), or consider extending one of the following types with your repository: org.springframework.data.keyvalue.repository.KeyValueRepository
2026-06-02 23:29:28,488 [main] INFO  o.s.d.r.c.RepositoryConfigurationExtensionSupport  - Spring Data Redis - Could not safely identify store assignment for repository candidate interface cn.edu.sdu.java.server.repositorys.StudentCourseRepository; If you want this repository to be a Redis repository, consider annotating your entities with one of these annotations: org.springframework.data.redis.core.RedisHash (preferred), or consider extending one of the following types with your repository: org.springframework.data.keyvalue.repository.KeyValueRepository
2026-06-02 23:29:28,488 [main] INFO  o.s.d.r.c.RepositoryConfigurationExtensionSupport  - Spring Data Redis - Could not safely identify store assignment for repository candidate interface cn.edu.sdu.java.server.repositorys.StudentLeaveRepository; If you want this repository to be a Redis repository, consider annotating your entities with one of these annotations: org.springframework.data.redis.core.RedisHash (preferred), or consider extending one of the following types with your repository: org.springframework.data.keyvalue.repository.KeyValueRepository
2026-06-02 23:29:28,488 [main] INFO  o.s.d.r.c.RepositoryConfigurationExtensionSupport  - Spring Data Redis - Could not safely identify store assignment for repository candidate interface cn.edu.sdu.java.server.repositorys.StudentRepository; If you want this repository to be a Redis repository, consider annotating your entities with one of these annotations: org.springframework.data.redis.core.RedisHash (preferred), or consider extending one of the following types with your repository: org.springframework.data.keyvalue.repository.KeyValueRepository
2026-06-02 23:29:28,488 [main] INFO  o.s.d.r.c.RepositoryConfigurationExtensionSupport  - Spring Data Redis - Could not safely identify store assignment for repository candidate interface cn.edu.sdu.java.server.repositorys.StudentStatisticsRepository; If you want this repository to be a Redis repository, consider annotating your entities with one of these annotations: org.springframework.data.redis.core.RedisHash (preferred), or consider extending one of the following types with your repository: org.springframework.data.keyvalue.repository.KeyValueRepository
2026-06-02 23:29:28,488 [main] INFO  o.s.d.r.c.RepositoryConfigurationExtensionSupport  - Spring Data Redis - Could not safely identify store assignment for repository candidate interface cn.edu.sdu.java.server.repositorys.SystemInfoRepository; If you want this repository to be a Redis repository, consider annotating your entities with one of these annotations: org.springframework.data.redis.core.RedisHash (preferred), or consider extending one of the following types with your repository: org.springframework.data.keyvalue.repository.KeyValueRepository
2026-06-02 23:29:28,488 [main] INFO  o.s.d.r.c.RepositoryConfigurationExtensionSupport  - Spring Data Redis - Could not safely identify store assignment for repository candidate interface cn.edu.sdu.java.server.repositorys.TeacherRepository; If you want this repository to be a Redis repository, consider annotating your entities with one of these annotations: org.springframework.data.redis.core.RedisHash (preferred), or consider extending one of the following types with your repository: org.springframework.data.keyvalue.repository.KeyValueRepository
2026-06-02 23:29:28,488 [main] INFO  o.s.d.r.c.RepositoryConfigurationExtensionSupport  - Spring Data Redis - Could not safely identify store assignment for repository candidate interface cn.edu.sdu.java.server.repositorys.UserRepository; If you want this repository to be a Redis repository, consider annotating your entities with one of these annotations: org.springframework.data.redis.core.RedisHash (preferred), or consider extending one of the following types with your repository: org.springframework.data.keyvalue.repository.KeyValueRepository
2026-06-02 23:29:28,488 [main] INFO  o.s.d.r.c.RepositoryConfigurationExtensionSupport  - Spring Data Redis - Could not safely identify store assignment for repository candidate interface cn.edu.sdu.java.server.repositorys.UserTypeRepository; If you want this repository to be a Redis repository, consider annotating your entities with one of these annotations: org.springframework.data.redis.core.RedisHash (preferred), or consider extending one of the following types with your repository: org.springframework.data.keyvalue.repository.KeyValueRepository
2026-06-02 23:29:28,488 [main] INFO  o.s.d.r.c.RepositoryConfigurationExtensionSupport  - Spring Data Redis - Could not safely identify store assignment for repository candidate interface cn.edu.sdu.java.server.repositorys.VolunteerActivityRepository; If you want this repository to be a Redis repository, consider annotating your entities with one of these annotations: org.springframework.data.redis.core.RedisHash (preferred), or consider extending one of the following types with your repository: org.springframework.data.keyvalue.repository.KeyValueRepository
2026-06-02 23:29:28,488 [main] INFO  o.s.d.r.c.RepositoryConfigurationExtensionSupport  - Spring Data Redis - Could not safely identify store assignment for repository candidate interface cn.edu.sdu.java.server.repositorys.VolunteerSignupRepository; If you want this repository to be a Redis repository, consider annotating your entities with one of these annotations: org.springframework.data.redis.core.RedisHash (preferred), or consider extending one of the following types with your repository: org.springframework.data.keyvalue.repository.KeyValueRepository
2026-06-02 23:29:28,489 [main] INFO  o.s.d.r.c.RepositoryConfigurationExtensionSupport  - Spring Data Redis - Could not safely identify store assignment for repository candidate interface cn.edu.sdu.java.server.repositorys.WebsiteRepository; If you want this repository to be a Redis repository, consider annotating your entities with one of these annotations: org.springframework.data.redis.core.RedisHash (preferred), or consider extending one of the following types with your repository: org.springframework.data.keyvalue.repository.KeyValueRepository
2026-06-02 23:29:28,489 [main] INFO  o.s.d.r.c.RepositoryConfigurationDelegate          - Finished Spring Data repository scanning in 5 ms. Found 0 Redis repository interfaces.
2026-06-02 23:29:28,760 [main] INFO  o.s.b.w.embedded.tomcat.TomcatWebServer            - Tomcat initialized with port 22224 (http)
2026-06-02 23:29:28,767 [main] INFO  o.apache.coyote.http11.Http11NioProtocol           - Initializing ProtocolHandler ["http-nio-22224"]
2026-06-02 23:29:28,768 [main] INFO  o.apache.catalina.core.StandardService             - Starting service [Tomcat]
2026-06-02 23:29:28,768 [main] INFO  org.apache.catalina.core.StandardEngine            - Starting Servlet engine: [Apache Tomcat/10.1.34]
2026-06-02 23:29:28,800 [main] INFO  o.a.c.c.C.[Tomcat].[localhost].[/]                 - Initializing Spring embedded WebApplicationContext
2026-06-02 23:29:28,800 [main] INFO  o.s.b.w.s.c.ServletWebServerApplicationContext     - Root WebApplicationContext: initialization completed in 838 ms
2026-06-02 23:29:28,851 [main] INFO  com.zaxxer.hikari.HikariDataSource                 - HikariPool-1 - Starting...
2026-06-02 23:29:33,486 [main] INFO  com.zaxxer.hikari.pool.HikariPool                  - HikariPool-1 - Added connection com.mysql.cj.jdbc.ConnectionImpl@5fd8dd66
2026-06-02 23:29:33,487 [main] INFO  com.zaxxer.hikari.HikariDataSource                 - HikariPool-1 - Start completed.
2026-06-02 23:29:33,516 [main] INFO  o.hibernate.jpa.internal.util.LogHelper            - HHH000204: Processing PersistenceUnitInfo [name: default]
2026-06-02 23:29:33,540 [main] INFO  org.hibernate.Version                              - HHH000412: Hibernate ORM core version 6.6.5.Final
2026-06-02 23:29:33,555 [main] INFO  o.h.c.internal.RegionFactoryInitiator              - HHH000026: Second-level cache disabled
2026-06-02 23:29:33,771 [main] INFO  o.s.o.j.p.SpringPersistenceUnitInfo                - No LoadTimeWeaver setup: ignoring JPA class transformer
2026-06-02 23:29:33,868 [main] INFO  org.hibernate.orm.connections.pooling              - HHH10001005: Database info:
	Database JDBC URL [Connecting through datasource 'HikariDataSource (HikariPool-1)']
	Database driver: undefined/unknown
	Database version: 8.0.35
	Autocommit mode: undefined/unknown
	Isolation level: undefined/unknown
	Minimum pool size: undefined/unknown
	Maximum pool size: undefined/unknown
2026-06-02 23:29:34,760 [main] INFO  o.h.e.t.j.p.i.JtaPlatformInitiator                 - HHH000489: No JTA platform available (set 'hibernate.transaction.jta.platform' to enable JTA platform integration)
2026-06-02 23:29:34,762 [main] INFO  o.s.o.j.LocalContainerEntityManagerFactoryBean     - Initialized JPA EntityManagerFactory for persistence unit 'default'
2026-06-02 23:29:34,959 [main] INFO  o.s.d.j.r.query.QueryEnhancerFactory               - Hibernate is in classpath; If applicable, HQL parser will be used.
2026-06-02 23:29:35,553 [main] WARN  o.s.b.a.o.j.JpaBaseConfiguration$JpaWebConfiguration - spring.jpa.open-in-view is enabled by default. Therefore, database queries may be performed during view rendering. Explicitly configure spring.jpa.open-in-view to disable this warning
2026-06-02 23:29:35,767 [main] INFO  o.s.s.c.a.a.c.InitializeAuthenticationProviderBeanManagerConfigurer$InitializeAuthenticationProviderManagerConfigurer - Global AuthenticationManager configured with AuthenticationProvider bean with name authenticationProvider
2026-06-02 23:29:35,767 [main] WARN  o.s.s.c.a.a.c.InitializeUserDetailsBeanManagerConfigurer$InitializeUserDetailsManagerConfigurer - Global AuthenticationManager configured with an AuthenticationProvider bean. UserDetailsService beans will not be used by Spring Security for automatically configuring username/password login. Consider removing the AuthenticationProvider bean. Alternatively, consider using the UserDetailsService in a manually instantiated DaoAuthenticationProvider. If the current configuration is intentional, to turn off this warning, increase the logging level of 'org.springframework.security.config.annotation.authentication.configuration.InitializeUserDetailsBeanManagerConfigurer' to ERROR
2026-06-02 23:29:36,513 [main] INFO  o.s.b.a.w.s.WelcomePageHandlerMapping              - Adding welcome page: class path resource [public/index.html]
2026-06-02 23:29:37,042 [main] INFO  o.apache.coyote.http11.Http11NioProtocol           - Starting ProtocolHandler ["http-nio-22224"]
2026-06-02 23:29:37,053 [main] INFO  o.s.b.w.embedded.tomcat.TomcatWebServer            - Tomcat started on port 22224 (http) with context path '/'
2026-06-02 23:29:37,062 [main] INFO  c.e.s.java.server.JavaServerApplication            - Started JavaServerApplication in 9.55 seconds (process running for 9.907)
2026-06-02 23:29:37,064 [main] INFO  c.e.s.j.server.SystemApplicationListener           - org.springframework.boot.context.event.ApplicationReadyEvent[source=org.springframework.boot.SpringApplication@70025801]
2026-06-02 23:29:37,064 [main] INFO  c.e.s.j.server.SystemApplicationListener           - SystemInitStart
2026-06-02 23:29:37,194 [main] INFO  c.e.s.j.server.SystemApplicationListener           - systemInitEnd
2026-06-02 23:29:40,249 [http-nio-22224-exec-1] INFO  o.a.c.c.C.[Tomcat].[localhost].[/]                 - Initializing Spring DispatcherServlet 'dispatcherServlet'
2026-06-02 23:29:40,249 [http-nio-22224-exec-1] INFO  o.s.web.servlet.DispatcherServlet                  - Initializing Servlet 'dispatcherServlet'
2026-06-02 23:29:40,251 [http-nio-22224-exec-1] INFO  o.s.web.servlet.DispatcherServlet                  - Completed initialization in 2 ms
2026-06-02 23:29:40,848 [http-nio-22224-exec-5] INFO  c.e.s.j.s.c.JwtAuthenticationFilter                - /api/base/getDataBaseUserName,2022030001,2026-06-02 23:29:40,0.047
2026-06-02 23:29:40,959 [http-nio-22224-exec-7] INFO  c.e.s.j.s.c.JwtAuthenticationFilter                - /api/base/getMenuList,2022030001,2026-06-02 23:29:40,0.106
2026-06-02 23:29:47,231 [http-nio-22224-exec-2] INFO  c.e.s.j.s.c.JwtAuthenticationFilter                - /api/base/getDataBaseUserName,admin,2026-06-02 23:29:47,0.035
2026-06-02 23:29:47,468 [http-nio-22224-exec-9] INFO  c.e.s.j.s.c.JwtAuthenticationFilter                - /api/base/getMenuList,admin,2026-06-02 23:29:47,0.232
2026-06-02 23:30:00,206 [http-nio-22224-exec-10] INFO  c.e.s.j.s.c.JwtAuthenticationFilter                - /api/volunteer/getActivityList,admin,2026-06-02 23:30:00,0.122
2026-06-02 23:30:00,298 [http-nio-22224-exec-1] INFO  c.e.s.j.s.c.JwtAuthenticationFilter                - /api/volunteer/getActivityList,admin,2026-06-02 23:30:00,0.081
2026-06-02 23:30:07,656 [http-nio-22224-exec-3] INFO  c.e.s.j.s.c.JwtAuthenticationFilter                - /api/volunteer/getVolunteers,admin,2026-06-02 23:30:07,0.062
2026-06-02 23:30:07,741 [http-nio-22224-exec-8] INFO  c.e.s.j.s.c.JwtAuthenticationFilter                - /api/volunteer/getActivityList,admin,2026-06-02 23:30:07,0.078
2026-06-02 23:30:07,789 [http-nio-22224-exec-2] INFO  c.e.s.j.s.c.JwtAuthenticationFilter                - /api/volunteer/getVolunteers,admin,2026-06-02 23:30:07,0.042
2026-06-02 23:35:57,423 [SpringApplicationShutdownHook] INFO  o.s.b.w.embedded.tomcat.GracefulShutdown           - Commencing graceful shutdown. Waiting for active requests to complete
2026-06-02 23:35:57,428 [tomcat-shutdown] INFO  o.s.b.w.embedded.tomcat.GracefulShutdown           - Graceful shutdown complete
2026-06-02 23:35:57,440 [SpringApplicationShutdownHook] INFO  o.s.o.j.LocalContainerEntityManagerFactoryBean     - Closing JPA EntityManagerFactory for persistence unit 'default'
2026-06-02 23:35:57,441 [SpringApplicationShutdownHook] INFO  com.zaxxer.hikari.HikariDataSource                 - HikariPool-1 - Shutdown initiated...
2026-06-02 23:35:57,444 [SpringApplicationShutdownHook] INFO  com.zaxxer.hikari.HikariDataSource                 - HikariPool-1 - Shutdown completed.
2026-06-02 23:36:01,852 [background-preinit] INFO  o.h.validator.internal.util.Version                - HV000001: Hibernate Validator 8.0.2.Final
2026-06-02 23:36:01,878 [main] INFO  c.e.s.java.server.JavaServerApplication            - Starting JavaServerApplication using Java 21.0.10 with PID 28236 (E:\Programming\project\teamX-student-management\java-server\target\classes started by hp in E:\Programming\project\teamX-student-management\java-server)
2026-06-02 23:36:01,879 [main] INFO  c.e.s.java.server.JavaServerApplication            - No active profile set, falling back to 1 default profile: "default"
2026-06-02 23:36:02,291 [main] INFO  o.s.d.r.c.RepositoryConfigurationDelegate          - Multiple Spring Data modules found, entering strict repository configuration mode
2026-06-02 23:36:02,292 [main] INFO  o.s.d.r.c.RepositoryConfigurationDelegate          - Bootstrapping Spring Data JPA repositories in DEFAULT mode.
2026-06-02 23:36:02,383 [main] INFO  o.s.d.r.c.RepositoryConfigurationDelegate          - Finished Spring Data repository scanning in 86 ms. Found 21 JPA repository interfaces.
2026-06-02 23:36:02,394 [main] INFO  o.s.d.r.c.RepositoryConfigurationDelegate          - Multiple Spring Data modules found, entering strict repository configuration mode
2026-06-02 23:36:02,395 [main] INFO  o.s.d.r.c.RepositoryConfigurationDelegate          - Bootstrapping Spring Data Redis repositories in DEFAULT mode.
2026-06-02 23:36:02,403 [main] INFO  o.s.d.r.c.RepositoryConfigurationExtensionSupport  - Spring Data Redis - Could not safely identify store assignment for repository candidate interface cn.edu.sdu.java.server.repositorys.CourseRepository; If you want this repository to be a Redis repository, consider annotating your entities with one of these annotations: org.springframework.data.redis.core.RedisHash (preferred), or consider extending one of the following types with your repository: org.springframework.data.keyvalue.repository.KeyValueRepository
2026-06-02 23:36:02,403 [main] INFO  o.s.d.r.c.RepositoryConfigurationExtensionSupport  - Spring Data Redis - Could not safely identify store assignment for repository candidate interface cn.edu.sdu.java.server.repositorys.DictionaryInfoRepository; If you want this repository to be a Redis repository, consider annotating your entities with one of these annotations: org.springframework.data.redis.core.RedisHash (preferred), or consider extending one of the following types with your repository: org.springframework.data.keyvalue.repository.KeyValueRepository
2026-06-02 23:36:02,403 [main] INFO  o.s.d.r.c.RepositoryConfigurationExtensionSupport  - Spring Data Redis - Could not safely identify store assignment for repository candidate interface cn.edu.sdu.java.server.repositorys.FamilyMemberRepository; If you want this repository to be a Redis repository, consider annotating your entities with one of these annotations: org.springframework.data.redis.core.RedisHash (preferred), or consider extending one of the following types with your repository: org.springframework.data.keyvalue.repository.KeyValueRepository
2026-06-02 23:36:02,403 [main] INFO  o.s.d.r.c.RepositoryConfigurationExtensionSupport  - Spring Data Redis - Could not safely identify store assignment for repository candidate interface cn.edu.sdu.java.server.repositorys.FeeRepository; If you want this repository to be a Redis repository, consider annotating your entities with one of these annotations: org.springframework.data.redis.core.RedisHash (preferred), or consider extending one of the following types with your repository: org.springframework.data.keyvalue.repository.KeyValueRepository
2026-06-02 23:36:02,404 [main] INFO  o.s.d.r.c.RepositoryConfigurationExtensionSupport  - Spring Data Redis - Could not safely identify store assignment for repository candidate interface cn.edu.sdu.java.server.repositorys.HomeworkRepository; If you want this repository to be a Redis repository, consider annotating your entities with one of these annotations: org.springframework.data.redis.core.RedisHash (preferred), or consider extending one of the following types with your repository: org.springframework.data.keyvalue.repository.KeyValueRepository
2026-06-02 23:36:02,405 [main] INFO  o.s.d.r.c.RepositoryConfigurationExtensionSupport  - Spring Data Redis - Could not safely identify store assignment for repository candidate interface cn.edu.sdu.java.server.repositorys.MenuInfoRepository; If you want this repository to be a Redis repository, consider annotating your entities with one of these annotations: org.springframework.data.redis.core.RedisHash (preferred), or consider extending one of the following types with your repository: org.springframework.data.keyvalue.repository.KeyValueRepository
2026-06-02 23:36:02,405 [main] INFO  o.s.d.r.c.RepositoryConfigurationExtensionSupport  - Spring Data Redis - Could not safely identify store assignment for repository candidate interface cn.edu.sdu.java.server.repositorys.ModifyLogRepository; If you want this repository to be a Redis repository, consider annotating your entities with one of these annotations: org.springframework.data.redis.core.RedisHash (preferred), or consider extending one of the following types with your repository: org.springframework.data.keyvalue.repository.KeyValueRepository
2026-06-02 23:36:02,405 [main] INFO  o.s.d.r.c.RepositoryConfigurationExtensionSupport  - Spring Data Redis - Could not safely identify store assignment for repository candidate interface cn.edu.sdu.java.server.repositorys.PersonRepository; If you want this repository to be a Redis repository, consider annotating your entities with one of these annotations: org.springframework.data.redis.core.RedisHash (preferred), or consider extending one of the following types with your repository: org.springframework.data.keyvalue.repository.KeyValueRepository
2026-06-02 23:36:02,405 [main] INFO  o.s.d.r.c.RepositoryConfigurationExtensionSupport  - Spring Data Redis - Could not safely identify store assignment for repository candidate interface cn.edu.sdu.java.server.repositorys.ScoreRepository; If you want this repository to be a Redis repository, consider annotating your entities with one of these annotations: org.springframework.data.redis.core.RedisHash (preferred), or consider extending one of the following types with your repository: org.springframework.data.keyvalue.repository.KeyValueRepository
2026-06-02 23:36:02,405 [main] INFO  o.s.d.r.c.RepositoryConfigurationExtensionSupport  - Spring Data Redis - Could not safely identify store assignment for repository candidate interface cn.edu.sdu.java.server.repositorys.StatisticsDayRepository; If you want this repository to be a Redis repository, consider annotating your entities with one of these annotations: org.springframework.data.redis.core.RedisHash (preferred), or consider extending one of the following types with your repository: org.springframework.data.keyvalue.repository.KeyValueRepository
2026-06-02 23:36:02,405 [main] INFO  o.s.d.r.c.RepositoryConfigurationExtensionSupport  - Spring Data Redis - Could not safely identify store assignment for repository candidate interface cn.edu.sdu.java.server.repositorys.StudentCourseRepository; If you want this repository to be a Redis repository, consider annotating your entities with one of these annotations: org.springframework.data.redis.core.RedisHash (preferred), or consider extending one of the following types with your repository: org.springframework.data.keyvalue.repository.KeyValueRepository
2026-06-02 23:36:02,405 [main] INFO  o.s.d.r.c.RepositoryConfigurationExtensionSupport  - Spring Data Redis - Could not safely identify store assignment for repository candidate interface cn.edu.sdu.java.server.repositorys.StudentLeaveRepository; If you want this repository to be a Redis repository, consider annotating your entities with one of these annotations: org.springframework.data.redis.core.RedisHash (preferred), or consider extending one of the following types with your repository: org.springframework.data.keyvalue.repository.KeyValueRepository
2026-06-02 23:36:02,405 [main] INFO  o.s.d.r.c.RepositoryConfigurationExtensionSupport  - Spring Data Redis - Could not safely identify store assignment for repository candidate interface cn.edu.sdu.java.server.repositorys.StudentRepository; If you want this repository to be a Redis repository, consider annotating your entities with one of these annotations: org.springframework.data.redis.core.RedisHash (preferred), or consider extending one of the following types with your repository: org.springframework.data.keyvalue.repository.KeyValueRepository
2026-06-02 23:36:02,405 [main] INFO  o.s.d.r.c.RepositoryConfigurationExtensionSupport  - Spring Data Redis - Could not safely identify store assignment for repository candidate interface cn.edu.sdu.java.server.repositorys.StudentStatisticsRepository; If you want this repository to be a Redis repository, consider annotating your entities with one of these annotations: org.springframework.data.redis.core.RedisHash (preferred), or consider extending one of the following types with your repository: org.springframework.data.keyvalue.repository.KeyValueRepository
2026-06-02 23:36:02,406 [main] INFO  o.s.d.r.c.RepositoryConfigurationExtensionSupport  - Spring Data Redis - Could not safely identify store assignment for repository candidate interface cn.edu.sdu.java.server.repositorys.SystemInfoRepository; If you want this repository to be a Redis repository, consider annotating your entities with one of these annotations: org.springframework.data.redis.core.RedisHash (preferred), or consider extending one of the following types with your repository: org.springframework.data.keyvalue.repository.KeyValueRepository
2026-06-02 23:36:02,406 [main] INFO  o.s.d.r.c.RepositoryConfigurationExtensionSupport  - Spring Data Redis - Could not safely identify store assignment for repository candidate interface cn.edu.sdu.java.server.repositorys.TeacherRepository; If you want this repository to be a Redis repository, consider annotating your entities with one of these annotations: org.springframework.data.redis.core.RedisHash (preferred), or consider extending one of the following types with your repository: org.springframework.data.keyvalue.repository.KeyValueRepository
2026-06-02 23:36:02,406 [main] INFO  o.s.d.r.c.RepositoryConfigurationExtensionSupport  - Spring Data Redis - Could not safely identify store assignment for repository candidate interface cn.edu.sdu.java.server.repositorys.UserRepository; If you want this repository to be a Redis repository, consider annotating your entities with one of these annotations: org.springframework.data.redis.core.RedisHash (preferred), or consider extending one of the following types with your repository: org.springframework.data.keyvalue.repository.KeyValueRepository
2026-06-02 23:36:02,406 [main] INFO  o.s.d.r.c.RepositoryConfigurationExtensionSupport  - Spring Data Redis - Could not safely identify store assignment for repository candidate interface cn.edu.sdu.java.server.repositorys.UserTypeRepository; If you want this repository to be a Redis repository, consider annotating your entities with one of these annotations: org.springframework.data.redis.core.RedisHash (preferred), or consider extending one of the following types with your repository: org.springframework.data.keyvalue.repository.KeyValueRepository
2026-06-02 23:36:02,406 [main] INFO  o.s.d.r.c.RepositoryConfigurationExtensionSupport  - Spring Data Redis - Could not safely identify store assignment for repository candidate interface cn.edu.sdu.java.server.repositorys.VolunteerActivityRepository; If you want this repository to be a Redis repository, consider annotating your entities with one of these annotations: org.springframework.data.redis.core.RedisHash (preferred), or consider extending one of the following types with your repository: org.springframework.data.keyvalue.repository.KeyValueRepository
2026-06-02 23:36:02,406 [main] INFO  o.s.d.r.c.RepositoryConfigurationExtensionSupport  - Spring Data Redis - Could not safely identify store assignment for repository candidate interface cn.edu.sdu.java.server.repositorys.VolunteerSignupRepository; If you want this repository to be a Redis repository, consider annotating your entities with one of these annotations: org.springframework.data.redis.core.RedisHash (preferred), or consider extending one of the following types with your repository: org.springframework.data.keyvalue.repository.KeyValueRepository
2026-06-02 23:36:02,406 [main] INFO  o.s.d.r.c.RepositoryConfigurationExtensionSupport  - Spring Data Redis - Could not safely identify store assignment for repository candidate interface cn.edu.sdu.java.server.repositorys.WebsiteRepository; If you want this repository to be a Redis repository, consider annotating your entities with one of these annotations: org.springframework.data.redis.core.RedisHash (preferred), or consider extending one of the following types with your repository: org.springframework.data.keyvalue.repository.KeyValueRepository
2026-06-02 23:36:02,406 [main] INFO  o.s.d.r.c.RepositoryConfigurationDelegate          - Finished Spring Data repository scanning in 6 ms. Found 0 Redis repository interfaces.
2026-06-02 23:36:02,685 [main] INFO  o.s.b.w.embedded.tomcat.TomcatWebServer            - Tomcat initialized with port 22224 (http)
2026-06-02 23:36:02,692 [main] INFO  o.apache.coyote.http11.Http11NioProtocol           - Initializing ProtocolHandler ["http-nio-22224"]
2026-06-02 23:36:02,693 [main] INFO  o.apache.catalina.core.StandardService             - Starting service [Tomcat]
2026-06-02 23:36:02,693 [main] INFO  org.apache.catalina.core.StandardEngine            - Starting Servlet engine: [Apache Tomcat/10.1.34]
2026-06-02 23:36:02,723 [main] INFO  o.a.c.c.C.[Tomcat].[localhost].[/]                 - Initializing Spring embedded WebApplicationContext
2026-06-02 23:36:02,723 [main] INFO  o.s.b.w.s.c.ServletWebServerApplicationContext     - Root WebApplicationContext: initialization completed in 820 ms
2026-06-02 23:36:02,780 [main] INFO  com.zaxxer.hikari.HikariDataSource                 - HikariPool-1 - Starting...
2026-06-02 23:36:07,455 [main] INFO  com.zaxxer.hikari.pool.HikariPool                  - HikariPool-1 - Added connection com.mysql.cj.jdbc.ConnectionImpl@19ae36f4
2026-06-02 23:36:07,456 [main] INFO  com.zaxxer.hikari.HikariDataSource                 - HikariPool-1 - Start completed.
2026-06-02 23:36:07,479 [main] INFO  o.hibernate.jpa.internal.util.LogHelper            - HHH000204: Processing PersistenceUnitInfo [name: default]
2026-06-02 23:36:07,503 [main] INFO  org.hibernate.Version                              - HHH000412: Hibernate ORM core version 6.6.5.Final
2026-06-02 23:36:07,517 [main] INFO  o.h.c.internal.RegionFactoryInitiator              - HHH000026: Second-level cache disabled
2026-06-02 23:36:07,632 [main] INFO  o.s.o.j.p.SpringPersistenceUnitInfo                - No LoadTimeWeaver setup: ignoring JPA class transformer
2026-06-02 23:36:07,693 [main] INFO  org.hibernate.orm.connections.pooling              - HHH10001005: Database info:
	Database JDBC URL [Connecting through datasource 'HikariDataSource (HikariPool-1)']
	Database driver: undefined/unknown
	Database version: 8.0.35
	Autocommit mode: undefined/unknown
	Isolation level: undefined/unknown
	Minimum pool size: undefined/unknown
	Maximum pool size: undefined/unknown
2026-06-02 23:36:08,245 [main] INFO  o.h.e.t.j.p.i.JtaPlatformInitiator                 - HHH000489: No JTA platform available (set 'hibernate.transaction.jta.platform' to enable JTA platform integration)
2026-06-02 23:36:08,247 [main] INFO  o.s.o.j.LocalContainerEntityManagerFactoryBean     - Initialized JPA EntityManagerFactory for persistence unit 'default'
2026-06-02 23:36:08,397 [main] INFO  o.s.d.j.r.query.QueryEnhancerFactory               - Hibernate is in classpath; If applicable, HQL parser will be used.
2026-06-02 23:36:08,729 [main] WARN  o.s.b.a.o.j.JpaBaseConfiguration$JpaWebConfiguration - spring.jpa.open-in-view is enabled by default. Therefore, database queries may be performed during view rendering. Explicitly configure spring.jpa.open-in-view to disable this warning
2026-06-02 23:36:08,873 [main] INFO  o.s.s.c.a.a.c.InitializeAuthenticationProviderBeanManagerConfigurer$InitializeAuthenticationProviderManagerConfigurer - Global AuthenticationManager configured with AuthenticationProvider bean with name authenticationProvider
2026-06-02 23:36:08,873 [main] WARN  o.s.s.c.a.a.c.InitializeUserDetailsBeanManagerConfigurer$InitializeUserDetailsManagerConfigurer - Global AuthenticationManager configured with an AuthenticationProvider bean. UserDetailsService beans will not be used by Spring Security for automatically configuring username/password login. Consider removing the AuthenticationProvider bean. Alternatively, consider using the UserDetailsService in a manually instantiated DaoAuthenticationProvider. If the current configuration is intentional, to turn off this warning, increase the logging level of 'org.springframework.security.config.annotation.authentication.configuration.InitializeUserDetailsBeanManagerConfigurer' to ERROR
2026-06-02 23:36:09,337 [main] INFO  o.s.b.a.w.s.WelcomePageHandlerMapping              - Adding welcome page: class path resource [public/index.html]
2026-06-02 23:36:09,626 [main] INFO  o.apache.coyote.http11.Http11NioProtocol           - Starting ProtocolHandler ["http-nio-22224"]
2026-06-02 23:36:09,635 [main] INFO  o.s.b.w.embedded.tomcat.TomcatWebServer            - Tomcat started on port 22224 (http) with context path '/'
2026-06-02 23:36:09,639 [main] INFO  c.e.s.java.server.JavaServerApplication            - Started JavaServerApplication in 8.068 seconds (process running for 8.398)
2026-06-02 23:36:09,640 [main] INFO  c.e.s.j.server.SystemApplicationListener           - org.springframework.boot.context.event.ApplicationReadyEvent[source=org.springframework.boot.SpringApplication@1c9515db]
2026-06-02 23:36:09,641 [main] INFO  c.e.s.j.server.SystemApplicationListener           - SystemInitStart
2026-06-02 23:36:09,785 [main] INFO  c.e.s.j.server.SystemApplicationListener           - systemInitEnd
2026-06-02 23:36:19,809 [http-nio-22224-exec-1] INFO  o.a.c.c.C.[Tomcat].[localhost].[/]                 - Initializing Spring DispatcherServlet 'dispatcherServlet'
2026-06-02 23:36:19,809 [http-nio-22224-exec-1] INFO  o.s.web.servlet.DispatcherServlet                  - Initializing Servlet 'dispatcherServlet'
2026-06-02 23:36:19,810 [http-nio-22224-exec-1] INFO  o.s.web.servlet.DispatcherServlet                  - Completed initialization in 1 ms
2026-06-02 23:36:20,385 [http-nio-22224-exec-10] INFO  c.e.s.j.s.c.JwtAuthenticationFilter                - /api/base/getDataBaseUserName,2022030001,2026-06-02 23:36:20,0.075
2026-06-02 23:36:20,638 [http-nio-22224-exec-2] INFO  c.e.s.j.s.c.JwtAuthenticationFilter                - /api/base/getMenuList,2022030001,2026-06-02 23:36:20,0.248
2026-06-02 23:36:23,757 [http-nio-22224-exec-6] INFO  c.e.s.j.s.c.JwtAuthenticationFilter                - /api/volunteer/getActivityList,2022030001,2026-06-02 23:36:23,0.123
2026-06-02 23:36:23,869 [http-nio-22224-exec-3] INFO  c.e.s.j.s.c.JwtAuthenticationFilter                - /api/volunteer/getStudentActivityList,2022030001,2026-06-02 23:36:23,0.105
2026-06-02 23:36:23,987 [http-nio-22224-exec-4] INFO  c.e.s.j.s.c.JwtAuthenticationFilter                - /api/volunteer/getActivityList,2022030001,2026-06-02 23:36:23,0.109
2026-06-02 23:36:24,093 [http-nio-22224-exec-7] INFO  c.e.s.j.s.c.JwtAuthenticationFilter                - /api/volunteer/getStudentActivityList,2022030001,2026-06-02 23:36:23,0.098
2026-06-02 23:36:28,171 [http-nio-22224-exec-6] INFO  c.e.s.j.s.c.JwtAuthenticationFilter                - /api/volunteer/checkSignup,2022030001,2026-06-02 23:36:28,0.063
2026-06-02 23:36:28,256 [http-nio-22224-exec-3] INFO  c.e.s.j.s.c.JwtAuthenticationFilter                - /api/volunteer/getActivityList,2022030001,2026-06-02 23:36:28,0.077
2026-06-02 23:36:28,362 [http-nio-22224-exec-4] INFO  c.e.s.j.s.c.JwtAuthenticationFilter                - /api/volunteer/getStudentActivityList,2022030001,2026-06-02 23:36:28,0.099
2026-06-02 23:36:28,411 [http-nio-22224-exec-7] INFO  c.e.s.j.s.c.JwtAuthenticationFilter                - /api/volunteer/checkSignup,2022030001,2026-06-02 23:36:28,0.044
2026-06-02 23:36:30,336 [http-nio-22224-exec-8] INFO  c.e.s.j.s.c.JwtAuthenticationFilter                - /api/volunteer/signup,2022030001,2026-06-02 23:36:30,0.26
2026-06-02 23:36:30,449 [http-nio-22224-exec-10] INFO  c.e.s.j.s.c.JwtAuthenticationFilter                - /api/volunteer/getActivityList,2022030001,2026-06-02 23:36:30,0.087
2026-06-02 23:36:30,491 [http-nio-22224-exec-5] INFO  c.e.s.j.s.c.JwtAuthenticationFilter                - /api/volunteer/checkSignup,2022030001,2026-06-02 23:36:30,0.039
2026-06-02 23:36:33,724 [http-nio-22224-exec-1] INFO  c.e.s.j.s.c.JwtAuthenticationFilter                - /api/volunteer/checkSignup,2022030001,2026-06-02 23:36:33,0.054
2026-06-02 23:36:33,814 [http-nio-22224-exec-2] INFO  c.e.s.j.s.c.JwtAuthenticationFilter                - /api/volunteer/getActivityList,2022030001,2026-06-02 23:36:33,0.086
2026-06-02 23:36:33,927 [http-nio-22224-exec-9] INFO  c.e.s.j.s.c.JwtAuthenticationFilter                - /api/volunteer/getStudentActivityList,2022030001,2026-06-02 23:36:33,0.106
2026-06-02 23:36:34,020 [http-nio-22224-exec-6] INFO  c.e.s.j.s.c.JwtAuthenticationFilter                - /api/volunteer/getActivityList,2022030001,2026-06-02 23:36:33,0.088
2026-06-02 23:36:34,151 [http-nio-22224-exec-3] INFO  c.e.s.j.s.c.JwtAuthenticationFilter                - /api/volunteer/getStudentActivityList,2022030001,2026-06-02 23:36:34,0.125
2026-06-02 23:37:15,894 [http-nio-22224-exec-3] INFO  c.e.s.j.s.c.JwtAuthenticationFilter                - /api/volunteer/getActivityList,2022030001,2026-06-02 23:37:15,0.135
2026-06-02 23:37:16,016 [http-nio-22224-exec-7] INFO  c.e.s.j.s.c.JwtAuthenticationFilter                - /api/volunteer/getStudentActivityList,2022030001,2026-06-02 23:37:15,0.117
2026-06-02 23:37:16,060 [http-nio-22224-exec-8] INFO  c.e.s.j.s.c.JwtAuthenticationFilter                - /api/volunteer/checkSignup,2022030001,2026-06-02 23:37:16,0.039
2026-06-02 23:37:27,624 [http-nio-22224-exec-10] INFO  c.e.s.j.s.c.JwtAuthenticationFilter                - /api/volunteer/checkSignup,2022030001,2026-06-02 23:37:27,0.06
2026-06-02 23:37:27,757 [http-nio-22224-exec-5] INFO  c.e.s.j.s.c.JwtAuthenticationFilter                - /api/volunteer/getActivityList,2022030001,2026-06-02 23:37:27,0.128
2026-06-02 23:37:27,901 [http-nio-22224-exec-4] INFO  c.e.s.j.s.c.JwtAuthenticationFilter                - /api/volunteer/getStudentActivityList,2022030001,2026-06-02 23:37:27,0.14
2026-06-02 23:37:27,993 [http-nio-22224-exec-1] INFO  c.e.s.j.s.c.JwtAuthenticationFilter                - /api/volunteer/getActivityList,2022030001,2026-06-02 23:37:27,0.088
2026-06-02 23:37:28,113 [http-nio-22224-exec-6] INFO  c.e.s.j.s.c.JwtAuthenticationFilter                - /api/volunteer/getStudentActivityList,2022030001,2026-06-02 23:37:27,0.115
2026-06-02 23:37:29,286 [http-nio-22224-exec-2] INFO  c.e.s.j.s.c.JwtAuthenticationFilter                - /api/volunteer/getActivityList,2022030001,2026-06-02 23:37:29,0.103
2026-06-02 23:37:29,411 [http-nio-22224-exec-9] INFO  c.e.s.j.s.c.JwtAuthenticationFilter                - /api/volunteer/getStudentActivityList,2022030001,2026-06-02 23:37:29,0.119
2026-06-02 23:37:30,711 [http-nio-22224-exec-11] INFO  c.e.s.j.s.c.JwtAuthenticationFilter                - /api/volunteer/getActivityList,2022030001,2026-06-02 23:37:30,0.102
2026-06-02 23:37:30,816 [http-nio-22224-exec-12] INFO  c.e.s.j.s.c.JwtAuthenticationFilter                - /api/volunteer/getStudentActivityList,2022030001,2026-06-02 23:37:30,0.098
2026-06-02 23:37:30,902 [http-nio-22224-exec-3] INFO  c.e.s.j.s.c.JwtAuthenticationFilter                - /api/volunteer/getActivityList,2022030001,2026-06-02 23:37:30,0.082
2026-06-02 23:37:31,006 [http-nio-22224-exec-7] INFO  c.e.s.j.s.c.JwtAuthenticationFilter                - /api/volunteer/getStudentActivityList,2022030001,2026-06-02 23:37:30,0.099
2026-06-02 23:37:51,080 [http-nio-22224-exec-3] INFO  c.e.s.j.s.c.JwtAuthenticationFilter                - /api/volunteer/getStudentActivityList,2022030001,2026-06-02 23:37:50,0.164
2026-06-02 23:37:51,164 [http-nio-22224-exec-8] INFO  c.e.s.j.s.c.JwtAuthenticationFilter                - /api/volunteer/getActivityList,2022030001,2026-06-02 23:37:51,0.072
2026-06-02 23:37:51,280 [http-nio-22224-exec-1] INFO  c.e.s.j.s.c.JwtAuthenticationFilter                - /api/volunteer/getStudentActivityList,2022030001,2026-06-02 23:37:51,0.111
2026-06-02 23:37:51,385 [http-nio-22224-exec-12] INFO  c.e.s.j.s.c.JwtAuthenticationFilter                - /api/volunteer/getStudentActivityList,2022030001,2026-06-02 23:37:51,0.101
2026-06-02 23:38:26,167 [http-nio-22224-exec-10] INFO  c.e.s.j.s.c.JwtAuthenticationFilter                - /api/base/getDataBaseUserName,admin,2026-06-02 23:38:26,0.051
2026-06-02 23:38:26,467 [http-nio-22224-exec-6] INFO  c.e.s.j.s.c.JwtAuthenticationFilter                - /api/base/getMenuList,admin,2026-06-02 23:38:26,0.295
2026-06-02 23:38:32,079 [http-nio-22224-exec-9] INFO  c.e.s.j.s.c.JwtAuthenticationFilter                - /api/volunteer/getActivityList,admin,2026-06-02 23:38:31,0.102
2026-06-02 23:38:32,189 [http-nio-22224-exec-13] INFO  c.e.s.j.s.c.JwtAuthenticationFilter                - /api/volunteer/getActivityList,admin,2026-06-02 23:38:32,0.099
2026-06-02 23:38:36,204 [http-nio-22224-exec-4] INFO  c.e.s.j.s.c.JwtAuthenticationFilter                - /api/volunteer/getVolunteers,admin,2026-06-02 23:38:36,0.073
2026-06-02 23:38:36,300 [http-nio-22224-exec-7] INFO  c.e.s.j.s.c.JwtAuthenticationFilter                - /api/volunteer/getActivityList,admin,2026-06-02 23:38:36,0.088
2026-06-02 23:38:36,367 [http-nio-22224-exec-5] INFO  c.e.s.j.s.c.JwtAuthenticationFilter                - /api/volunteer/getVolunteers,admin,2026-06-02 23:38:36,0.061
2026-06-02 23:38:37,984 [http-nio-22224-exec-6] INFO  c.e.s.j.s.c.JwtAuthenticationFilter                - /api/volunteer/deleteActivity,admin,2026-06-02 23:38:37,0.178
2026-06-02 23:38:41,613 [http-nio-22224-exec-9] INFO  c.e.s.j.s.c.JwtAuthenticationFilter                - /api/volunteer/getVolunteers,admin,2026-06-02 23:38:41,0.056
2026-06-02 23:38:41,711 [http-nio-22224-exec-13] INFO  c.e.s.j.s.c.JwtAuthenticationFilter                - /api/volunteer/getActivityList,admin,2026-06-02 23:38:41,0.09
2026-06-02 23:38:41,795 [http-nio-22224-exec-1] INFO  c.e.s.j.s.c.JwtAuthenticationFilter                - /api/volunteer/getActivityList,admin,2026-06-02 23:38:41,0.079
2026-06-02 23:38:48,296 [http-nio-22224-exec-8] INFO  c.e.s.j.s.c.JwtAuthenticationFilter                - /api/volunteer/getActivityList,admin,2026-06-02 23:38:48,0.096
2026-06-02 23:38:48,356 [http-nio-22224-exec-3] INFO  c.e.s.j.s.c.JwtAuthenticationFilter                - /api/volunteer/getVolunteers,admin,2026-06-02 23:38:48,0.053
2026-06-02 23:38:49,531 [http-nio-22224-exec-12] INFO  c.e.s.j.s.c.JwtAuthenticationFilter                - /api/volunteer/volunteerDelete,admin,2026-06-02 23:38:49,0.167
2026-06-02 23:38:49,602 [http-nio-22224-exec-4] INFO  c.e.s.j.s.c.JwtAuthenticationFilter                - /api/volunteer/getVolunteers,admin,2026-06-02 23:38:49,0.053
2026-06-02 23:38:51,584 [http-nio-22224-exec-7] INFO  c.e.s.j.s.c.JwtAuthenticationFilter                - /api/volunteer/getVolunteers,admin,2026-06-02 23:38:51,0.061
2026-06-02 23:38:51,680 [http-nio-22224-exec-5] INFO  c.e.s.j.s.c.JwtAuthenticationFilter                - /api/volunteer/getActivityList,admin,2026-06-02 23:38:51,0.091
2026-06-02 23:38:51,766 [http-nio-22224-exec-11] INFO  c.e.s.j.s.c.JwtAuthenticationFilter                - /api/volunteer/getActivityList,admin,2026-06-02 23:38:51,0.08
2026-06-02 23:38:53,268 [http-nio-22224-exec-2] INFO  c.e.s.j.s.c.JwtAuthenticationFilter                - /api/volunteer/getActivityList,admin,2026-06-02 23:38:53,0.089
2026-06-02 23:38:53,322 [http-nio-22224-exec-10] INFO  c.e.s.j.s.c.JwtAuthenticationFilter                - /api/volunteer/getVolunteers,admin,2026-06-02 23:38:53,0.045
2026-06-02 23:38:54,532 [http-nio-22224-exec-6] INFO  c.e.s.j.s.c.JwtAuthenticationFilter                - /api/volunteer/getVolunteers,admin,2026-06-02 23:38:54,0.03
2026-06-02 23:38:54,581 [http-nio-22224-exec-9] INFO  c.e.s.j.s.c.JwtAuthenticationFilter                - /api/volunteer/getActivityList,admin,2026-06-02 23:38:54,0.045
2026-06-02 23:38:54,622 [http-nio-22224-exec-13] INFO  c.e.s.j.s.c.JwtAuthenticationFilter                - /api/volunteer/getActivityList,admin,2026-06-02 23:38:54,0.036
2026-06-02 23:38:59,121 [http-nio-22224-exec-8] INFO  c.e.s.j.s.c.JwtAuthenticationFilter                - /api/volunteer/getActivityList,admin,2026-06-02 23:38:59,0.089
2026-06-02 23:38:59,166 [http-nio-22224-exec-3] INFO  c.e.s.j.s.c.JwtAuthenticationFilter                - /api/volunteer/getVolunteers,admin,2026-06-02 23:38:59,0.039
2026-06-02 23:39:05,975 [http-nio-22224-exec-12] INFO  c.e.s.j.s.c.JwtAuthenticationFilter                - /api/volunteer/changeStatus,admin,2026-06-02 23:39:05,0.209
2026-06-02 23:39:08,291 [http-nio-22224-exec-4] INFO  c.e.s.j.s.c.JwtAuthenticationFilter                - /api/volunteer/getVolunteers,admin,2026-06-02 23:39:08,0.055
2026-06-02 23:39:08,384 [http-nio-22224-exec-7] INFO  c.e.s.j.s.c.JwtAuthenticationFilter                - /api/volunteer/getActivityList,admin,2026-06-02 23:39:08,0.088
2026-06-02 23:39:08,479 [http-nio-22224-exec-5] INFO  c.e.s.j.s.c.JwtAuthenticationFilter                - /api/volunteer/getActivityList,admin,2026-06-02 23:39:08,0.09
2026-06-02 23:39:09,837 [http-nio-22224-exec-6] INFO  c.e.s.j.s.c.JwtAuthenticationFilter                - /api/volunteer/getActivityList,admin,2026-06-02 23:39:09,0.091
2026-06-02 23:39:09,883 [http-nio-22224-exec-4] INFO  c.e.s.j.s.c.JwtAuthenticationFilter                - /api/volunteer/getVolunteers,admin,2026-06-02 23:39:09,0.042
2026-06-02 23:39:10,813 [http-nio-22224-exec-9] INFO  c.e.s.j.s.c.JwtAuthenticationFilter                - /api/volunteer/changeStatus,admin,2026-06-02 23:39:10,0.195
2026-06-02 23:39:12,854 [http-nio-22224-exec-10] INFO  c.e.s.j.s.c.JwtAuthenticationFilter                - /api/volunteer/getVolunteers,admin,2026-06-02 23:39:12,0.056
2026-06-02 23:39:12,910 [http-nio-22224-exec-7] INFO  c.e.s.j.s.c.JwtAuthenticationFilter                - /api/volunteer/getActivityList,admin,2026-06-02 23:39:12,0.049
2026-06-02 23:39:12,979 [http-nio-22224-exec-12] INFO  c.e.s.j.s.c.JwtAuthenticationFilter                - /api/volunteer/getActivityList,admin,2026-06-02 23:39:12,0.065
2026-06-02 23:39:13,579 [http-nio-22224-exec-1] INFO  c.e.s.j.s.c.JwtAuthenticationFilter                - /api/volunteer/getActivityList,admin,2026-06-02 23:39:13,0.09
2026-06-02 23:39:13,634 [http-nio-22224-exec-8] INFO  c.e.s.j.s.c.JwtAuthenticationFilter                - /api/volunteer/getVolunteers,admin,2026-06-02 23:39:13,0.049
2026-06-02 23:39:14,823 [http-nio-22224-exec-3] INFO  c.e.s.j.s.c.JwtAuthenticationFilter                - /api/volunteer/changeStatus,admin,2026-06-02 23:39:14,0.298
2026-06-02 23:39:42,258 [http-nio-22224-exec-12] INFO  c.e.s.j.s.c.JwtAuthenticationFilter                - /api/volunteer/getVolunteers,admin,2026-06-02 23:39:42,0.058
2026-06-02 23:39:42,354 [http-nio-22224-exec-1] INFO  c.e.s.j.s.c.JwtAuthenticationFilter                - /api/volunteer/getActivityList,admin,2026-06-02 23:39:42,0.09
2026-06-02 23:39:42,441 [http-nio-22224-exec-8] INFO  c.e.s.j.s.c.JwtAuthenticationFilter                - /api/volunteer/getActivityList,admin,2026-06-02 23:39:42,0.081
2026-06-02 23:39:55,456 [http-nio-22224-exec-3] INFO  c.e.s.j.s.c.JwtAuthenticationFilter                - /api/volunteer/getActivityList,admin,2026-06-02 23:39:55,0.098
2026-06-02 23:39:55,518 [http-nio-22224-exec-11] INFO  c.e.s.j.s.c.JwtAuthenticationFilter                - /api/volunteer/getVolunteers,admin,2026-06-02 23:39:55,0.056
2026-06-02 23:40:10,100 [http-nio-22224-exec-9] INFO  c.e.s.j.s.c.JwtAuthenticationFilter                - /api/volunteer/activitySave,admin,2026-06-02 23:40:09,0.18
2026-06-02 23:40:10,205 [http-nio-22224-exec-4] INFO  c.e.s.j.s.c.JwtAuthenticationFilter                - /api/volunteer/getActivityList,admin,2026-06-02 23:40:10,0.075
2026-06-02 23:40:10,266 [http-nio-22224-exec-7] INFO  c.e.s.j.s.c.JwtAuthenticationFilter                - /api/volunteer/getVolunteers,admin,2026-06-02 23:40:10,0.056
2026-06-02 23:40:24,895 [http-nio-22224-exec-12] INFO  c.e.s.j.s.c.JwtAuthenticationFilter                - /api/volunteer/getVolunteers,admin,2026-06-02 23:40:24,0.102
2026-06-02 23:40:24,972 [http-nio-22224-exec-1] INFO  c.e.s.j.s.c.JwtAuthenticationFilter                - /api/volunteer/getActivityList,admin,2026-06-02 23:40:24,0.073
2026-06-02 23:40:25,043 [http-nio-22224-exec-8] INFO  c.e.s.j.s.c.JwtAuthenticationFilter                - /api/volunteer/getActivityList,admin,2026-06-02 23:40:24,0.067
2026-06-02 23:40:29,813 [http-nio-22224-exec-3] INFO  c.e.s.j.s.c.JwtAuthenticationFilter                - /api/volunteer/getActivityList,admin,2026-06-02 23:40:29,0.095
2026-06-02 23:40:29,881 [http-nio-22224-exec-11] INFO  c.e.s.j.s.c.JwtAuthenticationFilter                - /api/volunteer/getVolunteers,admin,2026-06-02 23:40:29,0.061
2026-06-02 23:40:31,579 [http-nio-22224-exec-6] INFO  c.e.s.j.s.c.JwtAuthenticationFilter                - /api/volunteer/getVolunteers,admin,2026-06-02 23:40:31,0.074
2026-06-02 23:40:31,647 [http-nio-22224-exec-5] INFO  c.e.s.j.s.c.JwtAuthenticationFilter                - /api/volunteer/getActivityList,admin,2026-06-02 23:40:31,0.064
2026-06-02 23:40:31,714 [http-nio-22224-exec-13] INFO  c.e.s.j.s.c.JwtAuthenticationFilter                - /api/volunteer/getActivityList,admin,2026-06-02 23:40:31,0.061
2026-06-02 23:40:32,583 [http-nio-22224-exec-10] INFO  c.e.s.j.s.c.JwtAuthenticationFilter                - /api/volunteer/getActivityList,admin,2026-06-02 23:40:32,0.088
2026-06-02 23:40:32,638 [http-nio-22224-exec-2] INFO  c.e.s.j.s.c.JwtAuthenticationFilter                - /api/volunteer/getVolunteers,admin,2026-06-02 23:40:32,0.048
2026-06-02 23:40:34,566 [http-nio-22224-exec-9] INFO  c.e.s.j.s.c.JwtAuthenticationFilter                - /api/volunteer/getVolunteers,admin,2026-06-02 23:40:34,0.076
2026-06-02 23:40:34,649 [http-nio-22224-exec-4] INFO  c.e.s.j.s.c.JwtAuthenticationFilter                - /api/volunteer/getActivityList,admin,2026-06-02 23:40:34,0.077
2026-06-02 23:40:34,734 [http-nio-22224-exec-7] INFO  c.e.s.j.s.c.JwtAuthenticationFilter                - /api/volunteer/getActivityList,admin,2026-06-02 23:40:34,0.079
2026-06-02 23:40:46,564 [http-nio-22224-exec-11] INFO  c.e.s.j.s.c.JwtAuthenticationFilter                - /api/base/getDataBaseUserName,admin,2026-06-02 23:40:46,0.037
2026-06-02 23:40:46,795 [http-nio-22224-exec-6] INFO  c.e.s.j.s.c.JwtAuthenticationFilter                - /api/base/getMenuList,admin,2026-06-02 23:40:46,0.223
2026-06-02 23:40:49,631 [http-nio-22224-exec-5] INFO  c.e.s.j.s.c.JwtAuthenticationFilter                - /api/volunteer/getActivityList,admin,2026-06-02 23:40:49,0.069
2026-06-02 23:40:49,711 [http-nio-22224-exec-13] INFO  c.e.s.j.s.c.JwtAuthenticationFilter                - /api/volunteer/getActivityList,admin,2026-06-02 23:40:49,0.069
2026-06-02 23:42:36,290 [http-nio-22224-exec-11] INFO  c.e.s.j.s.c.JwtAuthenticationFilter                - /api/base/getDataBaseUserName,admin,2026-06-02 23:42:36,0.052
2026-06-02 23:42:36,554 [http-nio-22224-exec-6] INFO  c.e.s.j.s.c.JwtAuthenticationFilter                - /api/base/getMenuList,admin,2026-06-02 23:42:36,0.259
2026-06-02 23:42:41,355 [http-nio-22224-exec-5] INFO  c.e.s.j.s.c.JwtAuthenticationFilter                - /api/volunteer/getActivityList,admin,2026-06-02 23:42:41,0.083
2026-06-02 23:42:41,438 [http-nio-22224-exec-13] INFO  c.e.s.j.s.c.JwtAuthenticationFilter                - /api/volunteer/getActivityList,admin,2026-06-02 23:42:41,0.072
2026-06-02 23:44:14,773 [http-nio-22224-exec-3] INFO  c.e.s.j.s.c.JwtAuthenticationFilter                - /api/volunteer/getVolunteers,admin,2026-06-02 23:44:14,0.068
2026-06-02 23:44:14,863 [http-nio-22224-exec-11] INFO  c.e.s.j.s.c.JwtAuthenticationFilter                - /api/volunteer/getActivityList,admin,2026-06-02 23:44:14,0.084
2026-06-02 23:44:14,916 [http-nio-22224-exec-6] INFO  c.e.s.j.s.c.JwtAuthenticationFilter                - /api/volunteer/getVolunteers,admin,2026-06-02 23:44:14,0.047
2026-06-02 23:44:22,222 [http-nio-22224-exec-2] INFO  c.e.s.j.s.c.JwtAuthenticationFilter                - /api/volunteer/changeStatus,admin,2026-06-02 23:44:22,0.159
2026-06-02 23:44:24,963 [http-nio-22224-exec-4] INFO  c.e.s.j.s.c.JwtAuthenticationFilter                - /api/volunteer/getVolunteers,admin,2026-06-02 23:44:24,0.064
2026-06-02 23:44:25,035 [http-nio-22224-exec-10] INFO  c.e.s.j.s.c.JwtAuthenticationFilter                - /api/volunteer/getActivityList,admin,2026-06-02 23:44:24,0.065
2026-06-02 23:44:25,101 [http-nio-22224-exec-7] INFO  c.e.s.j.s.c.JwtAuthenticationFilter                - /api/volunteer/getActivityList,admin,2026-06-02 23:44:25,0.062
2026-06-02 23:44:26,455 [http-nio-22224-exec-3] INFO  c.e.s.j.s.c.JwtAuthenticationFilter                - /api/volunteer/getActivityList,admin,2026-06-02 23:44:26,0.093
2026-06-02 23:44:26,518 [http-nio-22224-exec-11] INFO  c.e.s.j.s.c.JwtAuthenticationFilter                - /api/volunteer/getVolunteers,admin,2026-06-02 23:44:26,0.056
2026-06-02 23:44:34,014 [http-nio-22224-exec-6] INFO  c.e.s.j.s.c.JwtAuthenticationFilter                - /api/volunteer/getVolunteers,admin,2026-06-02 23:44:33,0.079
2026-06-02 23:44:34,110 [http-nio-22224-exec-9] INFO  c.e.s.j.s.c.JwtAuthenticationFilter                - /api/volunteer/getActivityList,admin,2026-06-02 23:44:34,0.09
2026-06-02 23:44:34,207 [http-nio-22224-exec-5] INFO  c.e.s.j.s.c.JwtAuthenticationFilter                - /api/volunteer/getActivityList,admin,2026-06-02 23:44:34,0.091
2026-06-02 23:44:35,303 [http-nio-22224-exec-13] INFO  c.e.s.j.s.c.JwtAuthenticationFilter                - /api/volunteer/getActivityList,admin,2026-06-02 23:44:35,0.091
2026-06-02 23:44:35,379 [http-nio-22224-exec-2] INFO  c.e.s.j.s.c.JwtAuthenticationFilter                - /api/volunteer/getVolunteers,admin,2026-06-02 23:44:35,0.071
2026-06-02 23:44:36,274 [http-nio-22224-exec-4] INFO  c.e.s.j.s.c.JwtAuthenticationFilter                - /api/volunteer/getVolunteers,admin,2026-06-02 23:44:36,0.074
2026-06-02 23:44:36,360 [http-nio-22224-exec-10] INFO  c.e.s.j.s.c.JwtAuthenticationFilter                - /api/volunteer/getActivityList,admin,2026-06-02 23:44:36,0.082
2026-06-02 23:44:36,431 [http-nio-22224-exec-7] INFO  c.e.s.j.s.c.JwtAuthenticationFilter                - /api/volunteer/getActivityList,admin,2026-06-02 23:44:36,0.066
2026-06-02 23:44:37,894 [http-nio-22224-exec-3] INFO  c.e.s.j.s.c.JwtAuthenticationFilter                - /api/volunteer/getActivityList,admin,2026-06-02 23:44:37,0.082
2026-06-02 23:44:37,961 [http-nio-22224-exec-11] INFO  c.e.s.j.s.c.JwtAuthenticationFilter                - /api/volunteer/getVolunteers,admin,2026-06-02 23:44:37,0.063
2026-06-02 23:47:15,693 [http-nio-22224-exec-5] INFO  c.e.s.j.s.c.JwtAuthenticationFilter                - /api/base/getDataBaseUserName,admin,2026-06-02 23:47:15,0.066
2026-06-02 23:47:15,948 [http-nio-22224-exec-11] INFO  c.e.s.j.s.c.JwtAuthenticationFilter                - /api/base/getMenuList,admin,2026-06-02 23:47:15,0.249
2026-06-02 23:47:22,742 [http-nio-22224-exec-13] INFO  c.e.s.j.s.c.JwtAuthenticationFilter                - /api/volunteer/getActivityList,admin,2026-06-02 23:47:22,0.108
2026-06-02 23:47:22,832 [http-nio-22224-exec-4] INFO  c.e.s.j.s.c.JwtAuthenticationFilter                - /api/volunteer/getActivityList,admin,2026-06-02 23:47:22,0.077
2026-06-02 23:47:27,009 [http-nio-22224-exec-3] INFO  c.e.s.j.s.c.JwtAuthenticationFilter                - /api/volunteer/getVolunteers,admin,2026-06-02 23:47:26,0.074
2026-06-02 23:47:27,080 [http-nio-22224-exec-10] INFO  c.e.s.j.s.c.JwtAuthenticationFilter                - /api/volunteer/getActivityList,admin,2026-06-02 23:47:27,0.063
2026-06-02 23:47:27,140 [http-nio-22224-exec-5] INFO  c.e.s.j.s.c.JwtAuthenticationFilter                - /api/volunteer/getVolunteers,admin,2026-06-02 23:47:27,0.055
2026-06-02 23:51:15,944 [http-nio-22224-exec-7] INFO  c.e.s.j.s.c.JwtAuthenticationFilter                - /api/base/getDataBaseUserName,admin,2026-06-02 23:51:15,0.035
2026-06-02 23:51:16,137 [http-nio-22224-exec-6] INFO  c.e.s.j.s.c.JwtAuthenticationFilter                - /api/base/getMenuList,admin,2026-06-02 23:51:15,0.187
2026-06-02 23:51:21,786 [http-nio-22224-exec-3] INFO  c.e.s.j.s.c.JwtAuthenticationFilter                - /api/volunteer/getActivityList,admin,2026-06-02 23:51:21,0.056
2026-06-02 23:51:21,845 [http-nio-22224-exec-10] INFO  c.e.s.j.s.c.JwtAuthenticationFilter                - /api/volunteer/getActivityList,admin,2026-06-02 23:51:21,0.047
2026-06-02 23:51:56,669 [http-nio-22224-exec-9] INFO  c.e.s.j.s.c.JwtAuthenticationFilter                - /api/volunteer/getVolunteers,admin,2026-06-02 23:51:56,0.072
2026-06-02 23:51:56,779 [http-nio-22224-exec-7] INFO  c.e.s.j.s.c.JwtAuthenticationFilter                - /api/volunteer/getActivityList,admin,2026-06-02 23:51:56,0.102
2026-06-02 23:51:56,840 [http-nio-22224-exec-6] INFO  c.e.s.j.s.c.JwtAuthenticationFilter                - /api/volunteer/getVolunteers,admin,2026-06-02 23:51:56,0.055
2026-06-02 23:52:53,181 [http-nio-22224-exec-13] INFO  c.e.s.j.s.c.JwtAuthenticationFilter                - /api/base/getDataBaseUserName,2022030001,2026-06-02 23:52:53,0.039
2026-06-02 23:52:53,363 [http-nio-22224-exec-2] INFO  c.e.s.j.s.c.JwtAuthenticationFilter                - /api/base/getMenuList,2022030001,2026-06-02 23:52:53,0.177
2026-06-02 23:52:58,277 [http-nio-22224-exec-4] INFO  c.e.s.j.s.c.JwtAuthenticationFilter                - /api/volunteer/getStudentActivityList,2022030001,2026-06-02 23:52:58,0.096
2026-06-02 23:52:58,376 [http-nio-22224-exec-9] INFO  c.e.s.j.s.c.JwtAuthenticationFilter                - /api/volunteer/getStudentActivityList,2022030001,2026-06-02 23:52:58,0.086
2026-06-02 23:53:00,598 [http-nio-22224-exec-3] INFO  c.e.s.j.s.c.JwtAuthenticationFilter                - /api/volunteer/checkSignup,2022030001,2026-06-02 23:53:00,0.05
2026-06-02 23:53:00,683 [http-nio-22224-exec-5] INFO  c.e.s.j.s.c.JwtAuthenticationFilter                - /api/volunteer/getStudentActivityList,2022030001,2026-06-02 23:53:00,0.076
2026-06-02 23:53:00,730 [http-nio-22224-exec-13] INFO  c.e.s.j.s.c.JwtAuthenticationFilter                - /api/volunteer/checkSignup,2022030001,2026-06-02 23:53:00,0.041
2026-06-02 23:53:04,938 [http-nio-22224-exec-2] INFO  c.e.s.j.s.c.JwtAuthenticationFilter                - /api/volunteer/checkSignup,2022030001,2026-06-02 23:53:04,0.059
2026-06-02 23:53:05,025 [http-nio-22224-exec-4] INFO  c.e.s.j.s.c.JwtAuthenticationFilter                - /api/volunteer/getStudentActivityList,2022030001,2026-06-02 23:53:04,0.08
2026-06-02 23:53:05,095 [http-nio-22224-exec-9] INFO  c.e.s.j.s.c.JwtAuthenticationFilter                - /api/volunteer/getStudentActivityList,2022030001,2026-06-02 23:53:05,0.064
2026-06-02 23:53:06,654 [http-nio-22224-exec-6] INFO  c.e.s.j.s.c.JwtAuthenticationFilter                - /api/volunteer/getStudentActivityList,2022030001,2026-06-02 23:53:06,0.09
2026-06-02 23:53:07,929 [http-nio-22224-exec-7] INFO  c.e.s.j.s.c.JwtAuthenticationFilter                - /api/volunteer/getStudentActivityList,2022030001,2026-06-02 23:53:07,0.098
2026-06-02 23:53:08,008 [http-nio-22224-exec-10] INFO  c.e.s.j.s.c.JwtAuthenticationFilter                - /api/volunteer/getStudentActivityList,2022030001,2026-06-02 23:53:07,0.073
2026-06-02 23:53:09,058 [http-nio-22224-exec-11] INFO  c.e.s.j.s.c.JwtAuthenticationFilter                - /api/volunteer/getStudentActivityList,2022030001,2026-06-02 23:53:09,0.055
2026-06-02 23:53:12,884 [http-nio-22224-exec-3] INFO  c.e.s.j.s.c.JwtAuthenticationFilter                - /api/volunteer/getStudentActivityList,2022030001,2026-06-02 23:53:12,0.114
2026-06-02 23:53:12,969 [http-nio-22224-exec-5] INFO  c.e.s.j.s.c.JwtAuthenticationFilter                - /api/volunteer/getStudentActivityList,2022030001,2026-06-02 23:53:12,0.077
2026-06-02 23:53:33,542 [http-nio-22224-exec-6] INFO  c.e.s.j.s.c.JwtAuthenticationFilter                - /api/volunteer/getActivityList,2022030001,2026-06-02 23:53:33,0.077
2026-06-02 23:53:33,587 [http-nio-22224-exec-7] INFO  c.e.s.j.s.c.JwtAuthenticationFilter                - /api/volunteer/getStudentActivityList,2022030001,2026-06-02 23:53:33,0.037
2026-06-02 23:53:33,636 [http-nio-22224-exec-10] INFO  c.e.s.j.s.c.JwtAuthenticationFilter                - /api/volunteer/getStudentActivityList,2022030001,2026-06-02 23:53:33,0.043
2026-06-02 23:53:33,688 [http-nio-22224-exec-11] INFO  c.e.s.j.s.c.JwtAuthenticationFilter                - /api/volunteer/getActivityList,2022030001,2026-06-02 23:53:33,0.046
2026-06-02 23:53:33,728 [http-nio-22224-exec-3] INFO  c.e.s.j.s.c.JwtAuthenticationFilter                - /api/volunteer/getStudentActivityList,2022030001,2026-06-02 23:53:33,0.036
2026-06-02 23:53:36,359 [http-nio-22224-exec-2] INFO  c.e.s.j.s.c.JwtAuthenticationFilter                - /api/volunteer/getActivityList,2022030001,2026-06-02 23:53:36,0.095
2026-06-02 23:53:36,400 [http-nio-22224-exec-4] INFO  c.e.s.j.s.c.JwtAuthenticationFilter                - /api/volunteer/getStudentActivityList,2022030001,2026-06-02 23:53:36,0.036
2026-06-02 23:53:37,650 [http-nio-22224-exec-10] INFO  c.e.s.j.s.c.JwtAuthenticationFilter                - /api/volunteer/getActivityList,2022030001,2026-06-02 23:53:37,0.059
2026-06-02 23:53:37,704 [http-nio-22224-exec-3] INFO  c.e.s.j.s.c.JwtAuthenticationFilter                - /api/volunteer/getStudentActivityList,2022030001,2026-06-02 23:53:37,0.046
2026-06-02 23:53:37,749 [http-nio-22224-exec-5] INFO  c.e.s.j.s.c.JwtAuthenticationFilter                - /api/volunteer/getActivityList,2022030001,2026-06-02 23:53:37,0.039
2026-06-02 23:53:37,793 [http-nio-22224-exec-13] INFO  c.e.s.j.s.c.JwtAuthenticationFilter                - /api/volunteer/getStudentActivityList,2022030001,2026-06-02 23:53:37,0.04
2026-06-02 23:53:42,417 [http-nio-22224-exec-7] INFO  c.e.s.j.s.c.JwtAuthenticationFilter                - /api/volunteer/getActivityList,2022030001,2026-06-02 23:53:42,0.092
2026-06-02 23:53:42,512 [http-nio-22224-exec-11] INFO  c.e.s.j.s.c.JwtAuthenticationFilter                - /api/volunteer/getStudentActivityList,2022030001,2026-06-02 23:53:42,0.087
2026-06-02 23:53:43,829 [http-nio-22224-exec-6] INFO  c.e.s.j.s.c.JwtAuthenticationFilter                - /api/volunteer/getActivityList,2022030001,2026-06-02 23:53:43,0.08
2026-06-02 23:53:43,921 [http-nio-22224-exec-9] INFO  c.e.s.j.s.c.JwtAuthenticationFilter                - /api/volunteer/getStudentActivityList,2022030001,2026-06-02 23:53:43,0.087
2026-06-02 23:53:44,025 [http-nio-22224-exec-4] INFO  c.e.s.j.s.c.JwtAuthenticationFilter                - /api/volunteer/getActivityList,2022030001,2026-06-02 23:53:43,0.098
2026-06-02 23:53:44,118 [http-nio-22224-exec-2] INFO  c.e.s.j.s.c.JwtAuthenticationFilter                - /api/volunteer/getStudentActivityList,2022030001,2026-06-02 23:53:44,0.086
2026-06-02 23:53:48,967 [http-nio-22224-exec-14] INFO  c.e.s.j.s.c.JwtAuthenticationFilter                - /api/volunteer/getActivityList,2022030001,2026-06-02 23:53:48,0.086
2026-06-02 23:53:49,049 [http-nio-22224-exec-10] INFO  c.e.s.j.s.c.JwtAuthenticationFilter                - /api/volunteer/getStudentActivityList,2022030001,2026-06-02 23:53:48,0.075
2026-06-02 23:53:49,124 [http-nio-22224-exec-3] INFO  c.e.s.j.s.c.JwtAuthenticationFilter                - /api/volunteer/getStudentActivityList,2022030001,2026-06-02 23:53:49,0.069
2026-06-02 23:59:52,372 [SpringApplicationShutdownHook] INFO  o.s.b.w.embedded.tomcat.GracefulShutdown           - Commencing graceful shutdown. Waiting for active requests to complete
2026-06-02 23:59:52,378 [tomcat-shutdown] INFO  o.s.b.w.embedded.tomcat.GracefulShutdown           - Graceful shutdown complete
2026-06-02 23:59:52,389 [SpringApplicationShutdownHook] INFO  o.s.o.j.LocalContainerEntityManagerFactoryBean     - Closing JPA EntityManagerFactory for persistence unit 'default'
2026-06-02 23:59:52,390 [SpringApplicationShutdownHook] INFO  com.zaxxer.hikari.HikariDataSource                 - HikariPool-1 - Shutdown initiated...
2026-06-02 23:59:52,394 [SpringApplicationShutdownHook] INFO  com.zaxxer.hikari.HikariDataSource                 - HikariPool-1 - Shutdown completed.
2026-06-02 23:59:56,319 [background-preinit] INFO  o.h.validator.internal.util.Version                - HV000001: Hibernate Validator 8.0.2.Final
2026-06-02 23:59:56,345 [main] INFO  c.e.s.java.server.JavaServerApplication            - Starting JavaServerApplication using Java 21.0.10 with PID 28620 (E:\Programming\project\teamX-student-management\java-server\target\classes started by hp in E:\Programming\project\teamX-student-management\java-server)
2026-06-02 23:59:56,345 [main] INFO  c.e.s.java.server.JavaServerApplication            - No active profile set, falling back to 1 default profile: "default"
2026-06-02 23:59:56,728 [main] INFO  o.s.d.r.c.RepositoryConfigurationDelegate          - Multiple Spring Data modules found, entering strict repository configuration mode
2026-06-02 23:59:56,729 [main] INFO  o.s.d.r.c.RepositoryConfigurationDelegate          - Bootstrapping Spring Data JPA repositories in DEFAULT mode.
2026-06-02 23:59:56,816 [main] INFO  o.s.d.r.c.RepositoryConfigurationDelegate          - Finished Spring Data repository scanning in 84 ms. Found 21 JPA repository interfaces.
2026-06-02 23:59:56,828 [main] INFO  o.s.d.r.c.RepositoryConfigurationDelegate          - Multiple Spring Data modules found, entering strict repository configuration mode
2026-06-02 23:59:56,829 [main] INFO  o.s.d.r.c.RepositoryConfigurationDelegate          - Bootstrapping Spring Data Redis repositories in DEFAULT mode.
2026-06-02 23:59:56,837 [main] INFO  o.s.d.r.c.RepositoryConfigurationExtensionSupport  - Spring Data Redis - Could not safely identify store assignment for repository candidate interface cn.edu.sdu.java.server.repositorys.CourseRepository; If you want this repository to be a Redis repository, consider annotating your entities with one of these annotations: org.springframework.data.redis.core.RedisHash (preferred), or consider extending one of the following types with your repository: org.springframework.data.keyvalue.repository.KeyValueRepository
2026-06-02 23:59:56,837 [main] INFO  o.s.d.r.c.RepositoryConfigurationExtensionSupport  - Spring Data Redis - Could not safely identify store assignment for repository candidate interface cn.edu.sdu.java.server.repositorys.DictionaryInfoRepository; If you want this repository to be a Redis repository, consider annotating your entities with one of these annotations: org.springframework.data.redis.core.RedisHash (preferred), or consider extending one of the following types with your repository: org.springframework.data.keyvalue.repository.KeyValueRepository
2026-06-02 23:59:56,837 [main] INFO  o.s.d.r.c.RepositoryConfigurationExtensionSupport  - Spring Data Redis - Could not safely identify store assignment for repository candidate interface cn.edu.sdu.java.server.repositorys.FamilyMemberRepository; If you want this repository to be a Redis repository, consider annotating your entities with one of these annotations: org.springframework.data.redis.core.RedisHash (preferred), or consider extending one of the following types with your repository: org.springframework.data.keyvalue.repository.KeyValueRepository
2026-06-02 23:59:56,837 [main] INFO  o.s.d.r.c.RepositoryConfigurationExtensionSupport  - Spring Data Redis - Could not safely identify store assignment for repository candidate interface cn.edu.sdu.java.server.repositorys.FeeRepository; If you want this repository to be a Redis repository, consider annotating your entities with one of these annotations: org.springframework.data.redis.core.RedisHash (preferred), or consider extending one of the following types with your repository: org.springframework.data.keyvalue.repository.KeyValueRepository
2026-06-02 23:59:56,837 [main] INFO  o.s.d.r.c.RepositoryConfigurationExtensionSupport  - Spring Data Redis - Could not safely identify store assignment for repository candidate interface cn.edu.sdu.java.server.repositorys.HomeworkRepository; If you want this repository to be a Redis repository, consider annotating your entities with one of these annotations: org.springframework.data.redis.core.RedisHash (preferred), or consider extending one of the following types with your repository: org.springframework.data.keyvalue.repository.KeyValueRepository
2026-06-02 23:59:56,837 [main] INFO  o.s.d.r.c.RepositoryConfigurationExtensionSupport  - Spring Data Redis - Could not safely identify store assignment for repository candidate interface cn.edu.sdu.java.server.repositorys.MenuInfoRepository; If you want this repository to be a Redis repository, consider annotating your entities with one of these annotations: org.springframework.data.redis.core.RedisHash (preferred), or consider extending one of the following types with your repository: org.springframework.data.keyvalue.repository.KeyValueRepository
2026-06-02 23:59:56,838 [main] INFO  o.s.d.r.c.RepositoryConfigurationExtensionSupport  - Spring Data Redis - Could not safely identify store assignment for repository candidate interface cn.edu.sdu.java.server.repositorys.ModifyLogRepository; If you want this repository to be a Redis repository, consider annotating your entities with one of these annotations: org.springframework.data.redis.core.RedisHash (preferred), or consider extending one of the following types with your repository: org.springframework.data.keyvalue.repository.KeyValueRepository
2026-06-02 23:59:56,838 [main] INFO  o.s.d.r.c.RepositoryConfigurationExtensionSupport  - Spring Data Redis - Could not safely identify store assignment for repository candidate interface cn.edu.sdu.java.server.repositorys.PersonRepository; If you want this repository to be a Redis repository, consider annotating your entities with one of these annotations: org.springframework.data.redis.core.RedisHash (preferred), or consider extending one of the following types with your repository: org.springframework.data.keyvalue.repository.KeyValueRepository
2026-06-02 23:59:56,838 [main] INFO  o.s.d.r.c.RepositoryConfigurationExtensionSupport  - Spring Data Redis - Could not safely identify store assignment for repository candidate interface cn.edu.sdu.java.server.repositorys.ScoreRepository; If you want this repository to be a Redis repository, consider annotating your entities with one of these annotations: org.springframework.data.redis.core.RedisHash (preferred), or consider extending one of the following types with your repository: org.springframework.data.keyvalue.repository.KeyValueRepository
2026-06-02 23:59:56,838 [main] INFO  o.s.d.r.c.RepositoryConfigurationExtensionSupport  - Spring Data Redis - Could not safely identify store assignment for repository candidate interface cn.edu.sdu.java.server.repositorys.StatisticsDayRepository; If you want this repository to be a Redis repository, consider annotating your entities with one of these annotations: org.springframework.data.redis.core.RedisHash (preferred), or consider extending one of the following types with your repository: org.springframework.data.keyvalue.repository.KeyValueRepository
2026-06-02 23:59:56,838 [main] INFO  o.s.d.r.c.RepositoryConfigurationExtensionSupport  - Spring Data Redis - Could not safely identify store assignment for repository candidate interface cn.edu.sdu.java.server.repositorys.StudentCourseRepository; If you want this repository to be a Redis repository, consider annotating your entities with one of these annotations: org.springframework.data.redis.core.RedisHash (preferred), or consider extending one of the following types with your repository: org.springframework.data.keyvalue.repository.KeyValueRepository
2026-06-02 23:59:56,838 [main] INFO  o.s.d.r.c.RepositoryConfigurationExtensionSupport  - Spring Data Redis - Could not safely identify store assignment for repository candidate interface cn.edu.sdu.java.server.repositorys.StudentLeaveRepository; If you want this repository to be a Redis repository, consider annotating your entities with one of these annotations: org.springframework.data.redis.core.RedisHash (preferred), or consider extending one of the following types with your repository: org.springframework.data.keyvalue.repository.KeyValueRepository
2026-06-02 23:59:56,839 [main] INFO  o.s.d.r.c.RepositoryConfigurationExtensionSupport  - Spring Data Redis - Could not safely identify store assignment for repository candidate interface cn.edu.sdu.java.server.repositorys.StudentRepository; If you want this repository to be a Redis repository, consider annotating your entities with one of these annotations: org.springframework.data.redis.core.RedisHash (preferred), or consider extending one of the following types with your repository: org.springframework.data.keyvalue.repository.KeyValueRepository
2026-06-02 23:59:56,839 [main] INFO  o.s.d.r.c.RepositoryConfigurationExtensionSupport  - Spring Data Redis - Could not safely identify store assignment for repository candidate interface cn.edu.sdu.java.server.repositorys.StudentStatisticsRepository; If you want this repository to be a Redis repository, consider annotating your entities with one of these annotations: org.springframework.data.redis.core.RedisHash (preferred), or consider extending one of the following types with your repository: org.springframework.data.keyvalue.repository.KeyValueRepository
2026-06-02 23:59:56,839 [main] INFO  o.s.d.r.c.RepositoryConfigurationExtensionSupport  - Spring Data Redis - Could not safely identify store assignment for repository candidate interface cn.edu.sdu.java.server.repositorys.SystemInfoRepository; If you want this repository to be a Redis repository, consider annotating your entities with one of these annotations: org.springframework.data.redis.core.RedisHash (preferred), or consider extending one of the following types with your repository: org.springframework.data.keyvalue.repository.KeyValueRepository
2026-06-02 23:59:56,839 [main] INFO  o.s.d.r.c.RepositoryConfigurationExtensionSupport  - Spring Data Redis - Could not safely identify store assignment for repository candidate interface cn.edu.sdu.java.server.repositorys.TeacherRepository; If you want this repository to be a Redis repository, consider annotating your entities with one of these annotations: org.springframework.data.redis.core.RedisHash (preferred), or consider extending one of the following types with your repository: org.springframework.data.keyvalue.repository.KeyValueRepository
2026-06-02 23:59:56,839 [main] INFO  o.s.d.r.c.RepositoryConfigurationExtensionSupport  - Spring Data Redis - Could not safely identify store assignment for repository candidate interface cn.edu.sdu.java.server.repositorys.UserRepository; If you want this repository to be a Redis repository, consider annotating your entities with one of these annotations: org.springframework.data.redis.core.RedisHash (preferred), or consider extending one of the following types with your repository: org.springframework.data.keyvalue.repository.KeyValueRepository
2026-06-02 23:59:56,839 [main] INFO  o.s.d.r.c.RepositoryConfigurationExtensionSupport  - Spring Data Redis - Could not safely identify store assignment for repository candidate interface cn.edu.sdu.java.server.repositorys.UserTypeRepository; If you want this repository to be a Redis repository, consider annotating your entities with one of these annotations: org.springframework.data.redis.core.RedisHash (preferred), or consider extending one of the following types with your repository: org.springframework.data.keyvalue.repository.KeyValueRepository
2026-06-02 23:59:56,839 [main] INFO  o.s.d.r.c.RepositoryConfigurationExtensionSupport  - Spring Data Redis - Could not safely identify store assignment for repository candidate interface cn.edu.sdu.java.server.repositorys.VolunteerActivityRepository; If you want this repository to be a Redis repository, consider annotating your entities with one of these annotations: org.springframework.data.redis.core.RedisHash (preferred), or consider extending one of the following types with your repository: org.springframework.data.keyvalue.repository.KeyValueRepository
2026-06-02 23:59:56,839 [main] INFO  o.s.d.r.c.RepositoryConfigurationExtensionSupport  - Spring Data Redis - Could not safely identify store assignment for repository candidate interface cn.edu.sdu.java.server.repositorys.VolunteerSignupRepository; If you want this repository to be a Redis repository, consider annotating your entities with one of these annotations: org.springframework.data.redis.core.RedisHash (preferred), or consider extending one of the following types with your repository: org.springframework.data.keyvalue.repository.KeyValueRepository
2026-06-02 23:59:56,839 [main] INFO  o.s.d.r.c.RepositoryConfigurationExtensionSupport  - Spring Data Redis - Could not safely identify store assignment for repository candidate interface cn.edu.sdu.java.server.repositorys.WebsiteRepository; If you want this repository to be a Redis repository, consider annotating your entities with one of these annotations: org.springframework.data.redis.core.RedisHash (preferred), or consider extending one of the following types with your repository: org.springframework.data.keyvalue.repository.KeyValueRepository
2026-06-02 23:59:56,839 [main] INFO  o.s.d.r.c.RepositoryConfigurationDelegate          - Finished Spring Data repository scanning in 6 ms. Found 0 Redis repository interfaces.
2026-06-02 23:59:57,104 [main] INFO  o.s.b.w.embedded.tomcat.TomcatWebServer            - Tomcat initialized with port 22224 (http)
2026-06-02 23:59:57,111 [main] INFO  o.apache.coyote.http11.Http11NioProtocol           - Initializing ProtocolHandler ["http-nio-22224"]
2026-06-02 23:59:57,111 [main] INFO  o.apache.catalina.core.StandardService             - Starting service [Tomcat]
2026-06-02 23:59:57,111 [main] INFO  org.apache.catalina.core.StandardEngine            - Starting Servlet engine: [Apache Tomcat/10.1.34]
2026-06-02 23:59:57,144 [main] INFO  o.a.c.c.C.[Tomcat].[localhost].[/]                 - Initializing Spring embedded WebApplicationContext
2026-06-02 23:59:57,144 [main] INFO  o.s.b.w.s.c.ServletWebServerApplicationContext     - Root WebApplicationContext: initialization completed in 775 ms
2026-06-02 23:59:57,196 [main] INFO  com.zaxxer.hikari.HikariDataSource                 - HikariPool-1 - Starting...
