2026-05-25 00:04:58,344 [http-nio-22224-exec-7] INFO  c.e.s.j.s.c.JwtAuthenticationFilter                - /api/base/getDataBaseUserName,2022030001,2026-05-25 00:04:58,0.018
2026-05-25 00:04:58,413 [http-nio-22224-exec-5] INFO  c.e.s.j.s.c.JwtAuthenticationFilter                - /api/base/getMenuList,2022030001,2026-05-25 00:04:58,0.063
2026-05-25 00:05:01,901 [http-nio-22224-exec-9] INFO  c.e.s.j.s.c.JwtAuthenticationFilter                - /api/homework/getCourseItemOptionList,2022030001,2026-05-25 00:05:01,0.062
2026-05-25 00:05:01,940 [http-nio-22224-exec-4] INFO  c.e.s.j.s.c.JwtAuthenticationFilter                - /api/homework/getHomeworkList,2022030001,2026-05-25 00:05:01,0.033
2026-05-25 00:06:11,274 [http-nio-22224-exec-7] INFO  c.e.s.j.s.c.JwtAuthenticationFilter                - /api/base/getDataBaseUserName,2022030001,2026-05-25 00:06:11,0.023
2026-05-25 00:06:11,365 [http-nio-22224-exec-5] INFO  c.e.s.j.s.c.JwtAuthenticationFilter                - /api/base/getMenuList,2022030001,2026-05-25 00:06:11,0.081
2026-05-25 00:06:13,173 [http-nio-22224-exec-9] INFO  c.e.s.j.s.c.JwtAuthenticationFilter                - /api/homework/getCourseItemOptionList,2022030001,2026-05-25 00:06:13,0.053
2026-05-25 00:06:13,218 [http-nio-22224-exec-4] INFO  c.e.s.j.s.c.JwtAuthenticationFilter                - /api/homework/getHomeworkList,2022030001,2026-05-25 00:06:13,0.04
2026-05-25 00:06:48,985 [http-nio-22224-exec-8] INFO  c.e.s.j.s.c.JwtAuthenticationFilter                - /api/homework/getCourseItemOptionList,2022030001,2026-05-25 00:06:48,0.044
2026-05-25 00:07:56,656 [http-nio-22224-exec-9] INFO  c.e.s.j.s.c.JwtAuthenticationFilter                - /api/base/getDataBaseUserName,2022030001,2026-05-25 00:07:56,0.023
2026-05-25 00:07:56,775 [http-nio-22224-exec-4] INFO  c.e.s.j.s.c.JwtAuthenticationFilter                - /api/base/getMenuList,2022030001,2026-05-25 00:07:56,0.114
2026-05-25 00:07:58,594 [http-nio-22224-exec-1] INFO  c.e.s.j.s.c.JwtAuthenticationFilter                - /api/homework/getCourseItemOptionList,2022030001,2026-05-25 00:07:58,0.071
2026-05-25 00:07:58,653 [http-nio-22224-exec-6] INFO  c.e.s.j.s.c.JwtAuthenticationFilter                - /api/homework/getHomeworkList,2022030001,2026-05-25 00:07:58,0.053
2026-05-25 00:09:01,999 [http-nio-22224-exec-5] INFO  c.e.s.j.s.c.JwtAuthenticationFilter                - /api/homework/getCourseItemOptionList,2022030001,2026-05-25 00:09:01,0.058
2026-05-25 00:09:13,879 [http-nio-22224-exec-9] INFO  c.e.s.j.s.c.JwtAuthenticationFilter                - /api/homework/getCourseItemOptionList,2022030001,2026-05-25 00:09:13,0.047
2026-05-25 00:10:08,697 [http-nio-22224-exec-2] INFO  c.e.s.j.s.c.JwtAuthenticationFilter                - /api/base/getDataBaseUserName,2022030001,2026-05-25 00:10:08,0.024
2026-05-25 00:10:08,775 [http-nio-22224-exec-3] INFO  c.e.s.j.s.c.JwtAuthenticationFilter                - /api/base/getMenuList,2022030001,2026-05-25 00:10:08,0.072
2026-05-25 00:10:10,980 [http-nio-22224-exec-10] INFO  c.e.s.j.s.c.JwtAuthenticationFilter                - /api/homework/getCourseItemOptionList,2022030001,2026-05-25 00:10:10,0.247
2026-05-25 00:10:11,111 [http-nio-22224-exec-8] INFO  c.e.s.j.s.c.JwtAuthenticationFilter                - /api/homework/getHomeworkList,2022030001,2026-05-25 00:10:10,0.124
2026-05-25 00:10:12,484 [http-nio-22224-exec-1] INFO  c.e.s.j.s.c.JwtAuthenticationFilter                - /api/homework/getCourseItemOptionList,2022030001,2026-05-25 00:10:12,0.124
2026-05-25 00:14:16,853 [http-nio-22224-exec-10] INFO  c.e.s.j.s.c.JwtAuthenticationFilter                - /api/base/getDataBaseUserName,2022030001,2026-05-25 00:14:16,0.029
2026-05-25 00:14:16,943 [http-nio-22224-exec-8] INFO  c.e.s.j.s.c.JwtAuthenticationFilter                - /api/base/getMenuList,2022030001,2026-05-25 00:14:16,0.085
2026-05-25 00:14:18,997 [http-nio-22224-exec-7] INFO  c.e.s.j.s.c.JwtAuthenticationFilter                - /api/homework/getCourseItemOptionList,2022030001,2026-05-25 00:14:18,0.06
2026-05-25 00:14:21,236 [http-nio-22224-exec-5] INFO  c.e.s.j.s.c.JwtAuthenticationFilter                - /api/homework/getCourseItemOptionList,2022030001,2026-05-25 00:14:21,0.065
2026-05-25 00:17:50,424 [http-nio-22224-exec-10] INFO  c.e.s.j.s.c.JwtAuthenticationFilter                - /api/base/getDataBaseUserName,2022030001,2026-05-25 00:17:50,0.026
2026-05-25 00:17:50,511 [http-nio-22224-exec-8] INFO  c.e.s.j.s.c.JwtAuthenticationFilter                - /api/base/getMenuList,2022030001,2026-05-25 00:17:50,0.08
2026-05-25 00:18:50,384 [http-nio-22224-exec-9] INFO  c.e.s.j.s.c.JwtAuthenticationFilter                - /api/base/getDataBaseUserName,2022030001,2026-05-25 00:18:50,0.018
2026-05-25 00:18:50,468 [http-nio-22224-exec-6] INFO  c.e.s.j.s.c.JwtAuthenticationFilter                - /api/base/getMenuList,2022030001,2026-05-25 00:18:50,0.078
2026-05-25 00:18:52,328 [http-nio-22224-exec-2] INFO  c.e.s.j.s.c.JwtAuthenticationFilter                - /api/homework/getCourseItemOptionList,2022030001,2026-05-25 00:18:52,0.059
2026-05-25 00:18:52,379 [http-nio-22224-exec-3] INFO  c.e.s.j.s.c.JwtAuthenticationFilter                - /api/homework/getHomeworkList,2022030001,2026-05-25 00:18:52,0.041
2026-05-25 00:18:54,326 [http-nio-22224-exec-7] INFO  c.e.s.j.s.c.JwtAuthenticationFilter                - /api/homework/getCourseItemOptionList,2022030001,2026-05-25 00:18:54,0.055
2026-05-25 00:19:02,372 [http-nio-22224-exec-4] INFO  c.e.s.j.s.c.JwtAuthenticationFilter                - /api/homework/getCourseItemOptionList,2022030001,2026-05-25 00:19:02,0.041
2026-05-25 00:19:04,510 [http-nio-22224-exec-9] INFO  c.e.s.j.s.c.JwtAuthenticationFilter                - /api/homework/getCourseItemOptionList,2022030001,2026-05-25 00:19:04,0.045
2026-05-25 00:19:06,576 [http-nio-22224-exec-6] INFO  c.e.s.j.s.c.JwtAuthenticationFilter                - /api/homework/getCourseItemOptionList,2022030001,2026-05-25 00:19:06,0.038
2026-05-25 00:19:11,844 [http-nio-22224-exec-2] INFO  c.e.s.j.s.c.JwtAuthenticationFilter                - /api/homework/getCourseItemOptionList,2022030001,2026-05-25 00:19:11,0.06
2026-05-25 00:19:17,921 [http-nio-22224-exec-7] INFO  c.e.s.j.s.c.JwtAuthenticationFilter                - /api/homework/getCourseItemOptionList,2022030001,2026-05-25 00:19:17,0.047
2026-05-25 00:19:24,461 [http-nio-22224-exec-9] INFO  c.e.s.j.s.c.JwtAuthenticationFilter                - /api/homework/getCourseItemOptionList,2022030001,2026-05-25 00:19:24,0.038
2026-05-25 00:19:50,550 [http-nio-22224-exec-2] INFO  c.e.s.j.s.c.JwtAuthenticationFilter                - /api/homework/getCourseItemOptionList,2022030001,2026-05-25 00:19:50,0.049
2026-05-25 00:19:54,070 [http-nio-22224-exec-8] INFO  c.e.s.j.s.c.JwtAuthenticationFilter                - /api/homework/homeworkSave,2022030001,2026-05-25 00:19:53,0.18
2026-05-25 00:19:54,168 [http-nio-22224-exec-10] INFO  c.e.s.j.s.c.JwtAuthenticationFilter                - /api/homework/getHomeworkList,2022030001,2026-05-25 00:19:54,0.073
2026-05-25 00:21:39,706 [http-nio-22224-exec-9] INFO  c.e.s.j.s.c.JwtAuthenticationFilter                - /api/base/getDataBaseUserName,2022030001,2026-05-25 00:21:39,0.019
2026-05-25 00:21:39,780 [http-nio-22224-exec-6] INFO  c.e.s.j.s.c.JwtAuthenticationFilter                - /api/base/getMenuList,2022030001,2026-05-25 00:21:39,0.069
2026-05-25 00:21:41,724 [http-nio-22224-exec-2] INFO  c.e.s.j.s.c.JwtAuthenticationFilter                - /api/homework/getCourseItemOptionList,2022030001,2026-05-25 00:21:41,0.063
2026-05-25 00:21:41,768 [http-nio-22224-exec-1] INFO  c.e.s.j.s.c.JwtAuthenticationFilter                - /api/homework/getHomeworkList,2022030001,2026-05-25 00:21:41,0.037
2026-05-25 00:21:43,067 [http-nio-22224-exec-7] INFO  c.e.s.j.s.c.JwtAuthenticationFilter                - /api/homework/getCourseItemOptionList,2022030001,2026-05-25 00:21:43,0.041
2026-05-25 00:22:01,969 [http-nio-22224-exec-4] INFO  c.e.s.j.s.c.JwtAuthenticationFilter                - /api/homework/getCourseItemOptionList,2022030001,2026-05-25 00:22:01,0.07
2026-05-25 00:22:12,813 [http-nio-22224-exec-6] INFO  c.e.s.j.s.c.JwtAuthenticationFilter                - /api/studentCourse/getTeacherItemOptionList,2022030001,2026-05-25 00:22:12,0.059
2026-05-25 00:22:12,849 [http-nio-22224-exec-2] INFO  c.e.s.j.s.c.JwtAuthenticationFilter                - /api/studentCourse/getCourseList,2022030001,2026-05-25 00:22:12,0.032
2026-05-25 00:23:34,630 [http-nio-22224-exec-5] INFO  c.e.s.j.s.c.JwtAuthenticationFilter                - /api/homework/getCourseItemOptionList,2022030001,2026-05-25 00:23:34,0.08
2026-05-25 00:23:39,303 [http-nio-22224-exec-7] INFO  c.e.s.j.s.c.JwtAuthenticationFilter                - /api/homework/getCourseItemOptionList,2022030001,2026-05-25 00:23:39,0.05
2026-05-25 00:24:00,253 [http-nio-22224-exec-4] INFO  c.e.s.j.s.c.JwtAuthenticationFilter                - /api/homework/getCourseItemOptionList,2022030001,2026-05-25 00:24:00,0.105
2026-05-25 00:25:30,689 [SpringApplicationShutdownHook] INFO  o.s.b.w.embedded.tomcat.GracefulShutdown           - Commencing graceful shutdown. Waiting for active requests to complete
2026-05-25 00:25:30,693 [tomcat-shutdown] INFO  o.s.b.w.embedded.tomcat.GracefulShutdown           - Graceful shutdown complete
2026-05-25 00:25:30,704 [SpringApplicationShutdownHook] INFO  o.s.o.j.LocalContainerEntityManagerFactoryBean     - Closing JPA EntityManagerFactory for persistence unit 'default'
2026-05-25 00:25:30,705 [SpringApplicationShutdownHook] INFO  com.zaxxer.hikari.HikariDataSource                 - HikariPool-1 - Shutdown initiated...
2026-05-25 00:25:30,706 [SpringApplicationShutdownHook] INFO  com.zaxxer.hikari.HikariDataSource                 - HikariPool-1 - Shutdown completed.
2026-05-25 11:49:42,142 [background-preinit] INFO  o.h.validator.internal.util.Version                - HV000001: Hibernate Validator 8.0.2.Final
2026-05-25 11:49:42,182 [main] INFO  c.e.s.java.server.JavaServerApplication            - Starting JavaServerApplication using Java 21.0.10 with PID 15492 (E:\Programming\project\teamX-student-management\java-server\target\classes started by hp in E:\Programming\project\teamX-student-management\java-server)
2026-05-25 11:49:42,183 [main] INFO  c.e.s.java.server.JavaServerApplication            - No active profile set, falling back to 1 default profile: "default"
2026-05-25 11:49:42,747 [main] INFO  o.s.d.r.c.RepositoryConfigurationDelegate          - Multiple Spring Data modules found, entering strict repository configuration mode
2026-05-25 11:49:42,748 [main] INFO  o.s.d.r.c.RepositoryConfigurationDelegate          - Bootstrapping Spring Data JPA repositories in DEFAULT mode.
2026-05-25 11:49:42,878 [main] INFO  o.s.d.r.c.RepositoryConfigurationDelegate          - Finished Spring Data repository scanning in 122 ms. Found 18 JPA repository interfaces.
2026-05-25 11:49:42,892 [main] INFO  o.s.d.r.c.RepositoryConfigurationDelegate          - Multiple Spring Data modules found, entering strict repository configuration mode
2026-05-25 11:49:42,893 [main] INFO  o.s.d.r.c.RepositoryConfigurationDelegate          - Bootstrapping Spring Data Redis repositories in DEFAULT mode.
2026-05-25 11:49:42,904 [main] INFO  o.s.d.r.c.RepositoryConfigurationExtensionSupport  - Spring Data Redis - Could not safely identify store assignment for repository candidate interface cn.edu.sdu.java.server.repositorys.CourseRepository; If you want this repository to be a Redis repository, consider annotating your entities with one of these annotations: org.springframework.data.redis.core.RedisHash (preferred), or consider extending one of the following types with your repository: org.springframework.data.keyvalue.repository.KeyValueRepository
2026-05-25 11:49:42,904 [main] INFO  o.s.d.r.c.RepositoryConfigurationExtensionSupport  - Spring Data Redis - Could not safely identify store assignment for repository candidate interface cn.edu.sdu.java.server.repositorys.DictionaryInfoRepository; If you want this repository to be a Redis repository, consider annotating your entities with one of these annotations: org.springframework.data.redis.core.RedisHash (preferred), or consider extending one of the following types with your repository: org.springframework.data.keyvalue.repository.KeyValueRepository
2026-05-25 11:49:42,905 [main] INFO  o.s.d.r.c.RepositoryConfigurationExtensionSupport  - Spring Data Redis - Could not safely identify store assignment for repository candidate interface cn.edu.sdu.java.server.repositorys.FamilyMemberRepository; If you want this repository to be a Redis repository, consider annotating your entities with one of these annotations: org.springframework.data.redis.core.RedisHash (preferred), or consider extending one of the following types with your repository: org.springframework.data.keyvalue.repository.KeyValueRepository
2026-05-25 11:49:42,905 [main] INFO  o.s.d.r.c.RepositoryConfigurationExtensionSupport  - Spring Data Redis - Could not safely identify store assignment for repository candidate interface cn.edu.sdu.java.server.repositorys.FeeRepository; If you want this repository to be a Redis repository, consider annotating your entities with one of these annotations: org.springframework.data.redis.core.RedisHash (preferred), or consider extending one of the following types with your repository: org.springframework.data.keyvalue.repository.KeyValueRepository
2026-05-25 11:49:42,905 [main] INFO  o.s.d.r.c.RepositoryConfigurationExtensionSupport  - Spring Data Redis - Could not safely identify store assignment for repository candidate interface cn.edu.sdu.java.server.repositorys.HomeworkRepository; If you want this repository to be a Redis repository, consider annotating your entities with one of these annotations: org.springframework.data.redis.core.RedisHash (preferred), or consider extending one of the following types with your repository: org.springframework.data.keyvalue.repository.KeyValueRepository
2026-05-25 11:49:42,905 [main] INFO  o.s.d.r.c.RepositoryConfigurationExtensionSupport  - Spring Data Redis - Could not safely identify store assignment for repository candidate interface cn.edu.sdu.java.server.repositorys.MenuInfoRepository; If you want this repository to be a Redis repository, consider annotating your entities with one of these annotations: org.springframework.data.redis.core.RedisHash (preferred), or consider extending one of the following types with your repository: org.springframework.data.keyvalue.repository.KeyValueRepository
2026-05-25 11:49:42,905 [main] INFO  o.s.d.r.c.RepositoryConfigurationExtensionSupport  - Spring Data Redis - Could not safely identify store assignment for repository candidate interface cn.edu.sdu.java.server.repositorys.ModifyLogRepository; If you want this repository to be a Redis repository, consider annotating your entities with one of these annotations: org.springframework.data.redis.core.RedisHash (preferred), or consider extending one of the following types with your repository: org.springframework.data.keyvalue.repository.KeyValueRepository
2026-05-25 11:49:42,906 [main] INFO  o.s.d.r.c.RepositoryConfigurationExtensionSupport  - Spring Data Redis - Could not safely identify store assignment for repository candidate interface cn.edu.sdu.java.server.repositorys.PersonRepository; If you want this repository to be a Redis repository, consider annotating your entities with one of these annotations: org.springframework.data.redis.core.RedisHash (preferred), or consider extending one of the following types with your repository: org.springframework.data.keyvalue.repository.KeyValueRepository
2026-05-25 11:49:42,906 [main] INFO  o.s.d.r.c.RepositoryConfigurationExtensionSupport  - Spring Data Redis - Could not safely identify store assignment for repository candidate interface cn.edu.sdu.java.server.repositorys.ScoreRepository; If you want this repository to be a Redis repository, consider annotating your entities with one of these annotations: org.springframework.data.redis.core.RedisHash (preferred), or consider extending one of the following types with your repository: org.springframework.data.keyvalue.repository.KeyValueRepository
2026-05-25 11:49:42,906 [main] INFO  o.s.d.r.c.RepositoryConfigurationExtensionSupport  - Spring Data Redis - Could not safely identify store assignment for repository candidate interface cn.edu.sdu.java.server.repositorys.StatisticsDayRepository; If you want this repository to be a Redis repository, consider annotating your entities with one of these annotations: org.springframework.data.redis.core.RedisHash (preferred), or consider extending one of the following types with your repository: org.springframework.data.keyvalue.repository.KeyValueRepository
2026-05-25 11:49:42,906 [main] INFO  o.s.d.r.c.RepositoryConfigurationExtensionSupport  - Spring Data Redis - Could not safely identify store assignment for repository candidate interface cn.edu.sdu.java.server.repositorys.StudentCourseRepository; If you want this repository to be a Redis repository, consider annotating your entities with one of these annotations: org.springframework.data.redis.core.RedisHash (preferred), or consider extending one of the following types with your repository: org.springframework.data.keyvalue.repository.KeyValueRepository
2026-05-25 11:49:42,906 [main] INFO  o.s.d.r.c.RepositoryConfigurationExtensionSupport  - Spring Data Redis - Could not safely identify store assignment for repository candidate interface cn.edu.sdu.java.server.repositorys.StudentLeaveRepository; If you want this repository to be a Redis repository, consider annotating your entities with one of these annotations: org.springframework.data.redis.core.RedisHash (preferred), or consider extending one of the following types with your repository: org.springframework.data.keyvalue.repository.KeyValueRepository
2026-05-25 11:49:42,906 [main] INFO  o.s.d.r.c.RepositoryConfigurationExtensionSupport  - Spring Data Redis - Could not safely identify store assignment for repository candidate interface cn.edu.sdu.java.server.repositorys.StudentRepository; If you want this repository to be a Redis repository, consider annotating your entities with one of these annotations: org.springframework.data.redis.core.RedisHash (preferred), or consider extending one of the following types with your repository: org.springframework.data.keyvalue.repository.KeyValueRepository
2026-05-25 11:49:42,906 [main] INFO  o.s.d.r.c.RepositoryConfigurationExtensionSupport  - Spring Data Redis - Could not safely identify store assignment for repository candidate interface cn.edu.sdu.java.server.repositorys.StudentStatisticsRepository; If you want this repository to be a Redis repository, consider annotating your entities with one of these annotations: org.springframework.data.redis.core.RedisHash (preferred), or consider extending one of the following types with your repository: org.springframework.data.keyvalue.repository.KeyValueRepository
2026-05-25 11:49:42,907 [main] INFO  o.s.d.r.c.RepositoryConfigurationExtensionSupport  - Spring Data Redis - Could not safely identify store assignment for repository candidate interface cn.edu.sdu.java.server.repositorys.SystemInfoRepository; If you want this repository to be a Redis repository, consider annotating your entities with one of these annotations: org.springframework.data.redis.core.RedisHash (preferred), or consider extending one of the following types with your repository: org.springframework.data.keyvalue.repository.KeyValueRepository
2026-05-25 11:49:42,907 [main] INFO  o.s.d.r.c.RepositoryConfigurationExtensionSupport  - Spring Data Redis - Could not safely identify store assignment for repository candidate interface cn.edu.sdu.java.server.repositorys.TeacherRepository; If you want this repository to be a Redis repository, consider annotating your entities with one of these annotations: org.springframework.data.redis.core.RedisHash (preferred), or consider extending one of the following types with your repository: org.springframework.data.keyvalue.repository.KeyValueRepository
2026-05-25 11:49:42,907 [main] INFO  o.s.d.r.c.RepositoryConfigurationExtensionSupport  - Spring Data Redis - Could not safely identify store assignment for repository candidate interface cn.edu.sdu.java.server.repositorys.UserRepository; If you want this repository to be a Redis repository, consider annotating your entities with one of these annotations: org.springframework.data.redis.core.RedisHash (preferred), or consider extending one of the following types with your repository: org.springframework.data.keyvalue.repository.KeyValueRepository
2026-05-25 11:49:42,907 [main] INFO  o.s.d.r.c.RepositoryConfigurationExtensionSupport  - Spring Data Redis - Could not safely identify store assignment for repository candidate interface cn.edu.sdu.java.server.repositorys.UserTypeRepository; If you want this repository to be a Redis repository, consider annotating your entities with one of these annotations: org.springframework.data.redis.core.RedisHash (preferred), or consider extending one of the following types with your repository: org.springframework.data.keyvalue.repository.KeyValueRepository
2026-05-25 11:49:42,907 [main] INFO  o.s.d.r.c.RepositoryConfigurationDelegate          - Finished Spring Data repository scanning in 6 ms. Found 0 Redis repository interfaces.
2026-05-25 11:49:43,245 [main] INFO  o.s.b.w.embedded.tomcat.TomcatWebServer            - Tomcat initialized with port 22224 (http)
2026-05-25 11:49:43,253 [main] INFO  o.apache.coyote.http11.Http11NioProtocol           - Initializing ProtocolHandler ["http-nio-22224"]
2026-05-25 11:49:43,254 [main] INFO  o.apache.catalina.core.StandardService             - Starting service [Tomcat]
2026-05-25 11:49:43,254 [main] INFO  org.apache.catalina.core.StandardEngine            - Starting Servlet engine: [Apache Tomcat/10.1.34]
2026-05-25 11:49:43,289 [main] INFO  o.a.c.c.C.[Tomcat].[localhost].[/]                 - Initializing Spring embedded WebApplicationContext
2026-05-25 11:49:43,289 [main] INFO  o.s.b.w.s.c.ServletWebServerApplicationContext     - Root WebApplicationContext: initialization completed in 1078 ms
2026-05-25 11:49:43,345 [main] INFO  com.zaxxer.hikari.HikariDataSource                 - HikariPool-1 - Starting...
2026-05-25 11:49:47,976 [main] INFO  com.zaxxer.hikari.pool.HikariPool                  - HikariPool-1 - Added connection com.mysql.cj.jdbc.ConnectionImpl@1bfa5a13
2026-05-25 11:49:47,977 [main] INFO  com.zaxxer.hikari.HikariDataSource                 - HikariPool-1 - Start completed.
2026-05-25 11:49:48,013 [main] INFO  o.hibernate.jpa.internal.util.LogHelper            - HHH000204: Processing PersistenceUnitInfo [name: default]
2026-05-25 11:49:48,053 [main] INFO  org.hibernate.Version                              - HHH000412: Hibernate ORM core version 6.6.5.Final
2026-05-25 11:49:48,075 [main] INFO  o.h.c.internal.RegionFactoryInitiator              - HHH000026: Second-level cache disabled
2026-05-25 11:49:48,299 [main] INFO  o.s.o.j.p.SpringPersistenceUnitInfo                - No LoadTimeWeaver setup: ignoring JPA class transformer
2026-05-25 11:49:48,551 [main] INFO  org.hibernate.orm.connections.pooling              - HHH10001005: Database info:
	Database JDBC URL [Connecting through datasource 'HikariDataSource (HikariPool-1)']
	Database driver: undefined/unknown
	Database version: 8.0.35
	Autocommit mode: undefined/unknown
	Isolation level: undefined/unknown
	Minimum pool size: undefined/unknown
	Maximum pool size: undefined/unknown
2026-05-25 11:49:49,179 [main] INFO  o.h.e.t.j.p.i.JtaPlatformInitiator                 - HHH000489: No JTA platform available (set 'hibernate.transaction.jta.platform' to enable JTA platform integration)
2026-05-25 11:49:49,180 [main] INFO  o.s.o.j.LocalContainerEntityManagerFactoryBean     - Initialized JPA EntityManagerFactory for persistence unit 'default'
2026-05-25 11:49:49,334 [main] INFO  o.s.d.j.r.query.QueryEnhancerFactory               - Hibernate is in classpath; If applicable, HQL parser will be used.
2026-05-25 11:49:49,743 [main] WARN  o.s.b.a.o.j.JpaBaseConfiguration$JpaWebConfiguration - spring.jpa.open-in-view is enabled by default. Therefore, database queries may be performed during view rendering. Explicitly configure spring.jpa.open-in-view to disable this warning
2026-05-25 11:49:49,910 [main] INFO  o.s.s.c.a.a.c.InitializeAuthenticationProviderBeanManagerConfigurer$InitializeAuthenticationProviderManagerConfigurer - Global AuthenticationManager configured with AuthenticationProvider bean with name authenticationProvider
2026-05-25 11:49:49,910 [main] WARN  o.s.s.c.a.a.c.InitializeUserDetailsBeanManagerConfigurer$InitializeUserDetailsManagerConfigurer - Global AuthenticationManager configured with an AuthenticationProvider bean. UserDetailsService beans will not be used by Spring Security for automatically configuring username/password login. Consider removing the AuthenticationProvider bean. Alternatively, consider using the UserDetailsService in a manually instantiated DaoAuthenticationProvider. If the current configuration is intentional, to turn off this warning, increase the logging level of 'org.springframework.security.config.annotation.authentication.configuration.InitializeUserDetailsBeanManagerConfigurer' to ERROR
2026-05-25 11:49:50,348 [main] INFO  o.s.b.a.w.s.WelcomePageHandlerMapping              - Adding welcome page: class path resource [public/index.html]
2026-05-25 11:49:50,707 [main] INFO  o.apache.coyote.http11.Http11NioProtocol           - Starting ProtocolHandler ["http-nio-22224"]
2026-05-25 11:49:50,716 [main] INFO  o.s.b.w.embedded.tomcat.TomcatWebServer            - Tomcat started on port 22224 (http) with context path '/'
2026-05-25 11:49:50,720 [main] INFO  c.e.s.java.server.JavaServerApplication            - Started JavaServerApplication in 8.988 seconds (process running for 9.598)
2026-05-25 11:49:50,722 [main] INFO  c.e.s.j.server.SystemApplicationListener           - org.springframework.boot.context.event.ApplicationReadyEvent[source=org.springframework.boot.SpringApplication@1cb7fe75]
2026-05-25 11:49:50,722 [main] INFO  c.e.s.j.server.SystemApplicationListener           - SystemInitStart
2026-05-25 11:49:50,826 [main] INFO  c.e.s.j.server.SystemApplicationListener           - systemInitEnd
2026-05-25 11:49:55,273 [http-nio-22224-exec-1] INFO  o.a.c.c.C.[Tomcat].[localhost].[/]                 - Initializing Spring DispatcherServlet 'dispatcherServlet'
2026-05-25 11:49:55,273 [http-nio-22224-exec-1] INFO  o.s.web.servlet.DispatcherServlet                  - Initializing Servlet 'dispatcherServlet'
2026-05-25 11:49:55,274 [http-nio-22224-exec-1] INFO  o.s.web.servlet.DispatcherServlet                  - Completed initialization in 1 ms
2026-05-25 11:49:55,693 [http-nio-22224-exec-5] INFO  c.e.s.j.s.c.JwtAuthenticationFilter                - /api/base/getDataBaseUserName,2022030001,2026-05-25 11:49:55,0.039
2026-05-25 11:49:55,781 [http-nio-22224-exec-4] INFO  c.e.s.j.s.c.JwtAuthenticationFilter                - /api/base/getMenuList,2022030001,2026-05-25 11:49:55,0.083
2026-05-25 11:49:57,623 [http-nio-22224-exec-6] INFO  c.e.s.j.s.c.JwtAuthenticationFilter                - /api/homework/getCourseItemOptionList,2022030001,2026-05-25 11:49:57,0.055
2026-05-25 11:49:57,695 [http-nio-22224-exec-3] INFO  c.e.s.j.s.c.JwtAuthenticationFilter                - /api/homework/getHomeworkList,2022030001,2026-05-25 11:49:57,0.056
2026-05-25 11:50:01,987 [http-nio-22224-exec-10] INFO  c.e.s.j.s.c.JwtAuthenticationFilter                - /api/studentCourse/getTeacherItemOptionList,2022030001,2026-05-25 11:50:01,0.051
2026-05-25 11:50:02,028 [http-nio-22224-exec-9] INFO  c.e.s.j.s.c.JwtAuthenticationFilter                - /api/studentCourse/getCourseList,2022030001,2026-05-25 11:50:01,0.036
2026-05-25 11:50:08,721 [http-nio-22224-exec-1] INFO  c.e.s.j.s.c.JwtAuthenticationFilter                - /api/homework/getCourseItemOptionList,2022030001,2026-05-25 11:50:08,0.052
2026-05-25 11:51:45,157 [http-nio-22224-exec-7] INFO  c.e.s.j.s.c.JwtAuthenticationFilter                - /api/homework/getCourseItemOptionList,2022030001,2026-05-25 11:51:45,0.048
2026-05-25 11:54:01,443 [http-nio-22224-exec-9] INFO  c.e.s.j.s.c.JwtAuthenticationFilter                - /api/base/getDataBaseUserName,2022030001,2026-05-25 11:54:01,0.04
2026-05-25 11:54:01,585 [http-nio-22224-exec-1] INFO  c.e.s.j.s.c.JwtAuthenticationFilter                - /api/base/getMenuList,2022030001,2026-05-25 11:54:01,0.136
2026-05-25 11:54:04,382 [http-nio-22224-exec-5] INFO  c.e.s.j.s.c.JwtAuthenticationFilter                - /api/studentCourse/getTeacherItemOptionList,2022030001,2026-05-25 11:54:04,0.11
2026-05-25 11:54:04,465 [http-nio-22224-exec-4] INFO  c.e.s.j.s.c.JwtAuthenticationFilter                - /api/studentCourse/getCourseList,2022030001,2026-05-25 11:54:04,0.076
2026-05-25 12:18:36,317 [http-nio-22224-exec-9] INFO  c.e.s.j.s.c.JwtAuthenticationFilter                - /api/base/getDataBaseUserName,admin,2026-05-25 12:18:36,0.019
2026-05-25 12:18:36,404 [http-nio-22224-exec-1] INFO  c.e.s.j.s.c.JwtAuthenticationFilter                - /api/base/getMenuList,admin,2026-05-25 12:18:36,0.083
2026-05-25 12:18:41,332 [http-nio-22224-exec-5] INFO  c.e.s.j.s.c.JwtAuthenticationFilter                - /api/base/getMenuTreeNodeList,admin,2026-05-25 12:18:41,0.11
2026-05-25 12:20:19,122 [http-nio-22224-exec-7] INFO  c.e.s.j.s.c.JwtAuthenticationFilter                - /api/base/menuSave,admin,2026-05-25 12:20:18,0.165
2026-05-25 12:20:36,385 [http-nio-22224-exec-3] INFO  c.e.s.j.s.c.JwtAuthenticationFilter                - /api/base/menuSave,admin,2026-05-25 12:20:36,0.188
2026-05-25 12:33:34,534 [http-nio-22224-exec-5] INFO  c.e.s.j.s.c.JwtAuthenticationFilter                - /api/base/getDataBaseUserName,2022030001,2026-05-25 12:33:34,0.017
2026-05-25 12:33:34,603 [http-nio-22224-exec-2] INFO  c.e.s.j.s.c.JwtAuthenticationFilter                - /api/base/getMenuList,2022030001,2026-05-25 12:33:34,0.065
2026-05-25 12:34:46,885 [http-nio-22224-exec-3] INFO  c.e.s.j.s.c.JwtAuthenticationFilter                - /api/base/getDataBaseUserName,2022030001,2026-05-25 12:34:46,0.019
2026-05-25 12:34:46,955 [http-nio-22224-exec-10] INFO  c.e.s.j.s.c.JwtAuthenticationFilter                - /api/base/getMenuList,2022030001,2026-05-25 12:34:46,0.065
2026-05-25 12:39:43,571 [http-nio-22224-exec-4] INFO  c.e.s.j.s.c.JwtAuthenticationFilter                - /api/base/getDataBaseUserName,2022030001,2026-05-25 12:39:43,0.018
2026-05-25 12:39:43,640 [http-nio-22224-exec-8] INFO  c.e.s.j.s.c.JwtAuthenticationFilter                - /api/base/getMenuList,2022030001,2026-05-25 12:39:43,0.064
2026-05-25 12:47:11,928 [http-nio-22224-exec-9] INFO  c.e.s.j.s.c.JwtAuthenticationFilter                - /api/base/getDataBaseUserName,2022030001,2026-05-25 12:47:11,0.017
2026-05-25 12:47:11,996 [http-nio-22224-exec-1] INFO  c.e.s.j.s.c.JwtAuthenticationFilter                - /api/base/getMenuList,2022030001,2026-05-25 12:47:11,0.064
2026-05-25 13:20:32,192 [http-nio-22224-exec-6] INFO  c.e.s.j.s.c.JwtAuthenticationFilter                - /api/base/getDataBaseUserName,2022030001,2026-05-25 13:20:32,0.019
2026-05-25 13:20:32,267 [http-nio-22224-exec-7] INFO  c.e.s.j.s.c.JwtAuthenticationFilter                - /api/base/getMenuList,2022030001,2026-05-25 13:20:32,0.07
2026-05-25 13:21:49,527 [http-nio-22224-exec-2] INFO  c.e.s.j.s.c.JwtAuthenticationFilter                - /api/base/getDataBaseUserName,2022030001,2026-05-25 13:21:49,0.017
2026-05-25 13:21:49,595 [http-nio-22224-exec-5] INFO  c.e.s.j.s.c.JwtAuthenticationFilter                - /api/base/getMenuList,2022030001,2026-05-25 13:21:49,0.063
2026-05-25 13:23:12,102 [http-nio-22224-exec-10] INFO  c.e.s.j.s.c.JwtAuthenticationFilter                - /api/base/getDataBaseUserName,2022030001,2026-05-25 13:23:12,0.016
2026-05-25 13:23:12,178 [http-nio-22224-exec-3] INFO  c.e.s.j.s.c.JwtAuthenticationFilter                - /api/base/getMenuList,2022030001,2026-05-25 13:23:12,0.072
2026-05-25 13:24:24,667 [http-nio-22224-exec-8] INFO  c.e.s.j.s.c.JwtAuthenticationFilter                - /api/base/getDataBaseUserName,2022030001,2026-05-25 13:24:24,0.017
2026-05-25 13:24:24,735 [http-nio-22224-exec-4] INFO  c.e.s.j.s.c.JwtAuthenticationFilter                - /api/base/getMenuList,2022030001,2026-05-25 13:24:24,0.063
2026-05-25 13:27:07,330 [http-nio-22224-exec-1] INFO  c.e.s.j.s.c.JwtAuthenticationFilter                - /api/base/getDataBaseUserName,2022030001,2026-05-25 13:27:07,0.017
2026-05-25 13:27:07,405 [http-nio-22224-exec-9] INFO  c.e.s.j.s.c.JwtAuthenticationFilter                - /api/base/getMenuList,2022030001,2026-05-25 13:27:07,0.071
2026-05-25 13:30:17,673 [http-nio-22224-exec-7] INFO  c.e.s.j.s.c.JwtAuthenticationFilter                - /api/base/getDataBaseUserName,2022030001,2026-05-25 13:30:17,0.017
2026-05-25 13:30:17,746 [http-nio-22224-exec-6] INFO  c.e.s.j.s.c.JwtAuthenticationFilter                - /api/base/getMenuList,2022030001,2026-05-25 13:30:17,0.069
2026-05-25 13:31:33,201 [http-nio-22224-exec-5] INFO  c.e.s.j.s.c.JwtAuthenticationFilter                - /api/base/getDataBaseUserName,2022030001,2026-05-25 13:31:33,0.018
2026-05-25 13:31:33,271 [http-nio-22224-exec-2] INFO  c.e.s.j.s.c.JwtAuthenticationFilter                - /api/base/getMenuList,2022030001,2026-05-25 13:31:33,0.065
2026-05-25 13:33:32,083 [http-nio-22224-exec-10] INFO  c.e.s.j.s.c.JwtAuthenticationFilter                - /api/base/getDataBaseUserName,2022030001,2026-05-25 13:33:32,0.017
2026-05-25 13:33:32,155 [http-nio-22224-exec-3] INFO  c.e.s.j.s.c.JwtAuthenticationFilter                - /api/base/getMenuList,2022030001,2026-05-25 13:33:32,0.067
2026-05-25 13:34:18,969 [http-nio-22224-exec-8] INFO  c.e.s.j.s.c.JwtAuthenticationFilter                - /api/base/getDataBaseUserName,2022030001,2026-05-25 13:34:18,0.059
2026-05-25 13:34:19,039 [http-nio-22224-exec-4] INFO  c.e.s.j.s.c.JwtAuthenticationFilter                - /api/base/getMenuList,2022030001,2026-05-25 13:34:18,0.065
2026-05-25 13:36:13,947 [http-nio-22224-exec-1] INFO  c.e.s.j.s.c.JwtAuthenticationFilter                - /api/base/getDataBaseUserName,2022030001,2026-05-25 13:36:13,0.016
2026-05-25 13:36:14,016 [http-nio-22224-exec-9] INFO  c.e.s.j.s.c.JwtAuthenticationFilter                - /api/base/getMenuList,2022030001,2026-05-25 13:36:13,0.064
2026-05-25 13:37:37,511 [http-nio-22224-exec-7] INFO  c.e.s.j.s.c.JwtAuthenticationFilter                - /api/base/getDataBaseUserName,2022030001,2026-05-25 13:37:37,0.017
2026-05-25 13:37:37,581 [http-nio-22224-exec-6] INFO  c.e.s.j.s.c.JwtAuthenticationFilter                - /api/base/getMenuList,2022030001,2026-05-25 13:37:37,0.066
2026-05-25 13:38:28,379 [http-nio-22224-exec-2] INFO  c.e.s.j.s.c.JwtAuthenticationFilter                - /api/base/getDataBaseUserName,2022030001,2026-05-25 13:38:28,0.016
2026-05-25 13:38:28,447 [http-nio-22224-exec-5] INFO  c.e.s.j.s.c.JwtAuthenticationFilter                - /api/base/getMenuList,2022030001,2026-05-25 13:38:28,0.062
2026-05-25 13:39:05,716 [http-nio-22224-exec-10] INFO  c.e.s.j.s.c.JwtAuthenticationFilter                - /api/base/getDataBaseUserName,2022030001,2026-05-25 13:39:05,0.026
2026-05-25 13:39:05,795 [http-nio-22224-exec-3] INFO  c.e.s.j.s.c.JwtAuthenticationFilter                - /api/base/getMenuList,2022030001,2026-05-25 13:39:05,0.073
2026-05-25 13:39:38,273 [http-nio-22224-exec-4] INFO  c.e.s.j.s.c.JwtAuthenticationFilter                - /api/base/getDataBaseUserName,2022030001,2026-05-25 13:39:38,0.017
2026-05-25 13:39:38,345 [http-nio-22224-exec-8] INFO  c.e.s.j.s.c.JwtAuthenticationFilter                - /api/base/getMenuList,2022030001,2026-05-25 13:39:38,0.067
2026-05-25 13:40:10,246 [http-nio-22224-exec-9] INFO  c.e.s.j.s.c.JwtAuthenticationFilter                - /api/base/getDataBaseUserName,admin,2026-05-25 13:40:10,0.016
2026-05-25 13:40:10,329 [http-nio-22224-exec-1] INFO  c.e.s.j.s.c.JwtAuthenticationFilter                - /api/base/getMenuList,admin,2026-05-25 13:40:10,0.078
2026-05-25 13:40:35,867 [http-nio-22224-exec-6] INFO  c.e.s.j.s.c.JwtAuthenticationFilter                - /api/base/getDataBaseUserName,2022030001,2026-05-25 13:40:35,0.018
2026-05-25 13:40:35,942 [http-nio-22224-exec-7] INFO  c.e.s.j.s.c.JwtAuthenticationFilter                - /api/base/getMenuList,2022030001,2026-05-25 13:40:35,0.069
2026-05-25 13:40:58,547 [http-nio-22224-exec-5] INFO  c.e.s.j.s.c.JwtAuthenticationFilter                - /api/base/getDataBaseUserName,2022030001,2026-05-25 13:40:58,0.016
2026-05-25 13:40:58,615 [http-nio-22224-exec-2] INFO  c.e.s.j.s.c.JwtAuthenticationFilter                - /api/base/getMenuList,2022030001,2026-05-25 13:40:58,0.064
2026-05-25 13:43:06,796 [http-nio-22224-exec-3] INFO  c.e.s.j.s.c.JwtAuthenticationFilter                - /api/base/getDataBaseUserName,2022030001,2026-05-25 13:43:06,0.017
2026-05-25 13:43:06,862 [http-nio-22224-exec-10] INFO  c.e.s.j.s.c.JwtAuthenticationFilter                - /api/base/getMenuList,2022030001,2026-05-25 13:43:06,0.06
2026-05-25 13:44:04,455 [http-nio-22224-exec-4] INFO  c.e.s.j.s.c.JwtAuthenticationFilter                - /api/base/getDataBaseUserName,2022030001,2026-05-25 13:44:04,0.015
2026-05-25 13:44:04,527 [http-nio-22224-exec-8] INFO  c.e.s.j.s.c.JwtAuthenticationFilter                - /api/base/getMenuList,2022030001,2026-05-25 13:44:04,0.068
2026-05-25 13:46:51,909 [http-nio-22224-exec-9] INFO  c.e.s.j.s.c.JwtAuthenticationFilter                - /api/base/getDataBaseUserName,2022030001,2026-05-25 13:46:51,0.027
2026-05-25 13:46:51,976 [http-nio-22224-exec-1] INFO  c.e.s.j.s.c.JwtAuthenticationFilter                - /api/base/getMenuList,2022030001,2026-05-25 13:46:51,0.063
2026-05-25 13:49:41,940 [http-nio-22224-exec-6] INFO  c.e.s.j.s.c.JwtAuthenticationFilter                - /api/base/getDataBaseUserName,2022030001,2026-05-25 13:49:41,0.02
2026-05-25 13:49:42,006 [http-nio-22224-exec-7] INFO  c.e.s.j.s.c.JwtAuthenticationFilter                - /api/base/getMenuList,2022030001,2026-05-25 13:49:41,0.062
2026-05-25 13:50:03,373 [http-nio-22224-exec-5] INFO  c.e.s.j.s.c.JwtAuthenticationFilter                - /api/base/getDataBaseUserName,2022030001,2026-05-25 13:50:03,0.017
2026-05-25 13:50:03,440 [http-nio-22224-exec-2] INFO  c.e.s.j.s.c.JwtAuthenticationFilter                - /api/base/getMenuList,2022030001,2026-05-25 13:50:03,0.062
2026-05-25 13:50:50,480 [http-nio-22224-exec-3] INFO  c.e.s.j.s.c.JwtAuthenticationFilter                - /api/base/getDataBaseUserName,2022030001,2026-05-25 13:50:50,0.016
2026-05-25 13:50:50,547 [http-nio-22224-exec-10] INFO  c.e.s.j.s.c.JwtAuthenticationFilter                - /api/base/getMenuList,2022030001,2026-05-25 13:50:50,0.063
2026-05-25 13:51:33,062 [http-nio-22224-exec-4] INFO  c.e.s.j.s.c.JwtAuthenticationFilter                - /api/base/getDataBaseUserName,2022030001,2026-05-25 13:51:33,0.017
2026-05-25 13:51:33,127 [http-nio-22224-exec-8] INFO  c.e.s.j.s.c.JwtAuthenticationFilter                - /api/base/getMenuList,2022030001,2026-05-25 13:51:33,0.061
2026-05-25 13:52:34,937 [http-nio-22224-exec-1] INFO  c.e.s.j.s.c.JwtAuthenticationFilter                - /api/base/getDataBaseUserName,2022030001,2026-05-25 13:52:34,0.016
2026-05-25 13:52:35,031 [http-nio-22224-exec-9] INFO  c.e.s.j.s.c.JwtAuthenticationFilter                - /api/base/getMenuList,2022030001,2026-05-25 13:52:34,0.089
2026-05-25 13:53:02,606 [http-nio-22224-exec-6] INFO  c.e.s.j.s.c.JwtAuthenticationFilter                - /api/base/getDataBaseUserName,2022030001,2026-05-25 13:53:02,0.017
2026-05-25 13:53:02,675 [http-nio-22224-exec-7] INFO  c.e.s.j.s.c.JwtAuthenticationFilter                - /api/base/getMenuList,2022030001,2026-05-25 13:53:02,0.065
2026-05-25 13:54:08,617 [http-nio-22224-exec-5] INFO  c.e.s.j.s.c.JwtAuthenticationFilter                - /api/base/getDataBaseUserName,2022030001,2026-05-25 13:54:08,0.016
2026-05-25 13:54:08,686 [http-nio-22224-exec-2] INFO  c.e.s.j.s.c.JwtAuthenticationFilter                - /api/base/getMenuList,2022030001,2026-05-25 13:54:08,0.064
2026-05-25 13:54:49,333 [http-nio-22224-exec-3] INFO  c.e.s.j.s.c.JwtAuthenticationFilter                - /api/base/getDataBaseUserName,2022030001,2026-05-25 13:54:49,0.023
2026-05-25 13:54:49,436 [http-nio-22224-exec-10] INFO  c.e.s.j.s.c.JwtAuthenticationFilter                - /api/base/getMenuList,2022030001,2026-05-25 13:54:49,0.098
2026-05-25 13:55:18,065 [http-nio-22224-exec-8] INFO  c.e.s.j.s.c.JwtAuthenticationFilter                - /api/base/getDataBaseUserName,2022030001,2026-05-25 13:55:17,0.08
2026-05-25 13:55:18,136 [http-nio-22224-exec-4] INFO  c.e.s.j.s.c.JwtAuthenticationFilter                - /api/base/getMenuList,2022030001,2026-05-25 13:55:18,0.066
2026-05-25 13:55:37,177 [http-nio-22224-exec-9] INFO  c.e.s.j.s.c.JwtAuthenticationFilter                - /api/base/getDataBaseUserName,2022030001,2026-05-25 13:55:37,0.018
2026-05-25 13:55:37,244 [http-nio-22224-exec-1] INFO  c.e.s.j.s.c.JwtAuthenticationFilter                - /api/base/getMenuList,2022030001,2026-05-25 13:55:37,0.063
2026-05-25 13:56:02,097 [http-nio-22224-exec-6] INFO  c.e.s.j.s.c.JwtAuthenticationFilter                - /api/base/getDataBaseUserName,2022030001,2026-05-25 13:56:02,0.017
2026-05-25 13:56:02,163 [http-nio-22224-exec-7] INFO  c.e.s.j.s.c.JwtAuthenticationFilter                - /api/base/getMenuList,2022030001,2026-05-25 13:56:02,0.061
2026-05-25 13:56:22,586 [http-nio-22224-exec-5] INFO  c.e.s.j.s.c.JwtAuthenticationFilter                - /api/base/getDataBaseUserName,2022030001,2026-05-25 13:56:22,0.015
2026-05-25 13:56:22,661 [http-nio-22224-exec-2] INFO  c.e.s.j.s.c.JwtAuthenticationFilter                - /api/base/getMenuList,2022030001,2026-05-25 13:56:22,0.07
2026-05-25 13:56:56,914 [http-nio-22224-exec-3] INFO  c.e.s.j.s.c.JwtAuthenticationFilter                - /api/base/getDataBaseUserName,2022030001,2026-05-25 13:56:56,0.027
2026-05-25 13:56:56,985 [http-nio-22224-exec-10] INFO  c.e.s.j.s.c.JwtAuthenticationFilter                - /api/base/getMenuList,2022030001,2026-05-25 13:56:56,0.067
2026-05-25 14:16:02,389 [http-nio-22224-exec-2] INFO  c.e.s.j.s.c.JwtAuthenticationFilter                - /api/studentCourse/getTeacherItemOptionList,2022030001,2026-05-25 14:16:02,0.059
2026-05-25 14:16:50,726 [http-nio-22224-exec-7] INFO  c.e.s.j.s.c.JwtAuthenticationFilter                - /api/homework/getCourseItemOptionList,2022030001,2026-05-25 14:16:50,0.047
2026-05-25 14:16:50,762 [http-nio-22224-exec-3] INFO  c.e.s.j.s.c.JwtAuthenticationFilter                - /api/homework/getHomeworkList,2022030001,2026-05-25 14:16:50,0.032
2026-05-25 14:17:05,212 [http-nio-22224-exec-5] INFO  c.e.s.j.s.c.JwtAuthenticationFilter                - /api/base/getDataBaseUserName,admin,2026-05-25 14:17:05,0.016
2026-05-25 14:17:05,289 [http-nio-22224-exec-2] INFO  c.e.s.j.s.c.JwtAuthenticationFilter                - /api/base/getMenuList,admin,2026-05-25 14:17:05,0.073
2026-05-25 14:17:10,748 [http-nio-22224-exec-8] INFO  c.e.s.j.s.c.JwtAuthenticationFilter                - /api/base/getMenuTreeNodeList,admin,2026-05-25 14:17:10,0.102
2026-05-25 14:17:28,779 [http-nio-22224-exec-9] INFO  c.e.s.j.s.c.JwtAuthenticationFilter                - /api/base/getDataBaseUserName,admin,2026-05-25 14:17:28,0.018
2026-05-25 14:17:28,860 [http-nio-22224-exec-1] INFO  c.e.s.j.s.c.JwtAuthenticationFilter                - /api/base/getMenuList,admin,2026-05-25 14:17:28,0.077
2026-05-25 14:17:44,778 [http-nio-22224-exec-6] INFO  c.e.s.j.s.c.JwtAuthenticationFilter                - /api/base/getDataBaseUserName,2022030001,2026-05-25 14:17:44,0.017
2026-05-25 14:17:44,842 [http-nio-22224-exec-7] INFO  c.e.s.j.s.c.JwtAuthenticationFilter                - /api/base/getMenuList,2022030001,2026-05-25 14:17:44,0.06
2026-05-25 14:17:49,623 [http-nio-22224-exec-3] INFO  c.e.s.j.s.c.JwtAuthenticationFilter                - /api/studentCourse/getTeacherItemOptionList,2022030001,2026-05-25 14:17:49,0.044
2026-05-25 14:18:41,021 [http-nio-22224-exec-7] INFO  c.e.s.j.s.c.JwtAuthenticationFilter                - /api/studentCourse/getCourseList,2022030001,2026-05-25 14:18:40,0.051
2026-05-25 14:18:48,894 [http-nio-22224-exec-1] INFO  c.e.s.j.s.c.JwtAuthenticationFilter                - /api/studentCourse/getCourseList,2022030001,2026-05-25 14:18:48,0.043
2026-05-25 14:18:51,040 [http-nio-22224-exec-5] INFO  c.e.s.j.s.c.JwtAuthenticationFilter                - /api/studentCourse/getCourseList,2022030001,2026-05-25 14:18:50,0.046
2026-05-25 14:18:51,457 [http-nio-22224-exec-2] INFO  c.e.s.j.s.c.JwtAuthenticationFilter                - /api/studentCourse/getCourseList,2022030001,2026-05-25 14:18:51,0.041
2026-05-25 14:19:11,441 [http-nio-22224-exec-3] INFO  c.e.s.j.s.c.JwtAuthenticationFilter                - /api/base/getDataBaseUserName,2022030001,2026-05-25 14:19:11,0.017
2026-05-25 14:19:11,509 [http-nio-22224-exec-10] INFO  c.e.s.j.s.c.JwtAuthenticationFilter                - /api/base/getMenuList,2022030001,2026-05-25 14:19:11,0.064
2026-05-25 14:19:15,096 [http-nio-22224-exec-9] INFO  c.e.s.j.s.c.JwtAuthenticationFilter                - /api/studentCourse/getTeacherItemOptionList,2022030001,2026-05-25 14:19:15,0.046
2026-05-25 14:24:29,693 [SpringApplicationShutdownHook] INFO  o.s.b.w.embedded.tomcat.GracefulShutdown           - Commencing graceful shutdown. Waiting for active requests to complete
2026-05-25 14:24:29,698 [tomcat-shutdown] INFO  o.s.b.w.embedded.tomcat.GracefulShutdown           - Graceful shutdown complete
2026-05-25 14:24:29,786 [SpringApplicationShutdownHook] INFO  o.s.o.j.LocalContainerEntityManagerFactoryBean     - Closing JPA EntityManagerFactory for persistence unit 'default'
2026-05-25 14:24:29,787 [SpringApplicationShutdownHook] INFO  com.zaxxer.hikari.HikariDataSource                 - HikariPool-1 - Shutdown initiated...
2026-05-25 14:24:29,788 [SpringApplicationShutdownHook] INFO  com.zaxxer.hikari.HikariDataSource                 - HikariPool-1 - Shutdown completed.
2026-05-25 14:24:44,141 [background-preinit] INFO  o.h.validator.internal.util.Version                - HV000001: Hibernate Validator 8.0.2.Final
2026-05-25 14:24:44,166 [main] INFO  c.e.s.java.server.JavaServerApplication            - Starting JavaServerApplication using Java 21.0.10 with PID 10752 (E:\Programming\project\teamX-student-management\java-server\target\classes started by hp in E:\Programming\project\teamX-student-management\java-server)
2026-05-25 14:24:44,167 [main] INFO  c.e.s.java.server.JavaServerApplication            - No active profile set, falling back to 1 default profile: "default"
2026-05-25 14:24:44,554 [main] INFO  o.s.d.r.c.RepositoryConfigurationDelegate          - Multiple Spring Data modules found, entering strict repository configuration mode
2026-05-25 14:24:44,555 [main] INFO  o.s.d.r.c.RepositoryConfigurationDelegate          - Bootstrapping Spring Data JPA repositories in DEFAULT mode.
2026-05-25 14:24:44,642 [main] INFO  o.s.d.r.c.RepositoryConfigurationDelegate          - Finished Spring Data repository scanning in 83 ms. Found 18 JPA repository interfaces.
2026-05-25 14:24:44,652 [main] INFO  o.s.d.r.c.RepositoryConfigurationDelegate          - Multiple Spring Data modules found, entering strict repository configuration mode
2026-05-25 14:24:44,653 [main] INFO  o.s.d.r.c.RepositoryConfigurationDelegate          - Bootstrapping Spring Data Redis repositories in DEFAULT mode.
2026-05-25 14:24:44,661 [main] INFO  o.s.d.r.c.RepositoryConfigurationExtensionSupport  - Spring Data Redis - Could not safely identify store assignment for repository candidate interface cn.edu.sdu.java.server.repositorys.CourseRepository; If you want this repository to be a Redis repository, consider annotating your entities with one of these annotations: org.springframework.data.redis.core.RedisHash (preferred), or consider extending one of the following types with your repository: org.springframework.data.keyvalue.repository.KeyValueRepository
2026-05-25 14:24:44,661 [main] INFO  o.s.d.r.c.RepositoryConfigurationExtensionSupport  - Spring Data Redis - Could not safely identify store assignment for repository candidate interface cn.edu.sdu.java.server.repositorys.DictionaryInfoRepository; If you want this repository to be a Redis repository, consider annotating your entities with one of these annotations: org.springframework.data.redis.core.RedisHash (preferred), or consider extending one of the following types with your repository: org.springframework.data.keyvalue.repository.KeyValueRepository
2026-05-25 14:24:44,661 [main] INFO  o.s.d.r.c.RepositoryConfigurationExtensionSupport  - Spring Data Redis - Could not safely identify store assignment for repository candidate interface cn.edu.sdu.java.server.repositorys.FamilyMemberRepository; If you want this repository to be a Redis repository, consider annotating your entities with one of these annotations: org.springframework.data.redis.core.RedisHash (preferred), or consider extending one of the following types with your repository: org.springframework.data.keyvalue.repository.KeyValueRepository
2026-05-25 14:24:44,661 [main] INFO  o.s.d.r.c.RepositoryConfigurationExtensionSupport  - Spring Data Redis - Could not safely identify store assignment for repository candidate interface cn.edu.sdu.java.server.repositorys.FeeRepository; If you want this repository to be a Redis repository, consider annotating your entities with one of these annotations: org.springframework.data.redis.core.RedisHash (preferred), or consider extending one of the following types with your repository: org.springframework.data.keyvalue.repository.KeyValueRepository
2026-05-25 14:24:44,661 [main] INFO  o.s.d.r.c.RepositoryConfigurationExtensionSupport  - Spring Data Redis - Could not safely identify store assignment for repository candidate interface cn.edu.sdu.java.server.repositorys.HomeworkRepository; If you want this repository to be a Redis repository, consider annotating your entities with one of these annotations: org.springframework.data.redis.core.RedisHash (preferred), or consider extending one of the following types with your repository: org.springframework.data.keyvalue.repository.KeyValueRepository
2026-05-25 14:24:44,661 [main] INFO  o.s.d.r.c.RepositoryConfigurationExtensionSupport  - Spring Data Redis - Could not safely identify store assignment for repository candidate interface cn.edu.sdu.java.server.repositorys.MenuInfoRepository; If you want this repository to be a Redis repository, consider annotating your entities with one of these annotations: org.springframework.data.redis.core.RedisHash (preferred), or consider extending one of the following types with your repository: org.springframework.data.keyvalue.repository.KeyValueRepository
2026-05-25 14:24:44,661 [main] INFO  o.s.d.r.c.RepositoryConfigurationExtensionSupport  - Spring Data Redis - Could not safely identify store assignment for repository candidate interface cn.edu.sdu.java.server.repositorys.ModifyLogRepository; If you want this repository to be a Redis repository, consider annotating your entities with one of these annotations: org.springframework.data.redis.core.RedisHash (preferred), or consider extending one of the following types with your repository: org.springframework.data.keyvalue.repository.KeyValueRepository
2026-05-25 14:24:44,662 [main] INFO  o.s.d.r.c.RepositoryConfigurationExtensionSupport  - Spring Data Redis - Could not safely identify store assignment for repository candidate interface cn.edu.sdu.java.server.repositorys.PersonRepository; If you want this repository to be a Redis repository, consider annotating your entities with one of these annotations: org.springframework.data.redis.core.RedisHash (preferred), or consider extending one of the following types with your repository: org.springframework.data.keyvalue.repository.KeyValueRepository
2026-05-25 14:24:44,662 [main] INFO  o.s.d.r.c.RepositoryConfigurationExtensionSupport  - Spring Data Redis - Could not safely identify store assignment for repository candidate interface cn.edu.sdu.java.server.repositorys.ScoreRepository; If you want this repository to be a Redis repository, consider annotating your entities with one of these annotations: org.springframework.data.redis.core.RedisHash (preferred), or consider extending one of the following types with your repository: org.springframework.data.keyvalue.repository.KeyValueRepository
2026-05-25 14:24:44,662 [main] INFO  o.s.d.r.c.RepositoryConfigurationExtensionSupport  - Spring Data Redis - Could not safely identify store assignment for repository candidate interface cn.edu.sdu.java.server.repositorys.StatisticsDayRepository; If you want this repository to be a Redis repository, consider annotating your entities with one of these annotations: org.springframework.data.redis.core.RedisHash (preferred), or consider extending one of the following types with your repository: org.springframework.data.keyvalue.repository.KeyValueRepository
2026-05-25 14:24:44,662 [main] INFO  o.s.d.r.c.RepositoryConfigurationExtensionSupport  - Spring Data Redis - Could not safely identify store assignment for repository candidate interface cn.edu.sdu.java.server.repositorys.StudentCourseRepository; If you want this repository to be a Redis repository, consider annotating your entities with one of these annotations: org.springframework.data.redis.core.RedisHash (preferred), or consider extending one of the following types with your repository: org.springframework.data.keyvalue.repository.KeyValueRepository
2026-05-25 14:24:44,662 [main] INFO  o.s.d.r.c.RepositoryConfigurationExtensionSupport  - Spring Data Redis - Could not safely identify store assignment for repository candidate interface cn.edu.sdu.java.server.repositorys.StudentLeaveRepository; If you want this repository to be a Redis repository, consider annotating your entities with one of these annotations: org.springframework.data.redis.core.RedisHash (preferred), or consider extending one of the following types with your repository: org.springframework.data.keyvalue.repository.KeyValueRepository
2026-05-25 14:24:44,662 [main] INFO  o.s.d.r.c.RepositoryConfigurationExtensionSupport  - Spring Data Redis - Could not safely identify store assignment for repository candidate interface cn.edu.sdu.java.server.repositorys.StudentRepository; If you want this repository to be a Redis repository, consider annotating your entities with one of these annotations: org.springframework.data.redis.core.RedisHash (preferred), or consider extending one of the following types with your repository: org.springframework.data.keyvalue.repository.KeyValueRepository
2026-05-25 14:24:44,662 [main] INFO  o.s.d.r.c.RepositoryConfigurationExtensionSupport  - Spring Data Redis - Could not safely identify store assignment for repository candidate interface cn.edu.sdu.java.server.repositorys.StudentStatisticsRepository; If you want this repository to be a Redis repository, consider annotating your entities with one of these annotations: org.springframework.data.redis.core.RedisHash (preferred), or consider extending one of the following types with your repository: org.springframework.data.keyvalue.repository.KeyValueRepository
2026-05-25 14:24:44,663 [main] INFO  o.s.d.r.c.RepositoryConfigurationExtensionSupport  - Spring Data Redis - Could not safely identify store assignment for repository candidate interface cn.edu.sdu.java.server.repositorys.SystemInfoRepository; If you want this repository to be a Redis repository, consider annotating your entities with one of these annotations: org.springframework.data.redis.core.RedisHash (preferred), or consider extending one of the following types with your repository: org.springframework.data.keyvalue.repository.KeyValueRepository
2026-05-25 14:24:44,663 [main] INFO  o.s.d.r.c.RepositoryConfigurationExtensionSupport  - Spring Data Redis - Could not safely identify store assignment for repository candidate interface cn.edu.sdu.java.server.repositorys.TeacherRepository; If you want this repository to be a Redis repository, consider annotating your entities with one of these annotations: org.springframework.data.redis.core.RedisHash (preferred), or consider extending one of the following types with your repository: org.springframework.data.keyvalue.repository.KeyValueRepository
2026-05-25 14:24:44,663 [main] INFO  o.s.d.r.c.RepositoryConfigurationExtensionSupport  - Spring Data Redis - Could not safely identify store assignment for repository candidate interface cn.edu.sdu.java.server.repositorys.UserRepository; If you want this repository to be a Redis repository, consider annotating your entities with one of these annotations: org.springframework.data.redis.core.RedisHash (preferred), or consider extending one of the following types with your repository: org.springframework.data.keyvalue.repository.KeyValueRepository
2026-05-25 14:24:44,663 [main] INFO  o.s.d.r.c.RepositoryConfigurationExtensionSupport  - Spring Data Redis - Could not safely identify store assignment for repository candidate interface cn.edu.sdu.java.server.repositorys.UserTypeRepository; If you want this repository to be a Redis repository, consider annotating your entities with one of these annotations: org.springframework.data.redis.core.RedisHash (preferred), or consider extending one of the following types with your repository: org.springframework.data.keyvalue.repository.KeyValueRepository
2026-05-25 14:24:44,663 [main] INFO  o.s.d.r.c.RepositoryConfigurationDelegate          - Finished Spring Data repository scanning in 5 ms. Found 0 Redis repository interfaces.
2026-05-25 14:24:44,941 [main] INFO  o.s.b.w.embedded.tomcat.TomcatWebServer            - Tomcat initialized with port 22224 (http)
2026-05-25 14:24:44,948 [main] INFO  o.apache.coyote.http11.Http11NioProtocol           - Initializing ProtocolHandler ["http-nio-22224"]
2026-05-25 14:24:44,949 [main] INFO  o.apache.catalina.core.StandardService             - Starting service [Tomcat]
2026-05-25 14:24:44,949 [main] INFO  org.apache.catalina.core.StandardEngine            - Starting Servlet engine: [Apache Tomcat/10.1.34]
2026-05-25 14:24:44,982 [main] INFO  o.a.c.c.C.[Tomcat].[localhost].[/]                 - Initializing Spring embedded WebApplicationContext
2026-05-25 14:24:44,982 [main] INFO  o.s.b.w.s.c.ServletWebServerApplicationContext     - Root WebApplicationContext: initialization completed in 788 ms
2026-05-25 14:24:45,027 [main] INFO  com.zaxxer.hikari.HikariDataSource                 - HikariPool-1 - Starting...
2026-05-25 14:24:49,645 [main] INFO  com.zaxxer.hikari.pool.HikariPool                  - HikariPool-1 - Added connection com.mysql.cj.jdbc.ConnectionImpl@71369e1a
2026-05-25 14:24:49,646 [main] INFO  com.zaxxer.hikari.HikariDataSource                 - HikariPool-1 - Start completed.
2026-05-25 14:24:49,668 [main] INFO  o.hibernate.jpa.internal.util.LogHelper            - HHH000204: Processing PersistenceUnitInfo [name: default]
2026-05-25 14:24:49,691 [main] INFO  org.hibernate.Version                              - HHH000412: Hibernate ORM core version 6.6.5.Final
2026-05-25 14:24:49,708 [main] INFO  o.h.c.internal.RegionFactoryInitiator              - HHH000026: Second-level cache disabled
2026-05-25 14:24:49,820 [main] INFO  o.s.o.j.p.SpringPersistenceUnitInfo                - No LoadTimeWeaver setup: ignoring JPA class transformer
2026-05-25 14:24:49,887 [main] INFO  org.hibernate.orm.connections.pooling              - HHH10001005: Database info:
	Database JDBC URL [Connecting through datasource 'HikariDataSource (HikariPool-1)']
	Database driver: undefined/unknown
	Database version: 8.0.35
	Autocommit mode: undefined/unknown
	Isolation level: undefined/unknown
	Minimum pool size: undefined/unknown
	Maximum pool size: undefined/unknown
2026-05-25 14:24:50,534 [main] INFO  o.h.e.t.j.p.i.JtaPlatformInitiator                 - HHH000489: No JTA platform available (set 'hibernate.transaction.jta.platform' to enable JTA platform integration)
2026-05-25 14:24:50,536 [main] INFO  o.s.o.j.LocalContainerEntityManagerFactoryBean     - Initialized JPA EntityManagerFactory for persistence unit 'default'
2026-05-25 14:24:50,650 [main] INFO  o.s.d.j.r.query.QueryEnhancerFactory               - Hibernate is in classpath; If applicable, HQL parser will be used.
2026-05-25 14:24:51,092 [main] WARN  o.s.b.a.o.j.JpaBaseConfiguration$JpaWebConfiguration - spring.jpa.open-in-view is enabled by default. Therefore, database queries may be performed during view rendering. Explicitly configure spring.jpa.open-in-view to disable this warning
2026-05-25 14:24:51,287 [main] INFO  o.s.s.c.a.a.c.InitializeAuthenticationProviderBeanManagerConfigurer$InitializeAuthenticationProviderManagerConfigurer - Global AuthenticationManager configured with AuthenticationProvider bean with name authenticationProvider
2026-05-25 14:24:51,288 [main] WARN  o.s.s.c.a.a.c.InitializeUserDetailsBeanManagerConfigurer$InitializeUserDetailsManagerConfigurer - Global AuthenticationManager configured with an AuthenticationProvider bean. UserDetailsService beans will not be used by Spring Security for automatically configuring username/password login. Consider removing the AuthenticationProvider bean. Alternatively, consider using the UserDetailsService in a manually instantiated DaoAuthenticationProvider. If the current configuration is intentional, to turn off this warning, increase the logging level of 'org.springframework.security.config.annotation.authentication.configuration.InitializeUserDetailsBeanManagerConfigurer' to ERROR
2026-05-25 14:24:51,858 [main] INFO  o.s.b.a.w.s.WelcomePageHandlerMapping              - Adding welcome page: class path resource [public/index.html]
2026-05-25 14:24:52,173 [main] INFO  o.apache.coyote.http11.Http11NioProtocol           - Starting ProtocolHandler ["http-nio-22224"]
2026-05-25 14:24:52,182 [main] INFO  o.s.b.w.embedded.tomcat.TomcatWebServer            - Tomcat started on port 22224 (http) with context path '/'
2026-05-25 14:24:52,186 [main] INFO  c.e.s.java.server.JavaServerApplication            - Started JavaServerApplication in 8.319 seconds (process running for 8.658)
2026-05-25 14:24:52,188 [main] INFO  c.e.s.j.server.SystemApplicationListener           - org.springframework.boot.context.event.ApplicationReadyEvent[source=org.springframework.boot.SpringApplication@26bc84dc]
2026-05-25 14:24:52,188 [main] INFO  c.e.s.j.server.SystemApplicationListener           - SystemInitStart
2026-05-25 14:24:52,291 [main] INFO  c.e.s.j.server.SystemApplicationListener           - systemInitEnd
2026-05-25 14:24:55,920 [http-nio-22224-exec-2] INFO  o.a.c.c.C.[Tomcat].[localhost].[/]                 - Initializing Spring DispatcherServlet 'dispatcherServlet'
2026-05-25 14:24:55,920 [http-nio-22224-exec-2] INFO  o.s.web.servlet.DispatcherServlet                  - Initializing Servlet 'dispatcherServlet'
2026-05-25 14:24:55,921 [http-nio-22224-exec-2] INFO  o.s.web.servlet.DispatcherServlet                  - Completed initialization in 1 ms
2026-05-25 14:24:56,285 [http-nio-22224-exec-1] INFO  c.e.s.j.s.c.JwtAuthenticationFilter                - /api/base/getDataBaseUserName,2022030001,2026-05-25 14:24:56,0.033
2026-05-25 14:24:56,369 [http-nio-22224-exec-7] INFO  c.e.s.j.s.c.JwtAuthenticationFilter                - /api/base/getMenuList,2022030001,2026-05-25 14:24:56,0.079
2026-05-25 14:25:00,166 [http-nio-22224-exec-9] INFO  c.e.s.j.s.c.JwtAuthenticationFilter                - /api/studentCourse/getTeacherItemOptionList,2022030001,2026-05-25 14:25:00,0.055
2026-05-25 14:26:00,915 [http-nio-22224-exec-1] INFO  c.e.s.j.s.c.JwtAuthenticationFilter                - /api/base/getDataBaseUserName,2022030001,2026-05-25 14:26:00,0.019
2026-05-25 14:26:00,997 [http-nio-22224-exec-7] INFO  c.e.s.j.s.c.JwtAuthenticationFilter                - /api/base/getMenuList,2022030001,2026-05-25 14:26:00,0.076
2026-05-25 14:26:03,697 [http-nio-22224-exec-9] INFO  c.e.s.j.s.c.JwtAuthenticationFilter                - /api/studentCourse/getTeacherItemOptionList,2022030001,2026-05-25 14:26:03,0.069
2026-05-25 14:26:43,849 [http-nio-22224-exec-1] INFO  c.e.s.j.s.c.JwtAuthenticationFilter                - /api/base/getDataBaseUserName,2022030001,2026-05-25 14:26:43,0.018
2026-05-25 14:26:43,920 [http-nio-22224-exec-7] INFO  c.e.s.j.s.c.JwtAuthenticationFilter                - /api/base/getMenuList,2022030001,2026-05-25 14:26:43,0.066
2026-05-25 14:26:46,886 [http-nio-22224-exec-9] INFO  c.e.s.j.s.c.JwtAuthenticationFilter                - /api/studentCourse/getTeacherItemOptionList,2022030001,2026-05-25 14:26:46,0.062
2026-05-25 14:30:03,361 [SpringApplicationShutdownHook] INFO  o.s.b.w.embedded.tomcat.GracefulShutdown           - Commencing graceful shutdown. Waiting for active requests to complete
2026-05-25 14:30:03,366 [tomcat-shutdown] INFO  o.s.b.w.embedded.tomcat.GracefulShutdown           - Graceful shutdown complete
2026-05-25 14:30:03,377 [SpringApplicationShutdownHook] INFO  o.s.o.j.LocalContainerEntityManagerFactoryBean     - Closing JPA EntityManagerFactory for persistence unit 'default'
2026-05-25 14:30:03,378 [SpringApplicationShutdownHook] INFO  com.zaxxer.hikari.HikariDataSource                 - HikariPool-1 - Shutdown initiated...
2026-05-25 14:30:03,382 [SpringApplicationShutdownHook] INFO  com.zaxxer.hikari.HikariDataSource                 - HikariPool-1 - Shutdown completed.
2026-05-25 14:30:06,849 [background-preinit] INFO  o.h.validator.internal.util.Version                - HV000001: Hibernate Validator 8.0.2.Final
2026-05-25 14:30:06,881 [main] INFO  c.e.s.java.server.JavaServerApplication            - Starting JavaServerApplication using Java 21.0.10 with PID 22708 (E:\Programming\project\teamX-student-management\java-server\target\classes started by hp in E:\Programming\project\teamX-student-management\java-server)
2026-05-25 14:30:06,882 [main] INFO  c.e.s.java.server.JavaServerApplication            - No active profile set, falling back to 1 default profile: "default"
2026-05-25 14:30:07,255 [main] INFO  o.s.d.r.c.RepositoryConfigurationDelegate          - Multiple Spring Data modules found, entering strict repository configuration mode
2026-05-25 14:30:07,256 [main] INFO  o.s.d.r.c.RepositoryConfigurationDelegate          - Bootstrapping Spring Data JPA repositories in DEFAULT mode.
2026-05-25 14:30:07,344 [main] INFO  o.s.d.r.c.RepositoryConfigurationDelegate          - Finished Spring Data repository scanning in 83 ms. Found 18 JPA repository interfaces.
2026-05-25 14:30:07,354 [main] INFO  o.s.d.r.c.RepositoryConfigurationDelegate          - Multiple Spring Data modules found, entering strict repository configuration mode
2026-05-25 14:30:07,354 [main] INFO  o.s.d.r.c.RepositoryConfigurationDelegate          - Bootstrapping Spring Data Redis repositories in DEFAULT mode.
2026-05-25 14:30:07,362 [main] INFO  o.s.d.r.c.RepositoryConfigurationExtensionSupport  - Spring Data Redis - Could not safely identify store assignment for repository candidate interface cn.edu.sdu.java.server.repositorys.CourseRepository; If you want this repository to be a Redis repository, consider annotating your entities with one of these annotations: org.springframework.data.redis.core.RedisHash (preferred), or consider extending one of the following types with your repository: org.springframework.data.keyvalue.repository.KeyValueRepository
2026-05-25 14:30:07,362 [main] INFO  o.s.d.r.c.RepositoryConfigurationExtensionSupport  - Spring Data Redis - Could not safely identify store assignment for repository candidate interface cn.edu.sdu.java.server.repositorys.DictionaryInfoRepository; If you want this repository to be a Redis repository, consider annotating your entities with one of these annotations: org.springframework.data.redis.core.RedisHash (preferred), or consider extending one of the following types with your repository: org.springframework.data.keyvalue.repository.KeyValueRepository
2026-05-25 14:30:07,362 [main] INFO  o.s.d.r.c.RepositoryConfigurationExtensionSupport  - Spring Data Redis - Could not safely identify store assignment for repository candidate interface cn.edu.sdu.java.server.repositorys.FamilyMemberRepository; If you want this repository to be a Redis repository, consider annotating your entities with one of these annotations: org.springframework.data.redis.core.RedisHash (preferred), or consider extending one of the following types with your repository: org.springframework.data.keyvalue.repository.KeyValueRepository
2026-05-25 14:30:07,362 [main] INFO  o.s.d.r.c.RepositoryConfigurationExtensionSupport  - Spring Data Redis - Could not safely identify store assignment for repository candidate interface cn.edu.sdu.java.server.repositorys.FeeRepository; If you want this repository to be a Redis repository, consider annotating your entities with one of these annotations: org.springframework.data.redis.core.RedisHash (preferred), or consider extending one of the following types with your repository: org.springframework.data.keyvalue.repository.KeyValueRepository
2026-05-25 14:30:07,362 [main] INFO  o.s.d.r.c.RepositoryConfigurationExtensionSupport  - Spring Data Redis - Could not safely identify store assignment for repository candidate interface cn.edu.sdu.java.server.repositorys.HomeworkRepository; If you want this repository to be a Redis repository, consider annotating your entities with one of these annotations: org.springframework.data.redis.core.RedisHash (preferred), or consider extending one of the following types with your repository: org.springframework.data.keyvalue.repository.KeyValueRepository
2026-05-25 14:30:07,363 [main] INFO  o.s.d.r.c.RepositoryConfigurationExtensionSupport  - Spring Data Redis - Could not safely identify store assignment for repository candidate interface cn.edu.sdu.java.server.repositorys.MenuInfoRepository; If you want this repository to be a Redis repository, consider annotating your entities with one of these annotations: org.springframework.data.redis.core.RedisHash (preferred), or consider extending one of the following types with your repository: org.springframework.data.keyvalue.repository.KeyValueRepository
2026-05-25 14:30:07,363 [main] INFO  o.s.d.r.c.RepositoryConfigurationExtensionSupport  - Spring Data Redis - Could not safely identify store assignment for repository candidate interface cn.edu.sdu.java.server.repositorys.ModifyLogRepository; If you want this repository to be a Redis repository, consider annotating your entities with one of these annotations: org.springframework.data.redis.core.RedisHash (preferred), or consider extending one of the following types with your repository: org.springframework.data.keyvalue.repository.KeyValueRepository
2026-05-25 14:30:07,363 [main] INFO  o.s.d.r.c.RepositoryConfigurationExtensionSupport  - Spring Data Redis - Could not safely identify store assignment for repository candidate interface cn.edu.sdu.java.server.repositorys.PersonRepository; If you want this repository to be a Redis repository, consider annotating your entities with one of these annotations: org.springframework.data.redis.core.RedisHash (preferred), or consider extending one of the following types with your repository: org.springframework.data.keyvalue.repository.KeyValueRepository
2026-05-25 14:30:07,363 [main] INFO  o.s.d.r.c.RepositoryConfigurationExtensionSupport  - Spring Data Redis - Could not safely identify store assignment for repository candidate interface cn.edu.sdu.java.server.repositorys.ScoreRepository; If you want this repository to be a Redis repository, consider annotating your entities with one of these annotations: org.springframework.data.redis.core.RedisHash (preferred), or consider extending one of the following types with your repository: org.springframework.data.keyvalue.repository.KeyValueRepository
2026-05-25 14:30:07,363 [main] INFO  o.s.d.r.c.RepositoryConfigurationExtensionSupport  - Spring Data Redis - Could not safely identify store assignment for repository candidate interface cn.edu.sdu.java.server.repositorys.StatisticsDayRepository; If you want this repository to be a Redis repository, consider annotating your entities with one of these annotations: org.springframework.data.redis.core.RedisHash (preferred), or consider extending one of the following types with your repository: org.springframework.data.keyvalue.repository.KeyValueRepository
2026-05-25 14:30:07,363 [main] INFO  o.s.d.r.c.RepositoryConfigurationExtensionSupport  - Spring Data Redis - Could not safely identify store assignment for repository candidate interface cn.edu.sdu.java.server.repositorys.StudentCourseRepository; If you want this repository to be a Redis repository, consider annotating your entities with one of these annotations: org.springframework.data.redis.core.RedisHash (preferred), or consider extending one of the following types with your repository: org.springframework.data.keyvalue.repository.KeyValueRepository
2026-05-25 14:30:07,364 [main] INFO  o.s.d.r.c.RepositoryConfigurationExtensionSupport  - Spring Data Redis - Could not safely identify store assignment for repository candidate interface cn.edu.sdu.java.server.repositorys.StudentLeaveRepository; If you want this repository to be a Redis repository, consider annotating your entities with one of these annotations: org.springframework.data.redis.core.RedisHash (preferred), or consider extending one of the following types with your repository: org.springframework.data.keyvalue.repository.KeyValueRepository
2026-05-25 14:30:07,364 [main] INFO  o.s.d.r.c.RepositoryConfigurationExtensionSupport  - Spring Data Redis - Could not safely identify store assignment for repository candidate interface cn.edu.sdu.java.server.repositorys.StudentRepository; If you want this repository to be a Redis repository, consider annotating your entities with one of these annotations: org.springframework.data.redis.core.RedisHash (preferred), or consider extending one of the following types with your repository: org.springframework.data.keyvalue.repository.KeyValueRepository
2026-05-25 14:30:07,364 [main] INFO  o.s.d.r.c.RepositoryConfigurationExtensionSupport  - Spring Data Redis - Could not safely identify store assignment for repository candidate interface cn.edu.sdu.java.server.repositorys.StudentStatisticsRepository; If you want this repository to be a Redis repository, consider annotating your entities with one of these annotations: org.springframework.data.redis.core.RedisHash (preferred), or consider extending one of the following types with your repository: org.springframework.data.keyvalue.repository.KeyValueRepository
2026-05-25 14:30:07,364 [main] INFO  o.s.d.r.c.RepositoryConfigurationExtensionSupport  - Spring Data Redis - Could not safely identify store assignment for repository candidate interface cn.edu.sdu.java.server.repositorys.SystemInfoRepository; If you want this repository to be a Redis repository, consider annotating your entities with one of these annotations: org.springframework.data.redis.core.RedisHash (preferred), or consider extending one of the following types with your repository: org.springframework.data.keyvalue.repository.KeyValueRepository
2026-05-25 14:30:07,364 [main] INFO  o.s.d.r.c.RepositoryConfigurationExtensionSupport  - Spring Data Redis - Could not safely identify store assignment for repository candidate interface cn.edu.sdu.java.server.repositorys.TeacherRepository; If you want this repository to be a Redis repository, consider annotating your entities with one of these annotations: org.springframework.data.redis.core.RedisHash (preferred), or consider extending one of the following types with your repository: org.springframework.data.keyvalue.repository.KeyValueRepository
2026-05-25 14:30:07,364 [main] INFO  o.s.d.r.c.RepositoryConfigurationExtensionSupport  - Spring Data Redis - Could not safely identify store assignment for repository candidate interface cn.edu.sdu.java.server.repositorys.UserRepository; If you want this repository to be a Redis repository, consider annotating your entities with one of these annotations: org.springframework.data.redis.core.RedisHash (preferred), or consider extending one of the following types with your repository: org.springframework.data.keyvalue.repository.KeyValueRepository
2026-05-25 14:30:07,364 [main] INFO  o.s.d.r.c.RepositoryConfigurationExtensionSupport  - Spring Data Redis - Could not safely identify store assignment for repository candidate interface cn.edu.sdu.java.server.repositorys.UserTypeRepository; If you want this repository to be a Redis repository, consider annotating your entities with one of these annotations: org.springframework.data.redis.core.RedisHash (preferred), or consider extending one of the following types with your repository: org.springframework.data.keyvalue.repository.KeyValueRepository
2026-05-25 14:30:07,365 [main] INFO  o.s.d.r.c.RepositoryConfigurationDelegate          - Finished Spring Data repository scanning in 5 ms. Found 0 Redis repository interfaces.
2026-05-25 14:30:07,627 [main] INFO  o.s.b.w.embedded.tomcat.TomcatWebServer            - Tomcat initialized with port 22224 (http)
2026-05-25 14:30:07,633 [main] INFO  o.apache.coyote.http11.Http11NioProtocol           - Initializing ProtocolHandler ["http-nio-22224"]
2026-05-25 14:30:07,633 [main] INFO  o.apache.catalina.core.StandardService             - Starting service [Tomcat]
2026-05-25 14:30:07,633 [main] INFO  org.apache.catalina.core.StandardEngine            - Starting Servlet engine: [Apache Tomcat/10.1.34]
2026-05-25 14:30:07,661 [main] INFO  o.a.c.c.C.[Tomcat].[localhost].[/]                 - Initializing Spring embedded WebApplicationContext
2026-05-25 14:30:07,661 [main] INFO  o.s.b.w.s.c.ServletWebServerApplicationContext     - Root WebApplicationContext: initialization completed in 755 ms
2026-05-25 14:30:07,709 [main] INFO  com.zaxxer.hikari.HikariDataSource                 - HikariPool-1 - Starting...
2026-05-25 14:30:12,333 [main] INFO  com.zaxxer.hikari.pool.HikariPool                  - HikariPool-1 - Added connection com.mysql.cj.jdbc.ConnectionImpl@47a3d56a
2026-05-25 14:30:12,334 [main] INFO  com.zaxxer.hikari.HikariDataSource                 - HikariPool-1 - Start completed.
2026-05-25 14:30:12,356 [main] INFO  o.hibernate.jpa.internal.util.LogHelper            - HHH000204: Processing PersistenceUnitInfo [name: default]
2026-05-25 14:30:12,378 [main] INFO  org.hibernate.Version                              - HHH000412: Hibernate ORM core version 6.6.5.Final
2026-05-25 14:30:12,391 [main] INFO  o.h.c.internal.RegionFactoryInitiator              - HHH000026: Second-level cache disabled
2026-05-25 14:30:12,496 [main] INFO  o.s.o.j.p.SpringPersistenceUnitInfo                - No LoadTimeWeaver setup: ignoring JPA class transformer
2026-05-25 14:30:12,554 [main] INFO  org.hibernate.orm.connections.pooling              - HHH10001005: Database info:
	Database JDBC URL [Connecting through datasource 'HikariDataSource (HikariPool-1)']
	Database driver: undefined/unknown
	Database version: 8.0.35
	Autocommit mode: undefined/unknown
	Isolation level: undefined/unknown
	Minimum pool size: undefined/unknown
	Maximum pool size: undefined/unknown
2026-05-25 14:30:13,105 [main] INFO  o.h.e.t.j.p.i.JtaPlatformInitiator                 - HHH000489: No JTA platform available (set 'hibernate.transaction.jta.platform' to enable JTA platform integration)
2026-05-25 14:30:13,107 [main] INFO  o.s.o.j.LocalContainerEntityManagerFactoryBean     - Initialized JPA EntityManagerFactory for persistence unit 'default'
2026-05-25 14:30:13,229 [main] INFO  o.s.d.j.r.query.QueryEnhancerFactory               - Hibernate is in classpath; If applicable, HQL parser will be used.
2026-05-25 14:30:13,564 [main] WARN  o.s.b.a.o.j.JpaBaseConfiguration$JpaWebConfiguration - spring.jpa.open-in-view is enabled by default. Therefore, database queries may be performed during view rendering. Explicitly configure spring.jpa.open-in-view to disable this warning
2026-05-25 14:30:13,706 [main] INFO  o.s.s.c.a.a.c.InitializeAuthenticationProviderBeanManagerConfigurer$InitializeAuthenticationProviderManagerConfigurer - Global AuthenticationManager configured with AuthenticationProvider bean with name authenticationProvider
2026-05-25 14:30:13,706 [main] WARN  o.s.s.c.a.a.c.InitializeUserDetailsBeanManagerConfigurer$InitializeUserDetailsManagerConfigurer - Global AuthenticationManager configured with an AuthenticationProvider bean. UserDetailsService beans will not be used by Spring Security for automatically configuring username/password login. Consider removing the AuthenticationProvider bean. Alternatively, consider using the UserDetailsService in a manually instantiated DaoAuthenticationProvider. If the current configuration is intentional, to turn off this warning, increase the logging level of 'org.springframework.security.config.annotation.authentication.configuration.InitializeUserDetailsBeanManagerConfigurer' to ERROR
2026-05-25 14:30:14,129 [main] INFO  o.s.b.a.w.s.WelcomePageHandlerMapping              - Adding welcome page: class path resource [public/index.html]
2026-05-25 14:30:14,434 [main] INFO  o.apache.coyote.http11.Http11NioProtocol           - Starting ProtocolHandler ["http-nio-22224"]
2026-05-25 14:30:14,442 [main] INFO  o.s.b.w.embedded.tomcat.TomcatWebServer            - Tomcat started on port 22224 (http) with context path '/'
2026-05-25 14:30:14,446 [main] INFO  c.e.s.java.server.JavaServerApplication            - Started JavaServerApplication in 7.864 seconds (process running for 8.197)
2026-05-25 14:30:14,447 [main] INFO  c.e.s.j.server.SystemApplicationListener           - org.springframework.boot.context.event.ApplicationReadyEvent[source=org.springframework.boot.SpringApplication@23d0a0]
2026-05-25 14:30:14,447 [main] INFO  c.e.s.j.server.SystemApplicationListener           - SystemInitStart
2026-05-25 14:30:14,548 [main] INFO  c.e.s.j.server.SystemApplicationListener           - systemInitEnd
2026-05-25 14:30:20,540 [http-nio-22224-exec-3] INFO  o.a.c.c.C.[Tomcat].[localhost].[/]                 - Initializing Spring DispatcherServlet 'dispatcherServlet'
2026-05-25 14:30:20,540 [http-nio-22224-exec-3] INFO  o.s.web.servlet.DispatcherServlet                  - Initializing Servlet 'dispatcherServlet'
2026-05-25 14:30:20,541 [http-nio-22224-exec-3] INFO  o.s.web.servlet.DispatcherServlet                  - Completed initialization in 1 ms
2026-05-25 14:30:20,913 [http-nio-22224-exec-9] INFO  c.e.s.j.s.c.JwtAuthenticationFilter                - /api/base/getDataBaseUserName,2022030001,2026-05-25 14:30:20,0.036
2026-05-25 14:30:20,998 [http-nio-22224-exec-4] INFO  c.e.s.j.s.c.JwtAuthenticationFilter                - /api/base/getMenuList,2022030001,2026-05-25 14:30:20,0.08
2026-05-25 14:30:24,162 [http-nio-22224-exec-5] INFO  c.e.s.j.s.c.JwtAuthenticationFilter                - /api/studentCourse/getTeacherItemOptionList,2022030001,2026-05-25 14:30:24,0.048
2026-05-25 14:30:24,212 [http-nio-22224-exec-6] INFO  c.e.s.j.s.c.JwtAuthenticationFilter                - /api/studentCourse/getCourseList,2022030001,2026-05-25 14:30:24,0.044
2026-05-25 14:38:23,583 [http-nio-22224-exec-9] INFO  c.e.s.j.s.c.JwtAuthenticationFilter                - /api/base/getDataBaseUserName,admin,2026-05-25 14:38:23,0.018
2026-05-25 14:38:23,681 [http-nio-22224-exec-4] INFO  c.e.s.j.s.c.JwtAuthenticationFilter                - /api/base/getMenuList,admin,2026-05-25 14:38:23,0.093
2026-05-25 14:38:28,436 [http-nio-22224-exec-5] INFO  c.e.s.j.s.c.JwtAuthenticationFilter                - /api/course/getCourseList,admin,2026-05-25 14:38:28,0.045
2026-05-25 14:38:42,290 [http-nio-22224-exec-1] INFO  c.e.s.j.s.c.JwtAuthenticationFilter                - /api/score/getStudentItemOptionList,admin,2026-05-25 14:38:42,0.055
2026-05-25 14:38:42,342 [http-nio-22224-exec-8] INFO  c.e.s.j.s.c.JwtAuthenticationFilter                - /api/score/getCourseItemOptionList,admin,2026-05-25 14:38:42,0.047
2026-05-25 14:38:42,390 [http-nio-22224-exec-10] INFO  c.e.s.j.s.c.JwtAuthenticationFilter                - /api/score/getScoreList,admin,2026-05-25 14:38:42,0.041
2026-05-25 14:48:45,375 [http-nio-22224-exec-3] INFO  c.e.s.j.s.c.JwtAuthenticationFilter                - /api/base/getDataBaseUserName,admin,2026-05-25 14:48:45,0.076
2026-05-25 14:48:45,467 [http-nio-22224-exec-4] INFO  c.e.s.j.s.c.JwtAuthenticationFilter                - /api/base/getMenuList,admin,2026-05-25 14:48:45,0.088
2026-05-25 14:58:13,199 [http-nio-22224-exec-7] INFO  c.e.s.j.s.c.JwtAuthenticationFilter                - /api/base/getMenuTreeNodeList,admin,2026-05-25 14:58:13,0.131
2026-05-25 15:00:59,576 [http-nio-22224-exec-8] INFO  c.e.s.j.s.c.JwtAuthenticationFilter                - /api/base/menuSave,admin,2026-05-25 15:00:59,0.324
2026-05-25 15:06:41,099 [SpringApplicationShutdownHook] INFO  o.s.b.w.embedded.tomcat.GracefulShutdown           - Commencing graceful shutdown. Waiting for active requests to complete
2026-05-25 15:06:41,104 [tomcat-shutdown] INFO  o.s.b.w.embedded.tomcat.GracefulShutdown           - Graceful shutdown complete
2026-05-25 15:06:41,116 [SpringApplicationShutdownHook] INFO  o.s.o.j.LocalContainerEntityManagerFactoryBean     - Closing JPA EntityManagerFactory for persistence unit 'default'
2026-05-25 15:06:41,117 [SpringApplicationShutdownHook] INFO  com.zaxxer.hikari.HikariDataSource                 - HikariPool-1 - Shutdown initiated...
2026-05-25 15:06:41,118 [SpringApplicationShutdownHook] INFO  com.zaxxer.hikari.HikariDataSource                 - HikariPool-1 - Shutdown completed.
2026-05-25 15:51:42,925 [background-preinit] INFO  o.h.validator.internal.util.Version                - HV000001: Hibernate Validator 8.0.2.Final
2026-05-25 15:51:42,951 [main] INFO  c.e.s.java.server.JavaServerApplication            - Starting JavaServerApplication using Java 21.0.10 with PID 29444 (E:\Programming\project\teamX-student-management\java-server\target\classes started by hp in E:\Programming\project\teamX-student-management\java-server)
2026-05-25 15:51:42,952 [main] INFO  c.e.s.java.server.JavaServerApplication            - No active profile set, falling back to 1 default profile: "default"
2026-05-25 15:51:43,326 [main] INFO  o.s.d.r.c.RepositoryConfigurationDelegate          - Multiple Spring Data modules found, entering strict repository configuration mode
2026-05-25 15:51:43,327 [main] INFO  o.s.d.r.c.RepositoryConfigurationDelegate          - Bootstrapping Spring Data JPA repositories in DEFAULT mode.
2026-05-25 15:51:43,414 [main] INFO  o.s.d.r.c.RepositoryConfigurationDelegate          - Finished Spring Data repository scanning in 83 ms. Found 19 JPA repository interfaces.
2026-05-25 15:51:43,424 [main] INFO  o.s.d.r.c.RepositoryConfigurationDelegate          - Multiple Spring Data modules found, entering strict repository configuration mode
2026-05-25 15:51:43,424 [main] INFO  o.s.d.r.c.RepositoryConfigurationDelegate          - Bootstrapping Spring Data Redis repositories in DEFAULT mode.
2026-05-25 15:51:43,432 [main] INFO  o.s.d.r.c.RepositoryConfigurationExtensionSupport  - Spring Data Redis - Could not safely identify store assignment for repository candidate interface cn.edu.sdu.java.server.repositorys.CourseRepository; If you want this repository to be a Redis repository, consider annotating your entities with one of these annotations: org.springframework.data.redis.core.RedisHash (preferred), or consider extending one of the following types with your repository: org.springframework.data.keyvalue.repository.KeyValueRepository
2026-05-25 15:51:43,432 [main] INFO  o.s.d.r.c.RepositoryConfigurationExtensionSupport  - Spring Data Redis - Could not safely identify store assignment for repository candidate interface cn.edu.sdu.java.server.repositorys.DictionaryInfoRepository; If you want this repository to be a Redis repository, consider annotating your entities with one of these annotations: org.springframework.data.redis.core.RedisHash (preferred), or consider extending one of the following types with your repository: org.springframework.data.keyvalue.repository.KeyValueRepository
2026-05-25 15:51:43,432 [main] INFO  o.s.d.r.c.RepositoryConfigurationExtensionSupport  - Spring Data Redis - Could not safely identify store assignment for repository candidate interface cn.edu.sdu.java.server.repositorys.FamilyMemberRepository; If you want this repository to be a Redis repository, consider annotating your entities with one of these annotations: org.springframework.data.redis.core.RedisHash (preferred), or consider extending one of the following types with your repository: org.springframework.data.keyvalue.repository.KeyValueRepository
2026-05-25 15:51:43,432 [main] INFO  o.s.d.r.c.RepositoryConfigurationExtensionSupport  - Spring Data Redis - Could not safely identify store assignment for repository candidate interface cn.edu.sdu.java.server.repositorys.FeeRepository; If you want this repository to be a Redis repository, consider annotating your entities with one of these annotations: org.springframework.data.redis.core.RedisHash (preferred), or consider extending one of the following types with your repository: org.springframework.data.keyvalue.repository.KeyValueRepository
2026-05-25 15:51:43,432 [main] INFO  o.s.d.r.c.RepositoryConfigurationExtensionSupport  - Spring Data Redis - Could not safely identify store assignment for repository candidate interface cn.edu.sdu.java.server.repositorys.HomeworkRepository; If you want this repository to be a Redis repository, consider annotating your entities with one of these annotations: org.springframework.data.redis.core.RedisHash (preferred), or consider extending one of the following types with your repository: org.springframework.data.keyvalue.repository.KeyValueRepository
2026-05-25 15:51:43,432 [main] INFO  o.s.d.r.c.RepositoryConfigurationExtensionSupport  - Spring Data Redis - Could not safely identify store assignment for repository candidate interface cn.edu.sdu.java.server.repositorys.MenuInfoRepository; If you want this repository to be a Redis repository, consider annotating your entities with one of these annotations: org.springframework.data.redis.core.RedisHash (preferred), or consider extending one of the following types with your repository: org.springframework.data.keyvalue.repository.KeyValueRepository
2026-05-25 15:51:43,432 [main] INFO  o.s.d.r.c.RepositoryConfigurationExtensionSupport  - Spring Data Redis - Could not safely identify store assignment for repository candidate interface cn.edu.sdu.java.server.repositorys.ModifyLogRepository; If you want this repository to be a Redis repository, consider annotating your entities with one of these annotations: org.springframework.data.redis.core.RedisHash (preferred), or consider extending one of the following types with your repository: org.springframework.data.keyvalue.repository.KeyValueRepository
2026-05-25 15:51:43,433 [main] INFO  o.s.d.r.c.RepositoryConfigurationExtensionSupport  - Spring Data Redis - Could not safely identify store assignment for repository candidate interface cn.edu.sdu.java.server.repositorys.PersonRepository; If you want this repository to be a Redis repository, consider annotating your entities with one of these annotations: org.springframework.data.redis.core.RedisHash (preferred), or consider extending one of the following types with your repository: org.springframework.data.keyvalue.repository.KeyValueRepository
2026-05-25 15:51:43,433 [main] INFO  o.s.d.r.c.RepositoryConfigurationExtensionSupport  - Spring Data Redis - Could not safely identify store assignment for repository candidate interface cn.edu.sdu.java.server.repositorys.ScoreRepository; If you want this repository to be a Redis repository, consider annotating your entities with one of these annotations: org.springframework.data.redis.core.RedisHash (preferred), or consider extending one of the following types with your repository: org.springframework.data.keyvalue.repository.KeyValueRepository
2026-05-25 15:51:43,433 [main] INFO  o.s.d.r.c.RepositoryConfigurationExtensionSupport  - Spring Data Redis - Could not safely identify store assignment for repository candidate interface cn.edu.sdu.java.server.repositorys.StatisticsDayRepository; If you want this repository to be a Redis repository, consider annotating your entities with one of these annotations: org.springframework.data.redis.core.RedisHash (preferred), or consider extending one of the following types with your repository: org.springframework.data.keyvalue.repository.KeyValueRepository
2026-05-25 15:51:43,433 [main] INFO  o.s.d.r.c.RepositoryConfigurationExtensionSupport  - Spring Data Redis - Could not safely identify store assignment for repository candidate interface cn.edu.sdu.java.server.repositorys.StudentCourseRepository; If you want this repository to be a Redis repository, consider annotating your entities with one of these annotations: org.springframework.data.redis.core.RedisHash (preferred), or consider extending one of the following types with your repository: org.springframework.data.keyvalue.repository.KeyValueRepository
2026-05-25 15:51:43,433 [main] INFO  o.s.d.r.c.RepositoryConfigurationExtensionSupport  - Spring Data Redis - Could not safely identify store assignment for repository candidate interface cn.edu.sdu.java.server.repositorys.StudentLeaveRepository; If you want this repository to be a Redis repository, consider annotating your entities with one of these annotations: org.springframework.data.redis.core.RedisHash (preferred), or consider extending one of the following types with your repository: org.springframework.data.keyvalue.repository.KeyValueRepository
2026-05-25 15:51:43,433 [main] INFO  o.s.d.r.c.RepositoryConfigurationExtensionSupport  - Spring Data Redis - Could not safely identify store assignment for repository candidate interface cn.edu.sdu.java.server.repositorys.StudentRepository; If you want this repository to be a Redis repository, consider annotating your entities with one of these annotations: org.springframework.data.redis.core.RedisHash (preferred), or consider extending one of the following types with your repository: org.springframework.data.keyvalue.repository.KeyValueRepository
2026-05-25 15:51:43,433 [main] INFO  o.s.d.r.c.RepositoryConfigurationExtensionSupport  - Spring Data Redis - Could not safely identify store assignment for repository candidate interface cn.edu.sdu.java.server.repositorys.StudentStatisticsRepository; If you want this repository to be a Redis repository, consider annotating your entities with one of these annotations: org.springframework.data.redis.core.RedisHash (preferred), or consider extending one of the following types with your repository: org.springframework.data.keyvalue.repository.KeyValueRepository
2026-05-25 15:51:43,433 [main] INFO  o.s.d.r.c.RepositoryConfigurationExtensionSupport  - Spring Data Redis - Could not safely identify store assignment for repository candidate interface cn.edu.sdu.java.server.repositorys.SystemInfoRepository; If you want this repository to be a Redis repository, consider annotating your entities with one of these annotations: org.springframework.data.redis.core.RedisHash (preferred), or consider extending one of the following types with your repository: org.springframework.data.keyvalue.repository.KeyValueRepository
2026-05-25 15:51:43,433 [main] INFO  o.s.d.r.c.RepositoryConfigurationExtensionSupport  - Spring Data Redis - Could not safely identify store assignment for repository candidate interface cn.edu.sdu.java.server.repositorys.TeacherRepository; If you want this repository to be a Redis repository, consider annotating your entities with one of these annotations: org.springframework.data.redis.core.RedisHash (preferred), or consider extending one of the following types with your repository: org.springframework.data.keyvalue.repository.KeyValueRepository
2026-05-25 15:51:43,433 [main] INFO  o.s.d.r.c.RepositoryConfigurationExtensionSupport  - Spring Data Redis - Could not safely identify store assignment for repository candidate interface cn.edu.sdu.java.server.repositorys.UserRepository; If you want this repository to be a Redis repository, consider annotating your entities with one of these annotations: org.springframework.data.redis.core.RedisHash (preferred), or consider extending one of the following types with your repository: org.springframework.data.keyvalue.repository.KeyValueRepository
2026-05-25 15:51:43,434 [main] INFO  o.s.d.r.c.RepositoryConfigurationExtensionSupport  - Spring Data Redis - Could not safely identify store assignment for repository candidate interface cn.edu.sdu.java.server.repositorys.UserTypeRepository; If you want this repository to be a Redis repository, consider annotating your entities with one of these annotations: org.springframework.data.redis.core.RedisHash (preferred), or consider extending one of the following types with your repository: org.springframework.data.keyvalue.repository.KeyValueRepository
2026-05-25 15:51:43,434 [main] INFO  o.s.d.r.c.RepositoryConfigurationExtensionSupport  - Spring Data Redis - Could not safely identify store assignment for repository candidate interface cn.edu.sdu.java.server.repositorys.WebsiteRepository; If you want this repository to be a Redis repository, consider annotating your entities with one of these annotations: org.springframework.data.redis.core.RedisHash (preferred), or consider extending one of the following types with your repository: org.springframework.data.keyvalue.repository.KeyValueRepository
2026-05-25 15:51:43,434 [main] INFO  o.s.d.r.c.RepositoryConfigurationDelegate          - Finished Spring Data repository scanning in 5 ms. Found 0 Redis repository interfaces.
2026-05-25 15:51:43,692 [main] INFO  o.s.b.w.embedded.tomcat.TomcatWebServer            - Tomcat initialized with port 22224 (http)
2026-05-25 15:51:43,697 [main] INFO  o.apache.coyote.http11.Http11NioProtocol           - Initializing ProtocolHandler ["http-nio-22224"]
2026-05-25 15:51:43,698 [main] INFO  o.apache.catalina.core.StandardService             - Starting service [Tomcat]
2026-05-25 15:51:43,698 [main] INFO  org.apache.catalina.core.StandardEngine            - Starting Servlet engine: [Apache Tomcat/10.1.34]
2026-05-25 15:51:43,725 [main] INFO  o.a.c.c.C.[Tomcat].[localhost].[/]                 - Initializing Spring embedded WebApplicationContext
2026-05-25 15:51:43,725 [main] INFO  o.s.b.w.s.c.ServletWebServerApplicationContext     - Root WebApplicationContext: initialization completed in 750 ms
2026-05-25 15:51:43,775 [main] INFO  com.zaxxer.hikari.HikariDataSource                 - HikariPool-1 - Starting...
2026-05-25 15:51:48,398 [main] INFO  com.zaxxer.hikari.pool.HikariPool                  - HikariPool-1 - Added connection com.mysql.cj.jdbc.ConnectionImpl@595fed99
2026-05-25 15:51:48,399 [main] INFO  com.zaxxer.hikari.HikariDataSource                 - HikariPool-1 - Start completed.
2026-05-25 15:51:48,422 [main] INFO  o.hibernate.jpa.internal.util.LogHelper            - HHH000204: Processing PersistenceUnitInfo [name: default]
2026-05-25 15:51:48,446 [main] INFO  org.hibernate.Version                              - HHH000412: Hibernate ORM core version 6.6.5.Final
2026-05-25 15:51:48,461 [main] INFO  o.h.c.internal.RegionFactoryInitiator              - HHH000026: Second-level cache disabled
2026-05-25 15:51:48,577 [main] INFO  o.s.o.j.p.SpringPersistenceUnitInfo                - No LoadTimeWeaver setup: ignoring JPA class transformer
2026-05-25 15:51:48,634 [main] INFO  org.hibernate.orm.connections.pooling              - HHH10001005: Database info:
	Database JDBC URL [Connecting through datasource 'HikariDataSource (HikariPool-1)']
	Database driver: undefined/unknown
	Database version: 8.0.35
	Autocommit mode: undefined/unknown
	Isolation level: undefined/unknown
	Minimum pool size: undefined/unknown
	Maximum pool size: undefined/unknown
2026-05-25 15:51:49,174 [main] INFO  o.h.e.t.j.p.i.JtaPlatformInitiator                 - HHH000489: No JTA platform available (set 'hibernate.transaction.jta.platform' to enable JTA platform integration)
2026-05-25 15:51:49,176 [main] INFO  o.s.o.j.LocalContainerEntityManagerFactoryBean     - Initialized JPA EntityManagerFactory for persistence unit 'default'
2026-05-25 15:51:49,313 [main] INFO  o.s.d.j.r.query.QueryEnhancerFactory               - Hibernate is in classpath; If applicable, HQL parser will be used.
2026-05-25 15:51:49,641 [main] WARN  o.s.b.a.o.j.JpaBaseConfiguration$JpaWebConfiguration - spring.jpa.open-in-view is enabled by default. Therefore, database queries may be performed during view rendering. Explicitly configure spring.jpa.open-in-view to disable this warning
2026-05-25 15:51:49,779 [main] INFO  o.s.s.c.a.a.c.InitializeAuthenticationProviderBeanManagerConfigurer$InitializeAuthenticationProviderManagerConfigurer - Global AuthenticationManager configured with AuthenticationProvider bean with name authenticationProvider
2026-05-25 15:51:49,779 [main] WARN  o.s.s.c.a.a.c.InitializeUserDetailsBeanManagerConfigurer$InitializeUserDetailsManagerConfigurer - Global AuthenticationManager configured with an AuthenticationProvider bean. UserDetailsService beans will not be used by Spring Security for automatically configuring username/password login. Consider removing the AuthenticationProvider bean. Alternatively, consider using the UserDetailsService in a manually instantiated DaoAuthenticationProvider. If the current configuration is intentional, to turn off this warning, increase the logging level of 'org.springframework.security.config.annotation.authentication.configuration.InitializeUserDetailsBeanManagerConfigurer' to ERROR
2026-05-25 15:51:50,192 [main] INFO  o.s.b.a.w.s.WelcomePageHandlerMapping              - Adding welcome page: class path resource [public/index.html]
2026-05-25 15:51:50,484 [main] INFO  o.apache.coyote.http11.Http11NioProtocol           - Starting ProtocolHandler ["http-nio-22224"]
2026-05-25 15:51:50,493 [main] INFO  o.s.b.w.embedded.tomcat.TomcatWebServer            - Tomcat started on port 22224 (http) with context path '/'
2026-05-25 15:51:50,498 [main] INFO  c.e.s.java.server.JavaServerApplication            - Started JavaServerApplication in 7.836 seconds (process running for 8.164)
2026-05-25 15:51:50,500 [main] INFO  c.e.s.j.server.SystemApplicationListener           - org.springframework.boot.context.event.ApplicationReadyEvent[source=org.springframework.boot.SpringApplication@624b0e1b]
2026-05-25 15:51:50,500 [main] INFO  c.e.s.j.server.SystemApplicationListener           - SystemInitStart
2026-05-25 15:51:50,605 [main] INFO  c.e.s.j.server.SystemApplicationListener           - systemInitEnd
2026-05-25 15:51:57,527 [http-nio-22224-exec-1] INFO  o.a.c.c.C.[Tomcat].[localhost].[/]                 - Initializing Spring DispatcherServlet 'dispatcherServlet'
2026-05-25 15:51:57,527 [http-nio-22224-exec-1] INFO  o.s.web.servlet.DispatcherServlet                  - Initializing Servlet 'dispatcherServlet'
2026-05-25 15:51:57,528 [http-nio-22224-exec-1] INFO  o.s.web.servlet.DispatcherServlet                  - Completed initialization in 0 ms
2026-05-25 15:51:58,004 [http-nio-22224-exec-2] INFO  c.e.s.j.s.c.JwtAuthenticationFilter                - /api/base/getDataBaseUserName,2022030001,2026-05-25 15:51:57,0.032
2026-05-25 15:51:58,100 [http-nio-22224-exec-3] INFO  c.e.s.j.s.c.JwtAuthenticationFilter                - /api/base/getMenuList,2022030001,2026-05-25 15:51:58,0.09
2026-05-25 15:52:01,773 [http-nio-22224-exec-4] INFO  c.e.s.j.s.c.JwtAuthenticationFilter                - /api/website/getWebsites,2022030001,2026-05-25 15:52:01,0.051
2026-05-25 15:52:28,631 [SpringApplicationShutdownHook] INFO  o.s.b.w.embedded.tomcat.GracefulShutdown           - Commencing graceful shutdown. Waiting for active requests to complete
2026-05-25 15:52:28,634 [tomcat-shutdown] INFO  o.s.b.w.embedded.tomcat.GracefulShutdown           - Graceful shutdown complete
2026-05-25 15:52:28,645 [SpringApplicationShutdownHook] INFO  o.s.o.j.LocalContainerEntityManagerFactoryBean     - Closing JPA EntityManagerFactory for persistence unit 'default'
2026-05-25 15:52:28,646 [SpringApplicationShutdownHook] INFO  com.zaxxer.hikari.HikariDataSource                 - HikariPool-1 - Shutdown initiated...
2026-05-25 15:52:28,648 [SpringApplicationShutdownHook] INFO  com.zaxxer.hikari.HikariDataSource                 - HikariPool-1 - Shutdown completed.
2026-05-25 17:41:46,653 [background-preinit] INFO  o.h.validator.internal.util.Version                - HV000001: Hibernate Validator 8.0.2.Final
2026-05-25 17:41:46,689 [main] INFO  c.e.s.java.server.JavaServerApplication            - Starting JavaServerApplication using Java 21.0.10 with PID 15072 (E:\Programming\project\teamX-student-management\java-server\target\classes started by hp in E:\Programming\project\teamX-student-management\java-server)
2026-05-25 17:41:46,690 [main] INFO  c.e.s.java.server.JavaServerApplication            - No active profile set, falling back to 1 default profile: "default"
2026-05-25 17:41:47,215 [main] INFO  o.s.d.r.c.RepositoryConfigurationDelegate          - Multiple Spring Data modules found, entering strict repository configuration mode
2026-05-25 17:41:47,216 [main] INFO  o.s.d.r.c.RepositoryConfigurationDelegate          - Bootstrapping Spring Data JPA repositories in DEFAULT mode.
2026-05-25 17:41:47,342 [main] INFO  o.s.d.r.c.RepositoryConfigurationDelegate          - Finished Spring Data repository scanning in 121 ms. Found 19 JPA repository interfaces.
2026-05-25 17:41:47,358 [main] INFO  o.s.d.r.c.RepositoryConfigurationDelegate          - Multiple Spring Data modules found, entering strict repository configuration mode
2026-05-25 17:41:47,358 [main] INFO  o.s.d.r.c.RepositoryConfigurationDelegate          - Bootstrapping Spring Data Redis repositories in DEFAULT mode.
2026-05-25 17:41:47,371 [main] INFO  o.s.d.r.c.RepositoryConfigurationExtensionSupport  - Spring Data Redis - Could not safely identify store assignment for repository candidate interface cn.edu.sdu.java.server.repositorys.CourseRepository; If you want this repository to be a Redis repository, consider annotating your entities with one of these annotations: org.springframework.data.redis.core.RedisHash (preferred), or consider extending one of the following types with your repository: org.springframework.data.keyvalue.repository.KeyValueRepository
2026-05-25 17:41:47,371 [main] INFO  o.s.d.r.c.RepositoryConfigurationExtensionSupport  - Spring Data Redis - Could not safely identify store assignment for repository candidate interface cn.edu.sdu.java.server.repositorys.DictionaryInfoRepository; If you want this repository to be a Redis repository, consider annotating your entities with one of these annotations: org.springframework.data.redis.core.RedisHash (preferred), or consider extending one of the following types with your repository: org.springframework.data.keyvalue.repository.KeyValueRepository
2026-05-25 17:41:47,371 [main] INFO  o.s.d.r.c.RepositoryConfigurationExtensionSupport  - Spring Data Redis - Could not safely identify store assignment for repository candidate interface cn.edu.sdu.java.server.repositorys.FamilyMemberRepository; If you want this repository to be a Redis repository, consider annotating your entities with one of these annotations: org.springframework.data.redis.core.RedisHash (preferred), or consider extending one of the following types with your repository: org.springframework.data.keyvalue.repository.KeyValueRepository
2026-05-25 17:41:47,371 [main] INFO  o.s.d.r.c.RepositoryConfigurationExtensionSupport  - Spring Data Redis - Could not safely identify store assignment for repository candidate interface cn.edu.sdu.java.server.repositorys.FeeRepository; If you want this repository to be a Redis repository, consider annotating your entities with one of these annotations: org.springframework.data.redis.core.RedisHash (preferred), or consider extending one of the following types with your repository: org.springframework.data.keyvalue.repository.KeyValueRepository
2026-05-25 17:41:47,371 [main] INFO  o.s.d.r.c.RepositoryConfigurationExtensionSupport  - Spring Data Redis - Could not safely identify store assignment for repository candidate interface cn.edu.sdu.java.server.repositorys.HomeworkRepository; If you want this repository to be a Redis repository, consider annotating your entities with one of these annotations: org.springframework.data.redis.core.RedisHash (preferred), or consider extending one of the following types with your repository: org.springframework.data.keyvalue.repository.KeyValueRepository
2026-05-25 17:41:47,372 [main] INFO  o.s.d.r.c.RepositoryConfigurationExtensionSupport  - Spring Data Redis - Could not safely identify store assignment for repository candidate interface cn.edu.sdu.java.server.repositorys.MenuInfoRepository; If you want this repository to be a Redis repository, consider annotating your entities with one of these annotations: org.springframework.data.redis.core.RedisHash (preferred), or consider extending one of the following types with your repository: org.springframework.data.keyvalue.repository.KeyValueRepository
2026-05-25 17:41:47,372 [main] INFO  o.s.d.r.c.RepositoryConfigurationExtensionSupport  - Spring Data Redis - Could not safely identify store assignment for repository candidate interface cn.edu.sdu.java.server.repositorys.ModifyLogRepository; If you want this repository to be a Redis repository, consider annotating your entities with one of these annotations: org.springframework.data.redis.core.RedisHash (preferred), or consider extending one of the following types with your repository: org.springframework.data.keyvalue.repository.KeyValueRepository
2026-05-25 17:41:47,372 [main] INFO  o.s.d.r.c.RepositoryConfigurationExtensionSupport  - Spring Data Redis - Could not safely identify store assignment for repository candidate interface cn.edu.sdu.java.server.repositorys.PersonRepository; If you want this repository to be a Redis repository, consider annotating your entities with one of these annotations: org.springframework.data.redis.core.RedisHash (preferred), or consider extending one of the following types with your repository: org.springframework.data.keyvalue.repository.KeyValueRepository
2026-05-25 17:41:47,373 [main] INFO  o.s.d.r.c.RepositoryConfigurationExtensionSupport  - Spring Data Redis - Could not safely identify store assignment for repository candidate interface cn.edu.sdu.java.server.repositorys.ScoreRepository; If you want this repository to be a Redis repository, consider annotating your entities with one of these annotations: org.springframework.data.redis.core.RedisHash (preferred), or consider extending one of the following types with your repository: org.springframework.data.keyvalue.repository.KeyValueRepository
2026-05-25 17:41:47,373 [main] INFO  o.s.d.r.c.RepositoryConfigurationExtensionSupport  - Spring Data Redis - Could not safely identify store assignment for repository candidate interface cn.edu.sdu.java.server.repositorys.StatisticsDayRepository; If you want this repository to be a Redis repository, consider annotating your entities with one of these annotations: org.springframework.data.redis.core.RedisHash (preferred), or consider extending one of the following types with your repository: org.springframework.data.keyvalue.repository.KeyValueRepository
2026-05-25 17:41:47,373 [main] INFO  o.s.d.r.c.RepositoryConfigurationExtensionSupport  - Spring Data Redis - Could not safely identify store assignment for repository candidate interface cn.edu.sdu.java.server.repositorys.StudentCourseRepository; If you want this repository to be a Redis repository, consider annotating your entities with one of these annotations: org.springframework.data.redis.core.RedisHash (preferred), or consider extending one of the following types with your repository: org.springframework.data.keyvalue.repository.KeyValueRepository
2026-05-25 17:41:47,373 [main] INFO  o.s.d.r.c.RepositoryConfigurationExtensionSupport  - Spring Data Redis - Could not safely identify store assignment for repository candidate interface cn.edu.sdu.java.server.repositorys.StudentLeaveRepository; If you want this repository to be a Redis repository, consider annotating your entities with one of these annotations: org.springframework.data.redis.core.RedisHash (preferred), or consider extending one of the following types with your repository: org.springframework.data.keyvalue.repository.KeyValueRepository
2026-05-25 17:41:47,373 [main] INFO  o.s.d.r.c.RepositoryConfigurationExtensionSupport  - Spring Data Redis - Could not safely identify store assignment for repository candidate interface cn.edu.sdu.java.server.repositorys.StudentRepository; If you want this repository to be a Redis repository, consider annotating your entities with one of these annotations: org.springframework.data.redis.core.RedisHash (preferred), or consider extending one of the following types with your repository: org.springframework.data.keyvalue.repository.KeyValueRepository
2026-05-25 17:41:47,373 [main] INFO  o.s.d.r.c.RepositoryConfigurationExtensionSupport  - Spring Data Redis - Could not safely identify store assignment for repository candidate interface cn.edu.sdu.java.server.repositorys.StudentStatisticsRepository; If you want this repository to be a Redis repository, consider annotating your entities with one of these annotations: org.springframework.data.redis.core.RedisHash (preferred), or consider extending one of the following types with your repository: org.springframework.data.keyvalue.repository.KeyValueRepository
2026-05-25 17:41:47,373 [main] INFO  o.s.d.r.c.RepositoryConfigurationExtensionSupport  - Spring Data Redis - Could not safely identify store assignment for repository candidate interface cn.edu.sdu.java.server.repositorys.SystemInfoRepository; If you want this repository to be a Redis repository, consider annotating your entities with one of these annotations: org.springframework.data.redis.core.RedisHash (preferred), or consider extending one of the following types with your repository: org.springframework.data.keyvalue.repository.KeyValueRepository
2026-05-25 17:41:47,373 [main] INFO  o.s.d.r.c.RepositoryConfigurationExtensionSupport  - Spring Data Redis - Could not safely identify store assignment for repository candidate interface cn.edu.sdu.java.server.repositorys.TeacherRepository; If you want this repository to be a Redis repository, consider annotating your entities with one of these annotations: org.springframework.data.redis.core.RedisHash (preferred), or consider extending one of the following types with your repository: org.springframework.data.keyvalue.repository.KeyValueRepository
2026-05-25 17:41:47,374 [main] INFO  o.s.d.r.c.RepositoryConfigurationExtensionSupport  - Spring Data Redis - Could not safely identify store assignment for repository candidate interface cn.edu.sdu.java.server.repositorys.UserRepository; If you want this repository to be a Redis repository, consider annotating your entities with one of these annotations: org.springframework.data.redis.core.RedisHash (preferred), or consider extending one of the following types with your repository: org.springframework.data.keyvalue.repository.KeyValueRepository
2026-05-25 17:41:47,374 [main] INFO  o.s.d.r.c.RepositoryConfigurationExtensionSupport  - Spring Data Redis - Could not safely identify store assignment for repository candidate interface cn.edu.sdu.java.server.repositorys.UserTypeRepository; If you want this repository to be a Redis repository, consider annotating your entities with one of these annotations: org.springframework.data.redis.core.RedisHash (preferred), or consider extending one of the following types with your repository: org.springframework.data.keyvalue.repository.KeyValueRepository
2026-05-25 17:41:47,374 [main] INFO  o.s.d.r.c.RepositoryConfigurationExtensionSupport  - Spring Data Redis - Could not safely identify store assignment for repository candidate interface cn.edu.sdu.java.server.repositorys.WebsiteRepository; If you want this repository to be a Redis repository, consider annotating your entities with one of these annotations: org.springframework.data.redis.core.RedisHash (preferred), or consider extending one of the following types with your repository: org.springframework.data.keyvalue.repository.KeyValueRepository
2026-05-25 17:41:47,374 [main] INFO  o.s.d.r.c.RepositoryConfigurationDelegate          - Finished Spring Data repository scanning in 7 ms. Found 0 Redis repository interfaces.
2026-05-25 17:41:47,757 [main] INFO  o.s.b.w.embedded.tomcat.TomcatWebServer            - Tomcat initialized with port 22224 (http)
2026-05-25 17:41:47,766 [main] INFO  o.apache.coyote.http11.Http11NioProtocol           - Initializing ProtocolHandler ["http-nio-22224"]
2026-05-25 17:41:47,767 [main] INFO  o.apache.catalina.core.StandardService             - Starting service [Tomcat]
2026-05-25 17:41:47,767 [main] INFO  org.apache.catalina.core.StandardEngine            - Starting Servlet engine: [Apache Tomcat/10.1.34]
2026-05-25 17:41:47,806 [main] INFO  o.a.c.c.C.[Tomcat].[localhost].[/]                 - Initializing Spring embedded WebApplicationContext
2026-05-25 17:41:47,806 [main] INFO  o.s.b.w.s.c.ServletWebServerApplicationContext     - Root WebApplicationContext: initialization completed in 1090 ms
2026-05-25 17:41:47,866 [main] INFO  com.zaxxer.hikari.HikariDataSource                 - HikariPool-1 - Starting...
2026-05-25 17:41:52,582 [main] INFO  com.zaxxer.hikari.pool.HikariPool                  - HikariPool-1 - Added connection com.mysql.cj.jdbc.ConnectionImpl@6e321d9d
2026-05-25 17:41:52,583 [main] INFO  com.zaxxer.hikari.HikariDataSource                 - HikariPool-1 - Start completed.
2026-05-25 17:41:52,618 [main] INFO  o.hibernate.jpa.internal.util.LogHelper            - HHH000204: Processing PersistenceUnitInfo [name: default]
2026-05-25 17:41:52,659 [main] INFO  org.hibernate.Version                              - HHH000412: Hibernate ORM core version 6.6.5.Final
2026-05-25 17:41:52,680 [main] INFO  o.h.c.internal.RegionFactoryInitiator              - HHH000026: Second-level cache disabled
2026-05-25 17:41:52,842 [main] INFO  o.s.o.j.p.SpringPersistenceUnitInfo                - No LoadTimeWeaver setup: ignoring JPA class transformer
2026-05-25 17:41:52,915 [main] INFO  org.hibernate.orm.connections.pooling              - HHH10001005: Database info:
	Database JDBC URL [Connecting through datasource 'HikariDataSource (HikariPool-1)']
	Database driver: undefined/unknown
	Database version: 8.0.35
	Autocommit mode: undefined/unknown
	Isolation level: undefined/unknown
	Minimum pool size: undefined/unknown
	Maximum pool size: undefined/unknown
2026-05-25 17:41:53,566 [main] INFO  o.h.e.t.j.p.i.JtaPlatformInitiator                 - HHH000489: No JTA platform available (set 'hibernate.transaction.jta.platform' to enable JTA platform integration)
2026-05-25 17:41:53,567 [main] INFO  o.s.o.j.LocalContainerEntityManagerFactoryBean     - Initialized JPA EntityManagerFactory for persistence unit 'default'
2026-05-25 17:41:53,729 [main] INFO  o.s.d.j.r.query.QueryEnhancerFactory               - Hibernate is in classpath; If applicable, HQL parser will be used.
2026-05-25 17:41:54,119 [main] WARN  o.s.b.a.o.j.JpaBaseConfiguration$JpaWebConfiguration - spring.jpa.open-in-view is enabled by default. Therefore, database queries may be performed during view rendering. Explicitly configure spring.jpa.open-in-view to disable this warning
2026-05-25 17:41:54,288 [main] INFO  o.s.s.c.a.a.c.InitializeAuthenticationProviderBeanManagerConfigurer$InitializeAuthenticationProviderManagerConfigurer - Global AuthenticationManager configured with AuthenticationProvider bean with name authenticationProvider
2026-05-25 17:41:54,289 [main] WARN  o.s.s.c.a.a.c.InitializeUserDetailsBeanManagerConfigurer$InitializeUserDetailsManagerConfigurer - Global AuthenticationManager configured with an AuthenticationProvider bean. UserDetailsService beans will not be used by Spring Security for automatically configuring username/password login. Consider removing the AuthenticationProvider bean. Alternatively, consider using the UserDetailsService in a manually instantiated DaoAuthenticationProvider. If the current configuration is intentional, to turn off this warning, increase the logging level of 'org.springframework.security.config.annotation.authentication.configuration.InitializeUserDetailsBeanManagerConfigurer' to ERROR
2026-05-25 17:41:54,813 [main] INFO  o.s.b.a.w.s.WelcomePageHandlerMapping              - Adding welcome page: class path resource [public/index.html]
2026-05-25 17:41:55,232 [main] INFO  o.apache.coyote.http11.Http11NioProtocol           - Starting ProtocolHandler ["http-nio-22224"]
2026-05-25 17:41:55,255 [main] INFO  o.s.b.w.embedded.tomcat.TomcatWebServer            - Tomcat started on port 22224 (http) with context path '/'
2026-05-25 17:41:55,262 [main] INFO  c.e.s.java.server.JavaServerApplication            - Started JavaServerApplication in 8.96 seconds (process running for 9.518)
2026-05-25 17:41:55,264 [main] INFO  c.e.s.j.server.SystemApplicationListener           - org.springframework.boot.context.event.ApplicationReadyEvent[source=org.springframework.boot.SpringApplication@51145fdc]
2026-05-25 17:41:55,264 [main] INFO  c.e.s.j.server.SystemApplicationListener           - SystemInitStart
2026-05-25 17:41:55,404 [main] INFO  c.e.s.j.server.SystemApplicationListener           - systemInitEnd
2026-05-25 17:41:56,544 [http-nio-22224-exec-1] INFO  o.a.c.c.C.[Tomcat].[localhost].[/]                 - Initializing Spring DispatcherServlet 'dispatcherServlet'
2026-05-25 17:41:56,544 [http-nio-22224-exec-1] INFO  o.s.web.servlet.DispatcherServlet                  - Initializing Servlet 'dispatcherServlet'
2026-05-25 17:41:56,545 [http-nio-22224-exec-1] INFO  o.s.web.servlet.DispatcherServlet                  - Completed initialization in 0 ms
2026-05-25 17:41:57,008 [http-nio-22224-exec-2] INFO  c.e.s.j.s.c.JwtAuthenticationFilter                - /api/base/getDataBaseUserName,2022030001,2026-05-25 17:41:56,0.039
2026-05-25 17:41:57,105 [http-nio-22224-exec-5] INFO  c.e.s.j.s.c.JwtAuthenticationFilter                - /api/base/getMenuList,2022030001,2026-05-25 17:41:57,0.092
2026-05-25 17:42:00,188 [http-nio-22224-exec-3] INFO  c.e.s.j.s.c.JwtAuthenticationFilter                - /api/website/getWebsites,2022030001,2026-05-25 17:42:00,0.067
2026-05-25 17:43:03,313 [http-nio-22224-exec-8] INFO  c.e.s.j.s.c.JwtAuthenticationFilter                - /api/base/getDataBaseUserName,2022030001,2026-05-25 17:43:03,0.036
2026-05-25 17:43:03,435 [http-nio-22224-exec-1] INFO  c.e.s.j.s.c.JwtAuthenticationFilter                - /api/base/getMenuList,2022030001,2026-05-25 17:43:03,0.117
2026-05-25 17:43:05,498 [http-nio-22224-exec-2] INFO  c.e.s.j.s.c.JwtAuthenticationFilter                - /api/website/getWebsites,2022030001,2026-05-25 17:43:05,0.041
2026-05-25 18:16:58,124 [SpringApplicationShutdownHook] INFO  o.s.b.w.embedded.tomcat.GracefulShutdown           - Commencing graceful shutdown. Waiting for active requests to complete
2026-05-25 18:16:58,128 [tomcat-shutdown] INFO  o.s.b.w.embedded.tomcat.GracefulShutdown           - Graceful shutdown complete
2026-05-25 18:16:58,144 [SpringApplicationShutdownHook] INFO  o.s.o.j.LocalContainerEntityManagerFactoryBean     - Closing JPA EntityManagerFactory for persistence unit 'default'
2026-05-25 18:16:58,145 [SpringApplicationShutdownHook] INFO  com.zaxxer.hikari.HikariDataSource                 - HikariPool-1 - Shutdown initiated...
2026-05-25 18:16:58,146 [SpringApplicationShutdownHook] INFO  com.zaxxer.hikari.HikariDataSource                 - HikariPool-1 - Shutdown completed.
2026-05-25 22:17:11,592 [background-preinit] INFO  o.h.validator.internal.util.Version                - HV000001: Hibernate Validator 8.0.2.Final
2026-05-25 22:17:11,625 [main] INFO  c.e.s.java.server.JavaServerApplication            - Starting JavaServerApplication using Java 21.0.10 with PID 524 (E:\Programming\project\teamX-student-management\java-server\target\classes started by hp in E:\Programming\project\teamX-student-management\java-server)
2026-05-25 22:17:11,626 [main] INFO  c.e.s.java.server.JavaServerApplication            - No active profile set, falling back to 1 default profile: "default"
2026-05-25 22:17:12,097 [main] INFO  o.s.d.r.c.RepositoryConfigurationDelegate          - Multiple Spring Data modules found, entering strict repository configuration mode
2026-05-25 22:17:12,097 [main] INFO  o.s.d.r.c.RepositoryConfigurationDelegate          - Bootstrapping Spring Data JPA repositories in DEFAULT mode.
2026-05-25 22:17:12,209 [main] INFO  o.s.d.r.c.RepositoryConfigurationDelegate          - Finished Spring Data repository scanning in 107 ms. Found 19 JPA repository interfaces.
2026-05-25 22:17:12,221 [main] INFO  o.s.d.r.c.RepositoryConfigurationDelegate          - Multiple Spring Data modules found, entering strict repository configuration mode
2026-05-25 22:17:12,222 [main] INFO  o.s.d.r.c.RepositoryConfigurationDelegate          - Bootstrapping Spring Data Redis repositories in DEFAULT mode.
2026-05-25 22:17:12,232 [main] INFO  o.s.d.r.c.RepositoryConfigurationExtensionSupport  - Spring Data Redis - Could not safely identify store assignment for repository candidate interface cn.edu.sdu.java.server.repositorys.CourseRepository; If you want this repository to be a Redis repository, consider annotating your entities with one of these annotations: org.springframework.data.redis.core.RedisHash (preferred), or consider extending one of the following types with your repository: org.springframework.data.keyvalue.repository.KeyValueRepository
2026-05-25 22:17:12,232 [main] INFO  o.s.d.r.c.RepositoryConfigurationExtensionSupport  - Spring Data Redis - Could not safely identify store assignment for repository candidate interface cn.edu.sdu.java.server.repositorys.DictionaryInfoRepository; If you want this repository to be a Redis repository, consider annotating your entities with one of these annotations: org.springframework.data.redis.core.RedisHash (preferred), or consider extending one of the following types with your repository: org.springframework.data.keyvalue.repository.KeyValueRepository
2026-05-25 22:17:12,232 [main] INFO  o.s.d.r.c.RepositoryConfigurationExtensionSupport  - Spring Data Redis - Could not safely identify store assignment for repository candidate interface cn.edu.sdu.java.server.repositorys.FamilyMemberRepository; If you want this repository to be a Redis repository, consider annotating your entities with one of these annotations: org.springframework.data.redis.core.RedisHash (preferred), or consider extending one of the following types with your repository: org.springframework.data.keyvalue.repository.KeyValueRepository
2026-05-25 22:17:12,232 [main] INFO  o.s.d.r.c.RepositoryConfigurationExtensionSupport  - Spring Data Redis - Could not safely identify store assignment for repository candidate interface cn.edu.sdu.java.server.repositorys.FeeRepository; If you want this repository to be a Redis repository, consider annotating your entities with one of these annotations: org.springframework.data.redis.core.RedisHash (preferred), or consider extending one of the following types with your repository: org.springframework.data.keyvalue.repository.KeyValueRepository
2026-05-25 22:17:12,232 [main] INFO  o.s.d.r.c.RepositoryConfigurationExtensionSupport  - Spring Data Redis - Could not safely identify store assignment for repository candidate interface cn.edu.sdu.java.server.repositorys.HomeworkRepository; If you want this repository to be a Redis repository, consider annotating your entities with one of these annotations: org.springframework.data.redis.core.RedisHash (preferred), or consider extending one of the following types with your repository: org.springframework.data.keyvalue.repository.KeyValueRepository
2026-05-25 22:17:12,232 [main] INFO  o.s.d.r.c.RepositoryConfigurationExtensionSupport  - Spring Data Redis - Could not safely identify store assignment for repository candidate interface cn.edu.sdu.java.server.repositorys.MenuInfoRepository; If you want this repository to be a Redis repository, consider annotating your entities with one of these annotations: org.springframework.data.redis.core.RedisHash (preferred), or consider extending one of the following types with your repository: org.springframework.data.keyvalue.repository.KeyValueRepository
2026-05-25 22:17:12,232 [main] INFO  o.s.d.r.c.RepositoryConfigurationExtensionSupport  - Spring Data Redis - Could not safely identify store assignment for repository candidate interface cn.edu.sdu.java.server.repositorys.ModifyLogRepository; If you want this repository to be a Redis repository, consider annotating your entities with one of these annotations: org.springframework.data.redis.core.RedisHash (preferred), or consider extending one of the following types with your repository: org.springframework.data.keyvalue.repository.KeyValueRepository
2026-05-25 22:17:12,233 [main] INFO  o.s.d.r.c.RepositoryConfigurationExtensionSupport  - Spring Data Redis - Could not safely identify store assignment for repository candidate interface cn.edu.sdu.java.server.repositorys.PersonRepository; If you want this repository to be a Redis repository, consider annotating your entities with one of these annotations: org.springframework.data.redis.core.RedisHash (preferred), or consider extending one of the following types with your repository: org.springframework.data.keyvalue.repository.KeyValueRepository
2026-05-25 22:17:12,233 [main] INFO  o.s.d.r.c.RepositoryConfigurationExtensionSupport  - Spring Data Redis - Could not safely identify store assignment for repository candidate interface cn.edu.sdu.java.server.repositorys.ScoreRepository; If you want this repository to be a Redis repository, consider annotating your entities with one of these annotations: org.springframework.data.redis.core.RedisHash (preferred), or consider extending one of the following types with your repository: org.springframework.data.keyvalue.repository.KeyValueRepository
2026-05-25 22:17:12,233 [main] INFO  o.s.d.r.c.RepositoryConfigurationExtensionSupport  - Spring Data Redis - Could not safely identify store assignment for repository candidate interface cn.edu.sdu.java.server.repositorys.StatisticsDayRepository; If you want this repository to be a Redis repository, consider annotating your entities with one of these annotations: org.springframework.data.redis.core.RedisHash (preferred), or consider extending one of the following types with your repository: org.springframework.data.keyvalue.repository.KeyValueRepository
2026-05-25 22:17:12,233 [main] INFO  o.s.d.r.c.RepositoryConfigurationExtensionSupport  - Spring Data Redis - Could not safely identify store assignment for repository candidate interface cn.edu.sdu.java.server.repositorys.StudentCourseRepository; If you want this repository to be a Redis repository, consider annotating your entities with one of these annotations: org.springframework.data.redis.core.RedisHash (preferred), or consider extending one of the following types with your repository: org.springframework.data.keyvalue.repository.KeyValueRepository
2026-05-25 22:17:12,233 [main] INFO  o.s.d.r.c.RepositoryConfigurationExtensionSupport  - Spring Data Redis - Could not safely identify store assignment for repository candidate interface cn.edu.sdu.java.server.repositorys.StudentLeaveRepository; If you want this repository to be a Redis repository, consider annotating your entities with one of these annotations: org.springframework.data.redis.core.RedisHash (preferred), or consider extending one of the following types with your repository: org.springframework.data.keyvalue.repository.KeyValueRepository
2026-05-25 22:17:12,233 [main] INFO  o.s.d.r.c.RepositoryConfigurationExtensionSupport  - Spring Data Redis - Could not safely identify store assignment for repository candidate interface cn.edu.sdu.java.server.repositorys.StudentRepository; If you want this repository to be a Redis repository, consider annotating your entities with one of these annotations: org.springframework.data.redis.core.RedisHash (preferred), or consider extending one of the following types with your repository: org.springframework.data.keyvalue.repository.KeyValueRepository
2026-05-25 22:17:12,233 [main] INFO  o.s.d.r.c.RepositoryConfigurationExtensionSupport  - Spring Data Redis - Could not safely identify store assignment for repository candidate interface cn.edu.sdu.java.server.repositorys.StudentStatisticsRepository; If you want this repository to be a Redis repository, consider annotating your entities with one of these annotations: org.springframework.data.redis.core.RedisHash (preferred), or consider extending one of the following types with your repository: org.springframework.data.keyvalue.repository.KeyValueRepository
2026-05-25 22:17:12,234 [main] INFO  o.s.d.r.c.RepositoryConfigurationExtensionSupport  - Spring Data Redis - Could not safely identify store assignment for repository candidate interface cn.edu.sdu.java.server.repositorys.SystemInfoRepository; If you want this repository to be a Redis repository, consider annotating your entities with one of these annotations: org.springframework.data.redis.core.RedisHash (preferred), or consider extending one of the following types with your repository: org.springframework.data.keyvalue.repository.KeyValueRepository
2026-05-25 22:17:12,234 [main] INFO  o.s.d.r.c.RepositoryConfigurationExtensionSupport  - Spring Data Redis - Could not safely identify store assignment for repository candidate interface cn.edu.sdu.java.server.repositorys.TeacherRepository; If you want this repository to be a Redis repository, consider annotating your entities with one of these annotations: org.springframework.data.redis.core.RedisHash (preferred), or consider extending one of the following types with your repository: org.springframework.data.keyvalue.repository.KeyValueRepository
2026-05-25 22:17:12,234 [main] INFO  o.s.d.r.c.RepositoryConfigurationExtensionSupport  - Spring Data Redis - Could not safely identify store assignment for repository candidate interface cn.edu.sdu.java.server.repositorys.UserRepository; If you want this repository to be a Redis repository, consider annotating your entities with one of these annotations: org.springframework.data.redis.core.RedisHash (preferred), or consider extending one of the following types with your repository: org.springframework.data.keyvalue.repository.KeyValueRepository
2026-05-25 22:17:12,234 [main] INFO  o.s.d.r.c.RepositoryConfigurationExtensionSupport  - Spring Data Redis - Could not safely identify store assignment for repository candidate interface cn.edu.sdu.java.server.repositorys.UserTypeRepository; If you want this repository to be a Redis repository, consider annotating your entities with one of these annotations: org.springframework.data.redis.core.RedisHash (preferred), or consider extending one of the following types with your repository: org.springframework.data.keyvalue.repository.KeyValueRepository
2026-05-25 22:17:12,234 [main] INFO  o.s.d.r.c.RepositoryConfigurationExtensionSupport  - Spring Data Redis - Could not safely identify store assignment for repository candidate interface cn.edu.sdu.java.server.repositorys.WebsiteRepository; If you want this repository to be a Redis repository, consider annotating your entities with one of these annotations: org.springframework.data.redis.core.RedisHash (preferred), or consider extending one of the following types with your repository: org.springframework.data.keyvalue.repository.KeyValueRepository
2026-05-25 22:17:12,234 [main] INFO  o.s.d.r.c.RepositoryConfigurationDelegate          - Finished Spring Data repository scanning in 5 ms. Found 0 Redis repository interfaces.
2026-05-25 22:17:12,561 [main] INFO  o.s.b.w.embedded.tomcat.TomcatWebServer            - Tomcat initialized with port 22224 (http)
2026-05-25 22:17:12,570 [main] INFO  o.apache.coyote.http11.Http11NioProtocol           - Initializing ProtocolHandler ["http-nio-22224"]
2026-05-25 22:17:12,570 [main] INFO  o.apache.catalina.core.StandardService             - Starting service [Tomcat]
2026-05-25 22:17:12,570 [main] INFO  org.apache.catalina.core.StandardEngine            - Starting Servlet engine: [Apache Tomcat/10.1.34]
2026-05-25 22:17:12,602 [main] INFO  o.a.c.c.C.[Tomcat].[localhost].[/]                 - Initializing Spring embedded WebApplicationContext
2026-05-25 22:17:12,602 [main] INFO  o.s.b.w.s.c.ServletWebServerApplicationContext     - Root WebApplicationContext: initialization completed in 952 ms
2026-05-25 22:17:12,654 [main] INFO  com.zaxxer.hikari.HikariDataSource                 - HikariPool-1 - Starting...
2026-05-25 22:17:17,271 [main] INFO  com.zaxxer.hikari.pool.HikariPool                  - HikariPool-1 - Added connection com.mysql.cj.jdbc.ConnectionImpl@3ea75b05
2026-05-25 22:17:17,272 [main] INFO  com.zaxxer.hikari.HikariDataSource                 - HikariPool-1 - Start completed.
2026-05-25 22:17:17,311 [main] INFO  o.hibernate.jpa.internal.util.LogHelper            - HHH000204: Processing PersistenceUnitInfo [name: default]
2026-05-25 22:17:17,361 [main] INFO  org.hibernate.Version                              - HHH000412: Hibernate ORM core version 6.6.5.Final
2026-05-25 22:17:17,392 [main] INFO  o.h.c.internal.RegionFactoryInitiator              - HHH000026: Second-level cache disabled
2026-05-25 22:17:17,612 [main] INFO  o.s.o.j.p.SpringPersistenceUnitInfo                - No LoadTimeWeaver setup: ignoring JPA class transformer
2026-05-25 22:17:17,706 [main] INFO  org.hibernate.orm.connections.pooling              - HHH10001005: Database info:
	Database JDBC URL [Connecting through datasource 'HikariDataSource (HikariPool-1)']
	Database driver: undefined/unknown
	Database version: 8.0.35
	Autocommit mode: undefined/unknown
	Isolation level: undefined/unknown
	Minimum pool size: undefined/unknown
	Maximum pool size: undefined/unknown
2026-05-25 22:17:18,473 [main] INFO  o.h.e.t.j.p.i.JtaPlatformInitiator                 - HHH000489: No JTA platform available (set 'hibernate.transaction.jta.platform' to enable JTA platform integration)
2026-05-25 22:17:18,476 [main] INFO  o.s.o.j.LocalContainerEntityManagerFactoryBean     - Initialized JPA EntityManagerFactory for persistence unit 'default'
2026-05-25 22:17:18,644 [main] INFO  o.s.d.j.r.query.QueryEnhancerFactory               - Hibernate is in classpath; If applicable, HQL parser will be used.
2026-05-25 22:17:19,042 [main] WARN  o.s.b.a.o.j.JpaBaseConfiguration$JpaWebConfiguration - spring.jpa.open-in-view is enabled by default. Therefore, database queries may be performed during view rendering. Explicitly configure spring.jpa.open-in-view to disable this warning
2026-05-25 22:17:19,206 [main] INFO  o.s.s.c.a.a.c.InitializeAuthenticationProviderBeanManagerConfigurer$InitializeAuthenticationProviderManagerConfigurer - Global AuthenticationManager configured with AuthenticationProvider bean with name authenticationProvider
2026-05-25 22:17:19,206 [main] WARN  o.s.s.c.a.a.c.InitializeUserDetailsBeanManagerConfigurer$InitializeUserDetailsManagerConfigurer - Global AuthenticationManager configured with an AuthenticationProvider bean. UserDetailsService beans will not be used by Spring Security for automatically configuring username/password login. Consider removing the AuthenticationProvider bean. Alternatively, consider using the UserDetailsService in a manually instantiated DaoAuthenticationProvider. If the current configuration is intentional, to turn off this warning, increase the logging level of 'org.springframework.security.config.annotation.authentication.configuration.InitializeUserDetailsBeanManagerConfigurer' to ERROR
2026-05-25 22:17:19,681 [main] INFO  o.s.b.a.w.s.WelcomePageHandlerMapping              - Adding welcome page: class path resource [public/index.html]
2026-05-25 22:17:20,045 [main] INFO  o.apache.coyote.http11.Http11NioProtocol           - Starting ProtocolHandler ["http-nio-22224"]
2026-05-25 22:17:20,053 [main] INFO  o.s.b.w.embedded.tomcat.TomcatWebServer            - Tomcat started on port 22224 (http) with context path '/'
2026-05-25 22:17:20,057 [main] INFO  c.e.s.java.server.JavaServerApplication            - Started JavaServerApplication in 8.803 seconds (process running for 9.372)
2026-05-25 22:17:20,058 [main] INFO  c.e.s.j.server.SystemApplicationListener           - org.springframework.boot.context.event.ApplicationReadyEvent[source=org.springframework.boot.SpringApplication@3cf3a09e]
2026-05-25 22:17:20,059 [main] INFO  c.e.s.j.server.SystemApplicationListener           - SystemInitStart
2026-05-25 22:17:20,163 [main] INFO  c.e.s.j.server.SystemApplicationListener           - systemInitEnd
2026-05-25 22:17:20,672 [http-nio-22224-exec-1] INFO  o.a.c.c.C.[Tomcat].[localhost].[/]                 - Initializing Spring DispatcherServlet 'dispatcherServlet'
2026-05-25 22:17:20,672 [http-nio-22224-exec-1] INFO  o.s.web.servlet.DispatcherServlet                  - Initializing Servlet 'dispatcherServlet'
2026-05-25 22:17:20,672 [http-nio-22224-exec-1] INFO  o.s.web.servlet.DispatcherServlet                  - Completed initialization in 0 ms
2026-05-25 22:17:21,088 [http-nio-22224-exec-5] INFO  c.e.s.j.s.c.JwtAuthenticationFilter                - /api/base/getDataBaseUserName,admin,2026-05-25 22:17:21,0.035
2026-05-25 22:17:21,197 [http-nio-22224-exec-3] INFO  c.e.s.j.s.c.JwtAuthenticationFilter                - /api/base/getMenuList,admin,2026-05-25 22:17:21,0.104
2026-05-25 22:17:46,630 [http-nio-22224-exec-4] INFO  c.e.s.j.s.c.JwtAuthenticationFilter                - /api/base/getMenuTreeNodeList,admin,2026-05-25 22:17:46,0.152
2026-05-25 22:18:31,662 [http-nio-22224-exec-9] INFO  c.e.s.j.s.c.JwtAuthenticationFilter                - /api/base/menuSave,admin,2026-05-25 22:18:31,0.147
2026-05-25 22:18:44,579 [http-nio-22224-exec-5] INFO  c.e.s.j.s.c.JwtAuthenticationFilter                - /api/base/getDataBaseUserName,admin,2026-05-25 22:18:44,0.02
2026-05-25 22:18:44,667 [http-nio-22224-exec-3] INFO  c.e.s.j.s.c.JwtAuthenticationFilter                - /api/base/getMenuList,admin,2026-05-25 22:18:44,0.083
2026-05-25 22:18:46,872 [http-nio-22224-exec-4] INFO  c.e.s.j.s.c.JwtAuthenticationFilter                - /api/website/getWebsites,admin,2026-05-25 22:18:46,0.035
2026-05-25 22:24:08,450 [http-nio-22224-exec-10] INFO  c.e.s.j.s.c.JwtAuthenticationFilter                - /api/base/getDataBaseUserName,admin,2026-05-25 22:24:08,0.017
2026-05-25 22:24:08,551 [http-nio-22224-exec-1] INFO  c.e.s.j.s.c.JwtAuthenticationFilter                - /api/base/getMenuList,admin,2026-05-25 22:24:08,0.096
2026-05-25 22:24:13,332 [http-nio-22224-exec-5] INFO  c.e.s.j.s.c.JwtAuthenticationFilter                - /api/website/getWebsites,admin,2026-05-25 22:24:13,0.043
2026-05-25 22:25:21,927 [http-nio-22224-exec-8] INFO  c.e.s.j.s.c.JwtAuthenticationFilter                - /api/base/getDataBaseUserName,admin,2026-05-25 22:25:21,0.022
2026-05-25 22:25:22,083 [http-nio-22224-exec-9] INFO  c.e.s.j.s.c.JwtAuthenticationFilter                - /api/base/getMenuList,admin,2026-05-25 22:25:21,0.152
2026-05-25 22:25:25,413 [http-nio-22224-exec-10] INFO  c.e.s.j.s.c.JwtAuthenticationFilter                - /api/website/getWebsites,admin,2026-05-25 22:25:25,0.043
2026-05-25 22:25:39,200 [http-nio-22224-exec-3] INFO  c.e.s.j.s.c.JwtAuthenticationFilter                - /api/website/getWebsites,admin,2026-05-25 22:25:39,0.034
2026-05-25 22:28:58,540 [http-nio-22224-exec-8] INFO  c.e.s.j.s.c.JwtAuthenticationFilter                - /api/base/getDataBaseUserName,admin,2026-05-25 22:28:58,0.02
2026-05-25 22:28:58,701 [http-nio-22224-exec-9] INFO  c.e.s.j.s.c.JwtAuthenticationFilter                - /api/base/getMenuList,admin,2026-05-25 22:28:58,0.157
2026-05-25 22:29:01,383 [http-nio-22224-exec-10] INFO  c.e.s.j.s.c.JwtAuthenticationFilter                - /api/website/getWebsites,admin,2026-05-25 22:29:01,0.068
2026-05-25 22:29:07,987 [http-nio-22224-exec-3] INFO  c.e.s.j.s.c.JwtAuthenticationFilter                - /api/website/getWebsites,admin,2026-05-25 22:29:07,0.038
2026-05-25 22:29:26,152 [http-nio-22224-exec-4] INFO  c.e.s.j.s.c.JwtAuthenticationFilter                - /api/website/getWebsites,admin,2026-05-25 22:29:26,0.059
2026-05-25 22:31:26,095 [http-nio-22224-exec-10] INFO  c.e.s.j.s.c.JwtAuthenticationFilter                - /api/base/getDataBaseUserName,admin,2026-05-25 22:31:26,0.019
2026-05-25 22:31:26,180 [http-nio-22224-exec-1] INFO  c.e.s.j.s.c.JwtAuthenticationFilter                - /api/base/getMenuList,admin,2026-05-25 22:31:26,0.079
2026-05-25 22:31:29,787 [http-nio-22224-exec-6] INFO  c.e.s.j.s.c.JwtAuthenticationFilter                - /api/website/getWebsites,admin,2026-05-25 22:31:29,0.044
2026-05-25 22:31:32,779 [http-nio-22224-exec-7] INFO  c.e.s.j.s.c.JwtAuthenticationFilter                - /api/website/getWebsites,admin,2026-05-25 22:31:32,0.035
2026-05-25 22:40:20,360 [http-nio-22224-exec-10] INFO  c.e.s.j.s.c.JwtAuthenticationFilter                - /api/base/getDataBaseUserName,admin,2026-05-25 22:40:20,0.019
2026-05-25 22:40:20,461 [http-nio-22224-exec-1] INFO  c.e.s.j.s.c.JwtAuthenticationFilter                - /api/base/getMenuList,admin,2026-05-25 22:40:20,0.097
2026-05-25 22:40:23,318 [http-nio-22224-exec-6] INFO  c.e.s.j.s.c.JwtAuthenticationFilter                - /api/website/getWebsites,admin,2026-05-25 22:40:23,0.038
2026-05-25 22:40:50,497 [http-nio-22224-exec-2] INFO  c.e.s.j.s.c.JwtAuthenticationFilter                - /api/website/getWebsites,admin,2026-05-25 22:40:50,0.036
2026-05-25 22:44:48,446 [http-nio-22224-exec-10] INFO  c.e.s.j.s.c.JwtAuthenticationFilter                - /api/base/getDataBaseUserName,admin,2026-05-25 22:44:48,0.017
2026-05-25 22:44:48,560 [http-nio-22224-exec-1] INFO  c.e.s.j.s.c.JwtAuthenticationFilter                - /api/base/getMenuList,admin,2026-05-25 22:44:48,0.11
2026-05-25 22:44:53,201 [http-nio-22224-exec-6] INFO  c.e.s.j.s.c.JwtAuthenticationFilter                - /api/website/getWebsites,admin,2026-05-25 22:44:53,0.037
2026-05-25 22:49:51,263 [http-nio-22224-exec-2] INFO  c.e.s.j.s.c.JwtAuthenticationFilter                - /api/website/saveWebsite,admin,2026-05-25 22:49:51,0.192
2026-05-25 22:49:51,293 [http-nio-22224-exec-8] INFO  c.e.s.j.s.c.JwtAuthenticationFilter                - /api/website/getWebsites,admin,2026-05-25 22:49:51,0.021
2026-05-25 22:51:28,843 [http-nio-22224-exec-1] INFO  c.e.s.j.s.c.JwtAuthenticationFilter                - /api/website/getWebsites,admin,2026-05-25 22:51:28,0.046
2026-05-25 22:51:56,707 [http-nio-22224-exec-3] INFO  c.e.s.j.s.c.JwtAuthenticationFilter                - /api/base/getDataBaseUserName,admin,2026-05-25 22:51:56,0.018
2026-05-25 22:51:56,791 [http-nio-22224-exec-4] INFO  c.e.s.j.s.c.JwtAuthenticationFilter                - /api/base/getMenuList,admin,2026-05-25 22:51:56,0.079
2026-05-25 22:51:59,446 [http-nio-22224-exec-7] INFO  c.e.s.j.s.c.JwtAuthenticationFilter                - /api/website/getWebsites,admin,2026-05-25 22:51:59,0.034
2026-05-25 22:52:03,105 [http-nio-22224-exec-10] INFO  c.e.s.j.s.c.JwtAuthenticationFilter                - /api/website/getWebsites,admin,2026-05-25 22:52:03,0.03
2026-05-25 22:52:24,659 [http-nio-22224-exec-3] INFO  c.e.s.j.s.c.JwtAuthenticationFilter                - /api/base/getDataBaseUserName,admin,2026-05-25 22:52:24,0.034
2026-05-25 22:52:24,842 [http-nio-22224-exec-4] INFO  c.e.s.j.s.c.JwtAuthenticationFilter                - /api/base/getMenuList,admin,2026-05-25 22:52:24,0.178
2026-05-25 22:52:27,415 [http-nio-22224-exec-7] INFO  c.e.s.j.s.c.JwtAuthenticationFilter                - /api/website/getWebsites,admin,2026-05-25 22:52:27,0.042
2026-05-25 22:52:31,063 [http-nio-22224-exec-10] INFO  c.e.s.j.s.c.JwtAuthenticationFilter                - /api/website/getWebsites,admin,2026-05-25 22:52:31,0.026
2026-05-25 22:52:42,215 [http-nio-22224-exec-1] INFO  c.e.s.j.s.c.JwtAuthenticationFilter                - /api/website/getWebsites,admin,2026-05-25 22:52:42,0.056
2026-05-25 22:52:46,379 [http-nio-22224-exec-6] INFO  c.e.s.j.s.c.JwtAuthenticationFilter                - /api/website/getWebsites,admin,2026-05-25 22:52:46,0.056
2026-05-25 22:52:49,348 [http-nio-22224-exec-5] INFO  c.e.s.j.s.c.JwtAuthenticationFilter                - /api/website/getWebsites,admin,2026-05-25 22:52:49,0.05
2026-05-25 22:52:50,805 [http-nio-22224-exec-3] INFO  c.e.s.j.s.c.JwtAuthenticationFilter                - /api/website/getWebsites,admin,2026-05-25 22:52:50,0.048
2026-05-25 22:52:59,157 [http-nio-22224-exec-1] INFO  c.e.s.j.s.c.JwtAuthenticationFilter                - /api/website/getWebsites,admin,2026-05-25 22:52:59,0.058
2026-05-25 22:53:15,535 [http-nio-22224-exec-6] INFO  c.e.s.j.s.c.JwtAuthenticationFilter                - /api/website/getWebsites,admin,2026-05-25 22:53:15,0.032
2026-05-25 22:53:20,070 [http-nio-22224-exec-2] INFO  c.e.s.j.s.c.JwtAuthenticationFilter                - /api/base/getDataBaseUserName,2022030001,2026-05-25 22:53:20,0.019
2026-05-25 22:53:20,140 [http-nio-22224-exec-4] INFO  c.e.s.j.s.c.JwtAuthenticationFilter                - /api/base/getMenuList,2022030001,2026-05-25 22:53:20,0.065
2026-05-25 22:53:25,099 [http-nio-22224-exec-8] INFO  c.e.s.j.s.c.JwtAuthenticationFilter                - /api/website/getWebsites,2022030001,2026-05-25 22:53:25,0.033
2026-05-25 22:53:48,032 [http-nio-22224-exec-5] INFO  c.e.s.j.s.c.JwtAuthenticationFilter                - /api/base/getDataBaseUserName,2022030001,2026-05-25 22:53:48,0.029
2026-05-25 22:53:48,176 [http-nio-22224-exec-7] INFO  c.e.s.j.s.c.JwtAuthenticationFilter                - /api/base/getMenuList,2022030001,2026-05-25 22:53:48,0.137
2026-05-25 22:53:52,475 [http-nio-22224-exec-2] INFO  c.e.s.j.s.c.JwtAuthenticationFilter                - /api/website/getWebsites,2022030001,2026-05-25 22:53:52,0.057
2026-05-25 22:56:26,850 [http-nio-22224-exec-6] INFO  c.e.s.j.s.c.JwtAuthenticationFilter                - /api/base/getDataBaseUserName,2022030001,2026-05-25 22:56:26,0.016
2026-05-25 22:56:26,921 [http-nio-22224-exec-3] INFO  c.e.s.j.s.c.JwtAuthenticationFilter                - /api/base/getMenuList,2022030001,2026-05-25 22:56:26,0.066
2026-05-25 22:56:30,381 [http-nio-22224-exec-5] INFO  c.e.s.j.s.c.JwtAuthenticationFilter                - /api/website/getWebsites,2022030001,2026-05-25 22:56:30,0.037
2026-05-25 22:56:48,801 [http-nio-22224-exec-9] INFO  c.e.s.j.s.c.JwtAuthenticationFilter                - /api/base/getDataBaseUserName,2022030001,2026-05-25 22:56:48,0.017
2026-05-25 22:56:48,872 [http-nio-22224-exec-1] INFO  c.e.s.j.s.c.JwtAuthenticationFilter                - /api/base/getMenuList,2022030001,2026-05-25 22:56:48,0.066
2026-05-25 22:56:53,074 [http-nio-22224-exec-6] INFO  c.e.s.j.s.c.JwtAuthenticationFilter                - /api/website/getWebsites,2022030001,2026-05-25 22:56:53,0.036
2026-05-25 23:25:31,557 [SpringApplicationShutdownHook] INFO  o.s.b.w.embedded.tomcat.GracefulShutdown           - Commencing graceful shutdown. Waiting for active requests to complete
2026-05-25 23:25:31,561 [tomcat-shutdown] INFO  o.s.b.w.embedded.tomcat.GracefulShutdown           - Graceful shutdown complete
2026-05-25 23:25:31,576 [SpringApplicationShutdownHook] INFO  o.s.o.j.LocalContainerEntityManagerFactoryBean     - Closing JPA EntityManagerFactory for persistence unit 'default'
2026-05-25 23:25:31,577 [SpringApplicationShutdownHook] INFO  com.zaxxer.hikari.HikariDataSource                 - HikariPool-1 - Shutdown initiated...
2026-05-25 23:25:31,578 [SpringApplicationShutdownHook] INFO  com.zaxxer.hikari.HikariDataSource                 - HikariPool-1 - Shutdown completed.
